tree
version=v4
num_class=1
num_tree_per_iteration=1
label_index=0
max_feature_idx=12
objective=regression
feature_names=recency_days frequency_monthly monetary_monthly_spend emi_burden_ratio income_stability_cv balance_volatility balance_min_ratio spending_velocity emi_bounce_count credit_utilization_ratio num_loan_inquiries anomaly_rate_30d recon_error
feature_infos=none none [9450:40250] [0:0.5] [0.10000000000000001:0.29999999999999999] none [0.14999999999999999:0.5] none [0:2] [0.29999999999999999:0.84999999999999998] [0:4] none none
tree_sizes=1172 1220 1218 1217 1214 1215 1210 1212 1213 1213 1214 1215 1213 1213 1217 1214 1214 1218 1221 1222 1222 1223 1228 1231 1226 1227 1228 1229 1223 1232 1235 1229 1233 1233 1229 1231 1232 1229 1229 1237 1237 1239 1240 1236 1237 1236 1233 1241 1238 1240 1233 1239 1240 1243 1244 1240 1237 1242 1236 1238 1244 1240 1252 1254 1254 1256 1255 1254 1255 1259 1260 1261 1262 1263 1267 1258 1262 1260 1267 1265 1267 1263 1266 1266 1272 1275 1273 1273 1278 1276 1275 1277 1279 1279 1280 1281 1282 1281 1276 1282 1282 1283 1283 1284 1283 1284 1286 1289 1293 1292 1293 1290 1297 1300 1296 1303 1304 1301 1303 1301 1301 1305 1301 1299 1303 1304 1306 1304 1309 1311 1311 1309 1308 1309 1306 1309 1311 1311 1313 1313 1315 1311 1316 1312 1315 1315 1313 1314 1313 1308 1313 1317 1313 1311 1314 1313 1314 1314 1317 1315 1312 1317 1316 1317 1311 1321 1318 1317 1316 1320 1317 1315 1319 1322 1321 1322 1316 1319 1320 1319 1318 1320 1320 1317 1318 1322 1320 1319 1319 1323 1321 1316 1323 1324 1322 1324 1323 1316 1321 1320 1319 1319 1323 1320 1321 1320 1320 1325 1323 1322 1323 1320 1320 1322 1320 1324 1322 1322 1320 1323 1319 1324 1322 1325 1323 1324 1324 1326 1325 1320 1324 1319 1322 1323 1324 1324 1324 1326 1322 1323 1321 1324 1324 1320 1322 1323 1322 1323 1325 1325 1322 1322 1324 1324 1320 1323 1324 1328 1325 1326 1321 1323 1322 1325 1319 1323 1321 1321 1323 1320 1323 1325 1326 1325 1323 1326 1327 1323 1326 1326 1325 1328 1325 1327 1323 1328 1323 1326 1328 1325 1321 1327 1330 1325 1327 1327 1327 1322 1325 1328

Tree=0
num_leaves=12
num_cat=0
split_feature=2 3 2 2 2 2 2 2 2 2 2
split_gain=4.38267e+07 1.39771e+06 10590.3 1243.08 121.212 77.0668 46.0012 24.3709 45.2972 16.7006 6.07166
threshold=12425.000000000002 1.0000000180025095e-35 17850.000000000004 29925.000000000004 40075.000000000007 19425.000000000004 16275.000000000002 19425.000000000004 15225 19775.000000000004 9625.0000000000018
decision_type=2 2 2 2 2 2 2 2 2 2 2
left_child=10 7 6 5 -5 -4 -3 8 -2 -9 -1
right_child=1 2 3 4 -6 -7 -8 9 -10 -11 -12
leaf_value=27.980388005047772 24.119379428970891 24.547319075011448 24.588264975687224 24.61065968706172 24.601498935264786 24.580267591775911 24.541955860294173 24.116183179074085 24.124150905944152 24.12077670414476 27.982889903116273
leaf_weight=4864 10019 7956 6061 7160 7285 5989 8037 3978 9878 3937 4836
leaf_count=4864 10019 7956 6061 7160 7285 5989 8037 3978 9878 3937 4836
internal_value=24.8311 24.3964 24.5768 24.5961 24.606 24.5843 24.5446 24.1208 24.1217 24.1185 27.9816
internal_weight=80000 70300 42488 26495 14445 12050 15993 27812 19897 7915 9700
internal_count=80000 70300 42488 26495 14445 12050 15993 27812 19897 7915 9700
is_linear=0
shrinkage=1


Tree=1
num_leaves=12
num_cat=0
split_feature=2 3 3 2 2 2 2 2 2 2 2
split_gain=3.95536e+07 1.26143e+06 9557.73 1121.88 109.394 69.5528 41.5161 21.9948 40.8804 15.0722 5.47955
threshold=12425.000000000002 1.0000000180025095e-35 0.11684782608695651 29925.000000000004 40075.000000000007 19425.000000000004 16275.000000000002 19425.000000000004 15225 19775.000000000004 9625.0000000000018
decision_type=2 2 2 2 2 2 2 2 2 2 2
left_child=10 7 6 5 -5 -4 -3 8 -2 -9 -1
right_child=1 2 3 4 -6 -7 -8 9 -10 -11 -12
leaf_value=2.991834595524951 -0.67612350913989161 -0.26958085794395931 -0.23068225264741016 -0.20940726828694411 -0.21810998280864169 -0.23827976470657242 -0.27467591068730002 -0.67915995771914273 -0.67159062511970058 -0.67479612050960747 2.9942113728046027
leaf_weight=4864 10019 7956 6061 7160 7285 5989 8037 3978 9878 3937 4836
leaf_count=4864 10019 7956 6061 7160 7285 5989 8037 3978 9878 3937 4836
internal_value=-1.36946e-09 -0.412977 -0.241618 -0.223193 -0.213796 -0.234458 -0.272141 -0.67476 -0.673873 -0.676989 2.99302
internal_weight=80000 70300 42488 26495 14445 12050 15993 27812 19897 7915 9700
internal_count=80000 70300 42488 26495 14445 12050 15993 27812 19897 7915 9700
is_linear=0
shrinkage=0.05


Tree=2
num_leaves=12
num_cat=0
split_feature=2 3 2 2 2 2 2 2 2 2 2
split_gain=3.56971e+07 1.13844e+06 8625.85 1012.5 98.7281 62.7713 37.4681 19.8502 36.8951 13.6027 4.94524
threshold=12425.000000000002 1.0000000180025095e-35 17850.000000000004 29925.000000000004 40075.000000000007 19425.000000000004 16275.000000000002 19425.000000000004 15225 19775.000000000004 9625.0000000000018
decision_type=2 2 2 2 2 2 2 2 2 2 2
left_child=10 7 6 5 -5 -4 -3 8 -2 -9 -1
right_child=1 2 3 4 -6 -7 -8 9 -10 -11 -12
leaf_value=2.8422429123207142 -0.64231735813495683 -0.25610181558415324 -0.21914813727181506 -0.19893691039534953 -0.20720448217541365 -0.22636576790816598 -0.26094210888352831 -0.64520195968460359 -0.63801108916633253 -0.64105631280746023 2.8445008381227508
leaf_weight=4864 10019 7956 6061 7160 7285 5989 8037 3978 9878 3937 4836
leaf_count=4864 10019 7956 6061 7160 7285 5989 8037 3978 9878 3937 4836
internal_value=2.25791e-09 -0.392328 -0.229537 -0.212034 -0.203106 -0.222735 -0.258534 -0.641022 -0.640179 -0.64314 2.84337
internal_weight=80000 70300 42488 26495 14445 12050 15993 27812 19897 7915 9700
internal_count=80000 70300 42488 26495 14445 12050 15993 27812 19897 7915 9700
is_linear=0
shrinkage=0.05


Tree=3
num_leaves=12
num_cat=0
split_feature=2 3 2 2 2 2 3 2 2 2 2
split_gain=3.22166e+07 1.02744e+06 7784.83 913.778 89.1025 56.6514 33.8152 17.9148 33.2975 12.2765 4.46313
threshold=12425.000000000002 1.0000000180025095e-35 17850.000000000004 29925.000000000004 40075.000000000007 19425.000000000004 0.10753931544865862 19425.000000000004 15225 19775.000000000004 9625.0000000000018
decision_type=2 2 2 2 2 2 2 2 2 2 2
left_child=10 7 6 5 -5 -4 -3 8 -2 -9 -1
right_child=1 2 3 4 -6 -7 -8 9 -10 -11 -12
leaf_value=2.7001307436510138 -0.6102014737662742 -0.24789500831390701 -0.20819072334038868 -0.18899005771791511 -0.19684426675829655 -0.21504749142570512 -0.24329671608610273 -0.61294186663918238 -0.60611053349626998 -0.60900348234540957 2.7022757858358406
leaf_weight=4864 10019 8037 6061 7160 7285 5989 7956 3978 9878 3937 4836
leaf_count=4864 10019 8037 6061 7160 7285 5989 7956 3978 9878 3937 4836
internal_value=2.68108e-09 -0.372712 -0.21806 -0.201432 -0.192951 -0.211599 -0.245608 -0.608971 -0.60817 -0.610983 2.7012
internal_weight=80000 70300 42488 26495 14445 12050 15993 27812 19897 7915 9700
internal_count=80000 70300 42488 26495 14445 12050 15993 27812 19897 7915 9700
is_linear=0
shrinkage=0.05


Tree=4
num_leaves=12
num_cat=0
split_feature=2 3 2 2 2 2 2 2 2 2 2
split_gain=2.90755e+07 927268 7025.81 824.685 80.4149 51.1278 30.5182 16.1682 30.0509 11.0795 4.02818
threshold=12425.000000000002 1.0000000180025095e-35 17850.000000000004 29925.000000000004 40075.000000000007 19425.000000000004 16275.000000000002 19425.000000000004 15225 19775.000000000004 9625.0000000000018
decision_type=2 2 2 2 2 2 2 2 2 2 2
left_child=10 7 6 5 -5 -4 -3 8 -2 -9 -1
right_child=1 2 3 4 -6 -7 -8 9 -10 -11 -12
leaf_value=2.5651242294005661 -0.57969139659748026 -0.23113188262447781 -0.19778118961609228 -0.17954055840327074 -0.18700205250598731 -0.20429511539686099 -0.23550025792033305 -0.58229477408844488 -0.57580501096938141 -0.57855331570390023 2.5671620696511912
leaf_weight=4864 10019 7956 6061 7160 7285 5989 8037 3978 9878 3937 4836
leaf_count=4864 10019 7956 6061 7160 7285 5989 8037 3978 9878 3937 4836
internal_value=7.33009e-09 -0.354076 -0.207157 -0.19136 -0.183304 -0.201019 -0.233327 -0.578522 -0.577762 -0.580434 2.56614
internal_weight=80000 70300 42488 26495 14445 12050 15993 27812 19897 7915 9700
internal_count=80000 70300 42488 26495 14445 12050 15993 27812 19897 7915 9700
is_linear=0
shrinkage=0.05


Tree=5
num_leaves=12
num_cat=0
split_feature=2 3 2 2 2 2 3 2 2 2 2
split_gain=2.62406e+07 836860 6340.79 744.278 72.5744 46.1427 27.5426 14.5918 27.1213 9.99922 3.63486
threshold=12425.000000000002 1.0000000180025095e-35 17850.000000000004 29925.000000000004 40075.000000000007 19425.000000000004 0.10753931544865862 19425.000000000004 15225 19775.000000000004 9625.0000000000018
decision_type=2 2 2 2 2 2 2 2 2 2 2
left_child=10 7 6 5 -5 -4 -3 8 -2 -9 -1
right_child=1 2 3 4 -6 -7 -8 9 -10 -11 -12
leaf_value=2.4368680038734487 -0.55070683613774463 -0.2237252424019095 -0.18789213743409672 -0.17056353537616875 -0.17765195218779406 -0.19408035770231055 -0.2195752912807456 -0.55318002502759145 -0.54701474349714252 -0.54962564813371617 2.4388038012289233
leaf_weight=4864 10019 8037 6061 7160 7285 5989 7956 3978 9878 3937 4836
leaf_count=4864 10019 8037 6061 7160 7285 5989 7956 3978 9878 3937 4836
internal_value=-3.41337e-09 -0.336372 -0.196799 -0.181792 -0.174138 -0.190968 -0.221661 -0.549596 -0.548874 -0.551412 2.43783
internal_weight=80000 70300 42488 26495 14445 12050 15993 27812 19897 7915 9700
internal_count=80000 70300 42488 26495 14445 12050 15993 27812 19897 7915 9700
is_linear=0
shrinkage=0.05


Tree=6
num_leaves=12
num_cat=0
split_feature=2 4 2 2 2 2 2 2 2 2 2
split_gain=2.36822e+07 755266 5722.57 671.711 65.4983 41.6438 24.8571 13.169 24.4768 9.0244 3.28145
threshold=12425.000000000002 0.20000000000000004 17850.000000000004 29925.000000000004 40075.000000000007 19425.000000000004 16275.000000000002 19425.000000000004 15225 19775.000000000004 9625.0000000000018
decision_type=2 2 2 2 2 2 2 2 2 2 2
left_child=10 7 6 5 -5 -4 -3 8 -2 -9 -1
right_child=1 2 3 4 -6 -7 -8 9 -10 -11 -12
leaf_value=2.3150244759689822 -0.52317149395155249 -0.20859652896121547 -0.17849752791809814 -0.16203535464112939 -0.16876934463756746 -0.18437634001540801 -0.21253897738702632 -0.52552103220846635 -0.51966401705149301 -0.52214435453848151 2.3168637596545287
leaf_weight=4864 10019 7956 6061 7160 7285 5989 8037 3978 9878 3937 4836
leaf_count=4864 10019 7956 6061 7160 7285 5989 8037 3978 9878 3937 4836
internal_value=-1.66413e-09 -0.319554 -0.186959 -0.172703 -0.165431 -0.181419 -0.210578 -0.522116 -0.52143 -0.523841 2.31594
internal_weight=80000 70300 42488 26495 14445 12050 15993 27812 19897 7915 9700
internal_count=80000 70300 42488 26495 14445 12050 15993 27812 19897 7915 9700
is_linear=0
shrinkage=0.05


Tree=7
num_leaves=12
num_cat=0
split_feature=2 3 2 2 2 2 2 2 2 2 2
split_gain=2.13732e+07 681627 5164.62 606.219 59.1123 37.5836 22.4337 11.885 22.0903 8.14448 2.96097
threshold=12425.000000000002 1.0000000180025095e-35 17850.000000000004 29925.000000000004 40075.000000000007 19425.000000000004 16275.000000000002 19425.000000000004 15225 19775.000000000004 9625.0000000000018
decision_type=2 2 2 2 2 2 2 2 2 2 2
left_child=10 7 6 5 -5 -4 -3 8 -2 -9 -1
right_child=1 2 3 4 -6 -7 -8 9 -10 -11 -12
leaf_value=2.1992733970676599 -0.49701291910384859 -0.19816669900827275 -0.16957264561607344 -0.1539335884045229 -0.16033088213883503 -0.17515751944898128 -0.20191203561935273 -0.49924497509599619 -0.49368081686320447 -0.49603713925768561 2.2010205576891146
leaf_weight=4864 10019 7956 6061 7160 7285 5989 8037 3978 9878 3937 4836
leaf_count=4864 10019 7956 6061 7160 7285 5989 8037 3978 9878 3937 4836
internal_value=6.25821e-09 -0.303576 -0.177611 -0.164068 -0.15716 -0.172348 -0.200049 -0.496011 -0.495359 -0.497649 2.20014
internal_weight=80000 70300 42488 26495 14445 12050 15993 27812 19897 7915 9700
internal_count=80000 70300 42488 26495 14445 12050 15993 27812 19897 7915 9700
is_linear=0
shrinkage=0.05


Tree=8
num_leaves=12
num_cat=0
split_feature=2 3 2 2 2 2 2 2 2 2 2
split_gain=1.92893e+07 615169 4661.07 547.113 53.3488 33.9191 20.2464 10.7263 19.9365 7.35033 2.67228
threshold=12425.000000000002 1.0000000180025095e-35 17850.000000000004 29925.000000000004 40075.000000000007 19425.000000000004 16275.000000000002 19425.000000000004 15225 19775.000000000004 9625.0000000000018
decision_type=2 2 2 2 2 2 2 2 2 2 2
left_child=10 7 6 5 -5 -4 -3 8 -2 -9 -1
right_child=1 2 3 4 -6 -7 -8 9 -10 -11 -12
leaf_value=2.0893096058188303 -0.47216226643598153 -0.18825836072284274 -0.16109402040426826 -0.14623691101522901 -0.15231433957441906 -0.16639964227317439 -0.19181643059254783 -0.47428272614642897 -0.4689967757175757 -0.4712352949329211 2.0909694092445279
leaf_weight=4864 10019 7956 6061 7160 7285 5989 8037 3978 9878 3937 4836
leaf_count=4864 10019 7956 6061 7160 7285 5989 8037 3978 9878 3937 4836
internal_value=-8.56761e-09 -0.288397 -0.168731 -0.155864 -0.149302 -0.163731 -0.190046 -0.47121 -0.470591 -0.472767 2.09014
internal_weight=80000 70300 42488 26495 14445 12050 15993 27812 19897 7915 9700
internal_count=80000 70300 42488 26495 14445 12050 15993 27812 19897 7915 9700
is_linear=0
shrinkage=0.05


Tree=9
num_leaves=12
num_cat=0
split_feature=2 3 2 2 2 2 2 2 2 2 2
split_gain=1.74086e+07 555190 4206.61 493.769 48.1473 30.6121 18.2724 9.68047 17.9927 6.63364 2.41179
threshold=12425.000000000002 1.0000000180025095e-35 17850.000000000004 29925.000000000004 40075.000000000007 19425.000000000004 16275.000000000002 19425.000000000004 15225 19775.000000000004 9625.0000000000018
decision_type=2 2 2 2 2 2 2 2 2 2 2
left_child=10 7 6 5 -5 -4 -3 8 -2 -9 -1
right_child=1 2 3 4 -6 -7 -8 9 -10 -11 -12
leaf_value=1.9848441255327902 -0.44855415401679921 -0.17884544043350104 -0.15303930991424033 -0.13892506087198853 -0.14469861738170436 -0.15807966382573646 -0.18222561029610168 -0.4505685830472998 -0.4455469350676271 -0.44767353087229422 1.9864209592391679
leaf_weight=4864 10019 7956 6061 7160 7285 5989 8037 3978 9878 3937 4836
leaf_count=4864 10019 7956 6061 7160 7285 5989 8037 3978 9878 3937 4836
internal_value=-5.05221e-09 -0.273977 -0.160294 -0.148071 -0.141837 -0.155544 -0.180544 -0.44765 -0.447061 -0.449129 1.98563
internal_weight=80000 70300 42488 26495 14445 12050 15993 27812 19897 7915 9700
internal_count=80000 70300 42488 26495 14445 12050 15993 27812 19897 7915 9700
is_linear=0
shrinkage=0.05


Tree=10
num_leaves=12
num_cat=0
split_feature=2 3 2 2 2 2 2 2 2 2 2
split_gain=1.57112e+07 501059 3796.47 445.627 43.4529 27.6273 16.4908 8.73662 16.2385 5.98693 2.17679
threshold=12425.000000000002 1.0000000180025095e-35 17850.000000000004 29925.000000000004 40075.000000000007 19425.000000000004 16275.000000000002 19425.000000000004 15225 19775.000000000004 9625.0000000000018
decision_type=2 2 2 2 2 2 2 2 2 2 2
left_child=10 7 6 5 -5 -4 -3 8 -2 -9 -1
right_child=1 2 3 4 -6 -7 -8 9 -10 -11 -12
leaf_value=1.8856019220363938 -0.42612645200209276 -0.1699031700571553 -0.14538735358242513 -0.13197881219297761 -0.13746369213092668 -0.15017567716269295 -0.17311432342702859 -0.42804016360888153 -0.42326958913103896 -0.42528984952454674 1.8870999664388677
leaf_weight=4864 10019 7956 6061 7160 7285 5989 8037 3978 9878 3937 4836
leaf_count=4864 10019 7956 6061 7160 7285 5989 8037 3978 9878 3937 4836
internal_value=-3.2175e-09 -0.260279 -0.15228 -0.140668 -0.134745 -0.147767 -0.171517 -0.425267 -0.424708 -0.426672 1.88635
internal_weight=80000 70300 42488 26495 14445 12050 15993 27812 19897 7915 9700
internal_count=80000 70300 42488 26495 14445 12050 15993 27812 19897 7915 9700
is_linear=0
shrinkage=0.05


Tree=11
num_leaves=12
num_cat=0
split_feature=2 3 2 2 2 2 2 2 2 2 2
split_gain=1.41794e+07 452205 3426.31 402.178 39.2164 24.9338 14.8829 7.88477 14.6552 5.40318 1.96445
threshold=12425.000000000002 1.0000000180025095e-35 17850.000000000004 29925.000000000004 40075.000000000007 19425.000000000004 16275.000000000002 19425.000000000004 15225 19775.000000000004 9625.0000000000018
decision_type=2 2 2 2 2 2 2 2 2 2 2
left_child=10 7 6 5 -5 -4 -3 8 -2 -9 -1
right_child=1 2 3 4 -6 -7 -8 9 -10 -11 -12
leaf_value=1.7913218536757325 -0.40482012789438848 -0.16140801969024166 -0.13811797827733652 -0.1253798677405307 -0.13059050881793641 -0.14266689972893051 -0.16445861343986604 -0.4066381490025075 -0.40210610965629778 -0.40402535618842789 1.7927449554525396
leaf_weight=4864 10019 7956 6061 7160 7285 5989 8037 3978 9878 3937 4836
leaf_count=4864 10019 7956 6061 7160 7285 5989 8037 3978 9878 3937 4836
internal_value=-2.69007e-09 -0.247265 -0.144666 -0.133634 -0.128008 -0.140379 -0.162941 -0.404004 -0.403473 -0.405339 1.79203
internal_weight=80000 70300 42488 26495 14445 12050 15993 27812 19897 7915 9700
internal_count=80000 70300 42488 26495 14445 12050 15993 27812 19897 7915 9700
is_linear=0
shrinkage=0.05


Tree=12
num_leaves=12
num_cat=0
split_feature=2 3 2 2 2 2 2 2 2 2 2
split_gain=1.27969e+07 408115 3092.25 362.966 35.3927 22.5026 13.4319 7.11604 13.2263 4.87637 1.77285
threshold=12425.000000000002 1.0000000180025095e-35 17850.000000000004 29925.000000000004 40075.000000000007 19425.000000000004 16275.000000000002 19425.000000000004 15225 19775.000000000004 9625.0000000000018
decision_type=2 2 2 2 2 2 2 2 2 2 2
left_child=10 7 6 5 -5 -4 -3 8 -2 -9 -1
right_child=1 2 3 4 -6 -7 -8 9 -10 -11 -12
leaf_value=1.7017558135582431 -0.38457911838994419 -0.15333760907979169 -0.1312120837092976 -0.11911087300737665 -0.12406097870027147 -0.13553354729348019 -0.1562356798227075 -0.38630624395541036 -0.38200080398486125 -0.38382409017778035 1.7031077377060606
leaf_weight=4864 10019 7956 6061 7160 7285 5989 8037 3978 9878 3937 4836
leaf_count=4864 10019 7956 6061 7160 7285 5989 8037 3978 9878 3937 4836
internal_value=4.68821e-09 -0.234901 -0.137432 -0.126952 -0.121607 -0.13336 -0.154794 -0.383804 -0.383299 -0.385072 1.70243
internal_weight=80000 70300 42488 26495 14445 12050 15993 27812 19897 7915 9700
internal_count=80000 70300 42488 26495 14445 12050 15993 27812 19897 7915 9700
is_linear=0
shrinkage=0.05


Tree=13
num_leaves=12
num_cat=0
split_feature=2 3 2 2 2 2 2 2 2 2 2
split_gain=1.15492e+07 368324 2790.75 327.576 31.9419 20.3086 12.1222 6.42223 11.9368 4.40093 1.5998
threshold=12425.000000000002 1.0000000180025095e-35 17850.000000000004 29925.000000000004 40075.000000000007 19425.000000000004 16275.000000000002 19425.000000000004 15225 19775.000000000004 9625.0000000000018
decision_type=2 2 2 2 2 2 2 2 2 2 2
left_child=10 7 6 5 -5 -4 -3 8 -2 -9 -1
right_child=1 2 3 4 -6 -7 -8 9 -10 -11 -12
leaf_value=1.6166680372957338 -0.36535016762815026 -0.14567073132120983 -0.12465147635834142 -0.11315533231423554 -0.11785792798908917 -0.1287568687013694 -0.14842389545649404 -0.3669909323327798 -0.36290075870790456 -0.36463288562291901 1.6179522843968286
leaf_weight=4864 10019 7956 6061 7160 7285 5989 8037 3978 9878 3937 4836
leaf_count=4864 10019 7956 6061 7160 7285 5989 8037 3978 9878 3937 4836
internal_value=1.26804e-09 -0.223156 -0.130561 -0.120605 -0.115527 -0.126692 -0.147054 -0.364613 -0.364134 -0.365818 1.61731
internal_weight=80000 70300 42488 26495 14445 12050 15993 27812 19897 7915 9700
internal_count=80000 70300 42488 26495 14445 12050 15993 27812 19897 7915 9700
is_linear=0
shrinkage=0.05


Tree=14
num_leaves=12
num_cat=0
split_feature=2 3 2 2 2 2 2 2 2 2 2
split_gain=1.04232e+07 332413 2518.65 295.638 28.8276 18.3286 10.9403 5.79605 10.7729 3.97186 1.44398
threshold=12425.000000000002 1.0000000180025095e-35 17850.000000000004 29925.000000000004 40075.000000000007 19425.000000000004 16275.000000000002 19425.000000000004 15225 19775.000000000004 9625.0000000000018
decision_type=2 2 2 2 2 2 2 2 2 2 2
left_child=10 7 6 5 -5 -4 -3 8 -2 -9 -1
right_child=1 2 3 4 -6 -7 -8 9 -10 -11 -12
leaf_value=1.5358346023841909 -0.34708265600040367 -0.13838719860982024 -0.11841890649116192 -0.10749756687630344 -0.11196503403126126 -0.12231903224138392 -0.14100270371032858 -0.34864138704899106 -0.34475572382823638 -0.34640123657181415 1.5370547074340808
leaf_weight=4864 10019 7956 6061 7160 7285 5989 8037 3978 9878 3937 4836
leaf_count=4864 10019 7956 6061 7160 7285 5989 8037 3978 9878 3937 4836
internal_value=-1.91348e-10 -0.211999 -0.124033 -0.114575 -0.109751 -0.120357 -0.139702 -0.346383 -0.345927 -0.347527 1.53644
internal_weight=80000 70300 42488 26495 14445 12050 15993 27812 19897 7915 9700
internal_count=80000 70300 42488 26495 14445 12050 15993 27812 19897 7915 9700
is_linear=0
shrinkage=0.05


Tree=15
num_leaves=12
num_cat=0
split_feature=2 3 2 2 2 2 2 2 2 2 2
split_gain=9.4069e+06 300002 2273.09 266.813 26.0169 16.5415 9.87362 5.23093 9.72254 3.5846 1.30325
threshold=12425.000000000002 1.0000000180025095e-35 17850.000000000004 29925.000000000004 40075.000000000007 19425.000000000004 16275.000000000002 19425.000000000004 15225 19775.000000000004 9625.0000000000018
decision_type=2 2 2 2 2 2 2 2 2 2 2
left_child=10 7 6 5 -5 -4 -3 8 -2 -9 -1
right_child=1 2 3 4 -6 -7 -8 9 -10 -11 -12
leaf_value=1.4590428397402562 -0.32972852439179057 -0.13146784326819952 -0.11249795912857086 -0.10212268682391522 -0.10636678588055502 -0.11620307648406764 -0.13395257053482343 -0.33120931911727891 -0.32751794031940173 -0.32908117562657624 1.460201963814356
leaf_weight=4864 10019 7956 6061 7160 7285 5989 8037 3978 9878 3937 4836
leaf_count=4864 10019 7956 6061 7160 7285 5989 8037 3978 9878 3937 4836
internal_value=-3.61643e-09 -0.201399 -0.117831 -0.108846 -0.104263 -0.114339 -0.132716 -0.329064 -0.328631 -0.330151 1.45962
internal_weight=80000 70300 42488 26495 14445 12050 15993 27812 19897 7915 9700
internal_count=80000 70300 42488 26495 14445 12050 15993 27812 19897 7915 9700
is_linear=0
shrinkage=0.05


Tree=16
num_leaves=12
num_cat=0
split_feature=2 3 2 2 2 2 2 2 2 2 2
split_gain=8.48973e+06 270752 2051.46 240.799 23.4802 14.9287 8.91094 4.72091 8.7746 3.23508 1.17613
threshold=12425.000000000002 1.0000000180025095e-35 17850.000000000004 29925.000000000004 40075.000000000007 19425.000000000004 16275.000000000002 19425.000000000004 15225 19775.000000000004 9625.0000000000018
decision_type=2 2 2 2 2 2 2 2 2 2 2
left_child=10 7 6 5 -5 -4 -3 8 -2 -9 -1
right_child=1 2 3 4 -6 -7 -8 9 -10 -11 -12
leaf_value=1.3860907580115294 -0.31324209789583551 -0.12489444445739778 -0.10687306159335506 -0.097016556206736174 -0.10104844507276863 -0.11039292417459411 -0.12725493518602288 -0.31464884956815942 -0.31114204229470582 -0.31262711933081849 1.3871918995238417
leaf_weight=4864 10019 7956 6061 7160 7285 5989 8037 3978 9878 3937 4836
leaf_count=4864 10019 7956 6061 7160 7285 5989 8037 3978 9878 3937 4836
internal_value=3.49856e-09 -0.191329 -0.111939 -0.103404 -0.0990499 -0.108622 -0.126081 -0.31261 -0.3122 -0.313643 1.38664
internal_weight=80000 70300 42488 26495 14445 12050 15993 27812 19897 7915 9700
internal_count=80000 70300 42488 26495 14445 12050 15993 27812 19897 7915 9700
is_linear=0
shrinkage=0.05


Tree=17
num_leaves=12
num_cat=0
split_feature=2 3 2 2 2 2 2 2 2 2 2
split_gain=7.66198e+06 244354 1851.44 217.321 21.1909 13.4732 8.04217 4.26063 7.91904 2.91967 1.06155
threshold=12425.000000000002 1.0000000180025095e-35 17850.000000000004 29925.000000000004 40075.000000000007 19425.000000000004 16275.000000000002 19425.000000000004 15225 19775.000000000004 9625.0000000000018
decision_type=2 2 2 2 2 2 2 2 2 2 2
left_child=10 7 6 5 -5 -4 -3 8 -2 -9 -1
right_child=1 2 3 4 -6 -7 -8 9 -10 -11 -12
leaf_value=1.3167861807944352 -0.29757998930270529 -0.11864972094584213 -0.10152940507825695 -0.092165726218319338 -0.095996024422397491 -0.10487328049795051 -0.12089219437080201 -0.29891640768976874 -0.29558494121969942 -0.29699576314135273 1.3178323101317027
leaf_weight=4864 10019 7956 6061 7160 7285 5989 8037 3978 9878 3937 4836
leaf_count=4864 10019 7956 6061 7160 7285 5989 8037 3978 9878 3937 4836
internal_value=1.23733e-09 -0.181762 -0.106343 -0.0982334 -0.0940974 -0.103191 -0.119777 -0.29698 -0.29659 -0.297961 1.31731
internal_weight=80000 70300 42488 26495 14445 12050 15993 27812 19897 7915 9700
internal_count=80000 70300 42488 26495 14445 12050 15993 27812 19897 7915 9700
is_linear=0
shrinkage=0.05


Tree=18
num_leaves=12
num_cat=0
split_feature=2 3 2 2 2 2 2 2 2 2 2
split_gain=6.91493e+06 220529 1670.93 196.132 19.1248 12.1595 7.25806 3.84521 7.14696 2.63501 0.957926
threshold=12425.000000000002 1.0000000180025095e-35 17850.000000000004 29925.000000000004 40075.000000000007 19425.000000000004 16275.000000000002 19425.000000000004 15225 19775.000000000004 9625.0000000000018
decision_type=2 2 2 2 2 2 2 2 2 2 2
left_child=10 7 6 5 -5 -4 -3 8 -2 -9 -1
right_child=1 2 3 4 -6 -7 -8 9 -10 -11 -12
leaf_value=1.2509469039811705 -0.28270099518813446 -0.11271723369424202 -0.096452941880161652 -0.087557442123339865 -0.09119622495797558 -0.099629612892238983 -0.11484758257482817 -0.28397059030410032 -0.28080569563792179 -0.2821459746133575 1.2519406646810554
leaf_weight=4864 10019 7956 6061 7160 7285 5989 8037 3978 9878 3937 4836
leaf_count=4864 10019 7956 6061 7160 7285 5989 8037 3978 9878 3937 4836
internal_value=4.47957e-11 -0.172674 -0.101025 -0.0933217 -0.0893926 -0.0980318 -0.113788 -0.282131 -0.28176 -0.283063 1.25144
internal_weight=80000 70300 42488 26495 14445 12050 15993 27812 19897 7915 9700
internal_count=80000 70300 42488 26495 14445 12050 15993 27812 19897 7915 9700
is_linear=0
shrinkage=0.05


Tree=19
num_leaves=12
num_cat=0
split_feature=2 3 2 2 2 2 2 2 2 2 2
split_gain=6.24073e+06 199028 1508.01 177.009 17.2602 10.974 6.55038 3.47031 6.45016 2.37809 0.864662
threshold=12425.000000000002 1.0000000180025095e-35 17850.000000000004 29925.000000000004 40075.000000000007 19425.000000000004 16275.000000000002 19425.000000000004 15225 19775.000000000004 9625.0000000000018
decision_type=2 2 2 2 2 2 2 2 2 2 2
left_child=10 7 6 5 -5 -4 -3 8 -2 -9 -1
right_child=1 2 3 4 -6 -7 -8 9 -10 -11 -12
leaf_value=1.1883995179920213 -0.26856594565240305 -0.10708137719561624 -0.091630292941417113 -0.083179560114728601 -0.086636409818532947 -0.094648130512140494 -0.10910520570545497 -0.26977205946902211 -0.26676540699049722 -0.26803867546782956 1.1893436636680212
leaf_weight=4864 10019 7956 6061 7160 7285 5989 8037 3978 9878 3937 4836
leaf_count=4864 10019 7956 6061 7160 7285 5989 8037 3978 9878 3937 4836
internal_value=8.13199e-10 -0.16404 -0.0959741 -0.0886556 -0.0849229 -0.0931302 -0.108098 -0.268024 -0.267672 -0.26891 1.18887
internal_weight=80000 70300 42488 26495 14445 12050 15993 27812 19897 7915 9700
internal_count=80000 70300 42488 26495 14445 12050 15993 27812 19897 7915 9700
is_linear=0
shrinkage=0.05


Tree=20
num_leaves=12
num_cat=0
split_feature=2 3 2 2 2 2 2 2 2 2 2
split_gain=5.63226e+06 179622 1360.98 159.751 15.5773 9.90403 5.91167 3.13197 5.82122 2.14623 0.780239
threshold=12425.000000000002 1.0000000180025095e-35 17850.000000000004 29925.000000000004 40075.000000000007 19425.000000000004 16275.000000000002 19425.000000000004 15225 19775.000000000004 9625.0000000000018
decision_type=2 2 2 2 2 2 2 2 2 2 2
left_child=10 7 6 5 -5 -4 -3 8 -2 -9 -1
right_child=1 2 3 4 -6 -7 -8 9 -10 -11 -12
leaf_value=1.1289795850232049 -0.25513764329636268 -0.10172730946915756 -0.087048775780200899 -0.079020585073452443 -0.082304587020407036 -0.089915725699735591 -0.1036499398197718 -0.25628345800173186 -0.2534271392313161 -0.25463674443914441 1.129876455679425
leaf_weight=4864 10019 7956 6061 7160 7285 5989 8037 3978 9878 3937 4836
leaf_count=4864 10019 7956 6061 7160 7285 5989 8037 3978 9878 3937 4836
internal_value=2.44575e-09 -0.155838 -0.0911754 -0.0842228 -0.0806768 -0.0884737 -0.102693 -0.254623 -0.254288 -0.255464 1.12943
internal_weight=80000 70300 42488 26495 14445 12050 15993 27812 19897 7915 9700
internal_count=80000 70300 42488 26495 14445 12050 15993 27812 19897 7915 9700
is_linear=0
shrinkage=0.05


Tree=21
num_leaves=12
num_cat=0
split_feature=2 3 2 2 2 2 2 2 2 2 2
split_gain=5.08311e+06 162109 1228.29 144.175 14.0585 8.93841 5.33531 2.82657 5.25368 1.93696 0.704203
threshold=12425.000000000002 1.0000000180025095e-35 17850.000000000004 29925.000000000004 40075.000000000007 19425.000000000004 16275.000000000002 19425.000000000004 15225 19775.000000000004 9625.0000000000018
decision_type=2 2 2 2 2 2 2 2 2 2 2
left_child=10 7 6 5 -5 -4 -3 8 -2 -9 -1
right_child=1 2 3 4 -6 -7 -8 9 -10 -11 -12
leaf_value=1.07253056351941 -0.24238076662121993 -0.096640944666307349 -0.082696335903059165 -0.075069556831722423 -0.078189354749139087 -0.085419942513597913 -0.09846744840033933 -0.24346928082063771 -0.24075578318486462 -0.24190490604649142 1.0733826129667221
leaf_weight=4864 10019 7956 6061 7160 7285 5989 8037 3978 9878 3937 4836
leaf_count=4864 10019 7956 6061 7160 7285 5989 8037 3978 9878 3937 4836
internal_value=-2.58082e-09 -0.148046 -0.0866167 -0.0800117 -0.076643 -0.08405 -0.0975588 -0.241892 -0.241574 -0.242691 1.07296
internal_weight=80000 70300 42488 26495 14445 12050 15993 27812 19897 7915 9700
internal_count=80000 70300 42488 26495 14445 12050 15993 27812 19897 7915 9700
is_linear=0
shrinkage=0.05


Tree=22
num_leaves=12
num_cat=0
split_feature=2 3 2 2 2 2 2 2 2 2 2
split_gain=4.58751e+06 146304 1108.53 130.118 12.6878 8.06689 4.81514 2.55099 4.74143 1.74811 0.635605
threshold=12425.000000000002 1.0000000180025095e-35 17850.000000000004 29925.000000000004 40075.000000000007 19425.000000000004 16275.000000000002 19425.000000000004 15225 19775.000000000004 9625.0000000000018
decision_type=2 2 2 2 2 2 2 2 2 2 2
left_child=10 7 6 5 -5 -4 -3 8 -2 -9 -1
right_child=1 2 3 4 -6 -7 -8 9 -10 -11 -12
leaf_value=1.0189040327444674 -0.23026172607190079 -0.09180889148173782 -0.078561522312867227 -0.071316082775701742 -0.074279892892850335 -0.081148945180643486 -0.093544072877912554 -0.23129581791568421 -0.22871799400438092 -0.22980965921440741 1.0197135193453681
leaf_weight=4864 10019 7956 6061 7160 7285 5989 8037 3978 9878 3937 4836
leaf_count=4864 10019 7956 6061 7160 7285 5989 8037 3978 9878 3937 4836
internal_value=-2.70427e-10 -0.140644 -0.0822858 -0.0760111 -0.0728108 -0.0798475 -0.0926809 -0.229797 -0.229495 -0.230557 1.01931
internal_weight=80000 70300 42488 26495 14445 12050 15993 27812 19897 7915 9700
internal_count=80000 70300 42488 26495 14445 12050 15993 27812 19897 7915 9700
is_linear=0
shrinkage=0.05


Tree=23
num_leaves=12
num_cat=0
split_feature=2 3 2 2 2 2 2 2 2 2 2
split_gain=4.14023e+06 132039 1000.45 117.432 11.4507 7.28036 4.34564 2.30227 4.27915 1.57768 0.57358
threshold=12425.000000000002 1.0000000180025095e-35 17850.000000000004 29925.000000000004 40075.000000000007 19425.000000000004 16275.000000000002 19425.000000000004 15225 19775.000000000004 9625.0000000000018
decision_type=2 2 2 2 2 2 2 2 2 2 2
left_child=10 7 6 5 -5 -4 -3 8 -2 -9 -1
right_child=1 2 3 4 -6 -7 -8 9 -10 -11 -12
leaf_value=0.96795883569805152 -0.21874863940363087 -0.087218452529354729 -0.074633446628839209 -0.067750277682261592 -0.070565899425558881 -0.077091495531607768 -0.088866871429604199 -0.21973103006461556 -0.21728209225226786 -0.21831917474395862 0.96872781224493354
leaf_weight=4864 10019 7956 6061 7160 7285 5989 8037 3978 9878 3937 4836
leaf_count=4864 10019 7956 6061 7160 7285 5989 8037 3978 9878 3937 4836
internal_value=-2.29306e-09 -0.133612 -0.0781715 -0.0722106 -0.0691703 -0.0758551 -0.0880468 -0.218307 -0.218021 -0.219029 0.968342
internal_weight=80000 70300 42488 26495 14445 12050 15993 27812 19897 7915 9700
internal_count=80000 70300 42488 26495 14445 12050 15993 27812 19897 7915 9700
is_linear=0
shrinkage=0.05


Tree=24
num_leaves=12
num_cat=0
split_feature=2 3 2 2 2 2 2 2 2 2 2
split_gain=3.73655e+06 119165 902.902 105.982 10.3343 6.57053 3.92195 2.07781 3.86192 1.42387 0.517658
threshold=12425.000000000002 1.0000000180025095e-35 17850.000000000004 29925.000000000004 40075.000000000007 19425.000000000004 16275.000000000002 19425.000000000004 15225 19775.000000000004 9625.0000000000018
decision_type=2 2 2 2 2 2 2 2 2 2 2
left_child=10 7 6 5 -5 -4 -3 8 -2 -9 -1
right_child=1 2 3 4 -6 -7 -8 9 -10 -11 -12
leaf_value=0.91956091301246112 -0.20781120601019554 -0.082857528092760896 -0.070901771861124979 -0.064362763263916142 -0.067037605221154192 -0.073236919173703827 -0.084423526686958739 -0.20874448146600177 -0.20641798892420102 -0.20740321446389337 0.92029144170996791
leaf_weight=4864 10019 7956 6061 7160 7285 5989 8037 3978 9878 3937 4836
leaf_count=4864 10019 7956 6061 7160 7285 5989 8037 3978 9878 3937 4836
internal_value=7.26251e-10 -0.126931 -0.074263 -0.0686 -0.0657118 -0.0720624 -0.0836445 -0.207392 -0.20712 -0.208077 0.919925
internal_weight=80000 70300 42488 26495 14445 12050 15993 27812 19897 7915 9700
internal_count=80000 70300 42488 26495 14445 12050 15993 27812 19897 7915 9700
is_linear=0
shrinkage=0.05


Tree=25
num_leaves=12
num_cat=0
split_feature=2 3 2 2 2 2 2 2 2 2 2
split_gain=3.37224e+06 107547 814.869 95.6487 9.32673 5.92994 3.5396 1.87521 3.4854 1.28504 0.467205
threshold=12425.000000000002 1.0000000180025095e-35 17850.000000000004 29925.000000000004 40075.000000000007 19425.000000000004 16275.000000000002 19425.000000000004 15225 19775.000000000004 9625.0000000000018
decision_type=2 2 2 2 2 2 2 2 2 2 2
left_child=10 7 6 5 -5 -4 -3 8 -2 -9 -1
right_child=1 2 3 4 -6 -7 -8 9 -10 -11 -12
leaf_value=0.87358284506841111 -0.19742064886247113 -0.078714644828880118 -0.067356679821755722 -0.061144623262334587 -0.063685725217333303 -0.069575076799605201 -0.080202353860167483 -0.19830725671936067 -0.19609708989066532 -0.19703305461106868 0.8742768615565123
leaf_weight=4864 10019 7956 6061 7160 7285 5989 8037 3978 9878 3937 4836
leaf_count=4864 10019 7956 6061 7160 7285 5989 8037 3978 9878 3937 4836
internal_value=-1.14473e-09 -0.120585 -0.0705498 -0.06517 -0.0624262 -0.0684593 -0.0794623 -0.197023 -0.196764 -0.197673 0.873929
internal_weight=80000 70300 42488 26495 14445 12050 15993 27812 19897 7915 9700
internal_count=80000 70300 42488 26495 14445 12050 15993 27812 19897 7915 9700
is_linear=0
shrinkage=0.05


Tree=26
num_leaves=12
num_cat=0
split_feature=2 3 2 2 2 2 2 2 2 2 2
split_gain=3.04345e+06 97060.8 735.42 86.3232 8.41735 5.35171 3.19446 1.69239 3.14556 1.15974 0.421636
threshold=12425.000000000002 1.0000000180025095e-35 17850.000000000004 29925.000000000004 40075.000000000007 19425.000000000004 16275.000000000002 19425.000000000004 15225 19775.000000000004 9625.0000000000018
decision_type=2 2 2 2 2 2 2 2 2 2 2
left_child=10 7 6 5 -5 -4 -3 8 -2 -9 -1
right_child=1 2 3 4 -6 -7 -8 9 -10 -11 -12
leaf_value=0.82990370332955588 -0.18754961391634972 -0.074778919517613937 -0.063988852925473239 -0.058087387628005895 -0.060501431945012785 -0.066096317701016094 -0.076192235210137529 -0.1883918916246361 -0.18629223505752845 -0.18718140428173827 0.8305630060127529
leaf_weight=4864 10019 7956 6061 7160 7285 5989 8037 3978 9878 3937 4836
leaf_count=4864 10019 7956 6061 7160 7285 5989 8037 3978 9878 3937 4836
internal_value=-1.1586e-09 -0.114556 -0.0670223 -0.0619115 -0.0593049 -0.0650363 -0.0754892 -0.187171 -0.186925 -0.18779 0.830232
internal_weight=80000 70300 42488 26495 14445 12050 15993 27812 19897 7915 9700
internal_count=80000 70300 42488 26495 14445 12050 15993 27812 19897 7915 9700
is_linear=0
shrinkage=0.05


Tree=27
num_leaves=12
num_cat=0
split_feature=2 3 2 2 2 2 2 2 2 2 2
split_gain=2.74671e+06 87597.4 663.716 77.9066 7.59664 4.82994 2.88297 1.52737 2.83888 1.04667 0.380516
threshold=12425.000000000002 1.0000000180025095e-35 17850.000000000004 29925.000000000004 40075.000000000007 19425.000000000004 16275.000000000002 19425.000000000004 15225 19775.000000000004 9625.0000000000018
decision_type=2 2 2 2 2 2 2 2 2 2 2
left_child=10 7 6 5 -5 -4 -3 8 -2 -9 -1
right_child=1 2 3 4 -6 -7 -8 9 -10 -11 -12
leaf_value=0.78840854513293479 -0.17817213420699296 -0.071039974089412122 -0.060789405595114143 -0.055183019792516691 -0.05747635919070504 -0.062791501756455509 -0.072382617011634273 -0.17897229657066888 -0.17697762223507019 -0.17782233158625135 0.78903487435456543
leaf_weight=4864 10019 7956 6061 7160 7285 5989 8037 3978 9878 3937 4836
leaf_count=4864 10019 7956 6061 7160 7285 5989 8037 3978 9878 3937 4836
internal_value=2.73883e-09 -0.108828 -0.0636712 -0.0588159 -0.0563396 -0.0617845 -0.0717147 -0.177813 -0.177579 -0.1784 0.788721
internal_weight=80000 70300 42488 26495 14445 12050 15993 27812 19897 7915 9700
internal_count=80000 70300 42488 26495 14445 12050 15993 27812 19897 7915 9700
is_linear=0
shrinkage=0.05


Tree=28
num_leaves=12
num_cat=0
split_feature=2 3 2 2 2 2 2 2 2 2 2
split_gain=2.47891e+06 79056.6 599.004 70.3106 6.856 4.35905 2.60189 1.37846 2.56207 0.944611 0.343429
threshold=12425.000000000002 1.0000000180025095e-35 17850.000000000004 29925.000000000004 40075.000000000007 19425.000000000004 16275.000000000002 19425.000000000004 15225 19775.000000000004 9625.0000000000018
decision_type=2 2 2 2 2 2 2 2 2 2 2
left_child=10 7 6 5 -5 -4 -3 8 -2 -9 -1
right_child=1 2 3 4 -6 -7 -8 9 -10 -11 -12
leaf_value=0.74898808664201122 -0.16926352811277964 -0.067487978668443138 -0.057749935604015673 -0.052423873063579776 -0.0546025495423898 -0.059651933603642127 -0.068763493378152671 -0.17002368333149898 -0.168128744582413 -0.16893122005083663 0.74958311074255057
leaf_weight=4864 10019 7956 6061 7160 7285 5989 8037 3978 9878 3937 4836
leaf_count=4864 10019 7956 6061 7160 7285 5989 8037 3978 9878 3937 4836
internal_value=-4.0621e-09 -0.103386 -0.0604876 -0.0558752 -0.0535226 -0.0586953 -0.068129 -0.168922 -0.1687 -0.16948 0.749285
internal_weight=80000 70300 42488 26495 14445 12050 15993 27812 19897 7915 9700
internal_count=80000 70300 42488 26495 14445 12050 15993 27812 19897 7915 9700
is_linear=0
shrinkage=0.05


Tree=29
num_leaves=12
num_cat=0
split_feature=2 3 2 2 2 2 2 2 2 2 2
split_gain=2.23721e+06 71348.6 540.601 63.4554 6.18754 3.93402 2.34825 1.24406 2.3123 0.852515 0.309943
threshold=12425.000000000002 1.0000000180025095e-35 17850.000000000004 29925.000000000004 40075.000000000007 19425.000000000004 16275.000000000002 19425.000000000004 15225 19775.000000000004 9625.0000000000018
decision_type=2 2 2 2 2 2 2 2 2 2 2
left_child=10 7 6 5 -5 -4 -3 8 -2 -9 -1
right_child=1 2 3 4 -6 -7 -8 9 -10 -11 -12
leaf_value=0.71153870012755149 -0.1608003536995202 -0.064113570725450861 -0.054862442791804668 -0.049802675351840776 -0.051872419492608769 -0.056669335310014848 -0.065325320226189171 -0.16152249832756774 -0.1597223020038594 -0.16048465593694811 0.71210397146942639
leaf_weight=4864 10019 7956 6061 7160 7285 5989 8037 3978 9878 3937 4836
leaf_count=4864 10019 7956 6061 7160 7285 5989 8037 3978 9878 3937 4836
internal_value=-2.54888e-11 -0.0982171 -0.0574633 -0.0530814 -0.0508465 -0.0557605 -0.0647225 -0.160476 -0.160265 -0.161006 0.711821
internal_weight=80000 70300 42488 26495 14445 12050 15993 27812 19897 7915 9700
internal_count=80000 70300 42488 26495 14445 12050 15993 27812 19897 7915 9700
is_linear=0
shrinkage=0.05


Tree=30
num_leaves=12
num_cat=0
split_feature=2 3 2 2 2 2 2 2 2 2 2
split_gain=2.01908e+06 64392.1 487.892 57.2686 5.58423 3.55045 2.11924 1.12277 2.08684 0.769392 0.279694
threshold=12425.000000000002 1.0000000180025095e-35 17850.000000000004 29925.000000000004 40075.000000000007 19425.000000000004 16275.000000000002 19425.000000000004 15225 19775.000000000004 9625.0000000000018
decision_type=2 2 2 2 2 2 2 2 2 2 2
left_child=10 7 6 5 -5 -4 -3 8 -2 -9 -1
right_child=1 2 3 4 -6 -7 -8 9 -10 -11 -12
leaf_value=0.67596178027485487 -0.15276033399427258 -0.060907898679411467 -0.052119322604585787 -0.047312544937360715 -0.049278797088828562 -0.053835870109641554 -0.062059045103013438 -0.15344637372288367 -0.15173618820017409 -0.15246042495965179 0.67649875995685715
leaf_weight=4864 10019 7956 6061 7160 7285 5989 8037 3978 9878 3937 4836
leaf_count=4864 10019 7956 6061 7160 7285 5989 8037 3978 9878 3937 4836
internal_value=-6.22554e-11 -0.0933062 -0.0545901 -0.0504273 -0.0483042 -0.0529725 -0.0614864 -0.152452 -0.152252 -0.152956 0.676229
internal_weight=80000 70300 42488 26495 14445 12050 15993 27812 19897 7915 9700
internal_count=80000 70300 42488 26495 14445 12050 15993 27812 19897 7915 9700
is_linear=0
shrinkage=0.05


Tree=31
num_leaves=12
num_cat=0
split_feature=2 3 2 2 2 2 2 2 2 2 2
split_gain=1.82222e+06 58113.9 440.323 51.6848 5.03974 3.2043 1.91264 1.01329 1.88338 0.694371 0.252443
threshold=12425.000000000002 1.0000000180025095e-35 17850.000000000004 29925.000000000004 40075.000000000007 19425.000000000004 16275.000000000002 19425.000000000004 15225 19775.000000000004 9625.0000000000018
decision_type=2 2 2 2 2 2 2 2 2 2 2
left_child=10 7 6 5 -5 -4 -3 8 -2 -9 -1
right_child=1 2 3 4 -6 -7 -8 9 -10 -11 -12
leaf_value=0.64216366621579879 -0.14512231568028039 -0.05786250177230845 -0.049513350437538024 -0.04494692193588163 -0.046814855295169315 -0.051144076578087484 -0.058956098444811471 -0.14577405038282409 -0.14414937639435207 -0.14483740278944901 0.64267381569655646
leaf_weight=4864 10019 7956 6061 7160 7285 5989 8037 3978 9878 3937 4836
leaf_count=4864 10019 7956 6061 7160 7285 5989 8037 3978 9878 3937 4836
internal_value=-1.29578e-09 -0.0886409 -0.0518606 -0.047906 -0.045889 -0.0503238 -0.0584121 -0.14483 -0.144639 -0.145308 0.642418
internal_weight=80000 70300 42488 26495 14445 12050 15993 27812 19897 7915 9700
internal_count=80000 70300 42488 26495 14445 12050 15993 27812 19897 7915 9700
is_linear=0
shrinkage=0.05


Tree=32
num_leaves=12
num_cat=0
split_feature=2 3 2 2 2 2 2 2 2 2 2
split_gain=1.64456e+06 52447.8 397.392 46.6456 4.5484 2.89186 1.72617 0.914493 1.69974 0.626675 0.227839
threshold=12425.000000000002 1.0000000180025095e-35 17850.000000000004 29925.000000000004 40075.000000000007 19425.000000000004 16275.000000000002 19425.000000000004 15225 19775.000000000004 9625.0000000000018
decision_type=2 2 2 2 2 2 2 2 2 2 2
left_child=10 7 6 5 -5 -4 -3 8 -2 -9 -1
right_child=1 2 3 4 -6 -7 -8 9 -10 -11 -12
leaf_value=0.61005548484923378 -0.13786620299923344 -0.054969374120411973 -0.047037687141641416 -0.04269956648080267 -0.044474110648977397 -0.048586869712543918 -0.056008294125052753 -0.13848535154644048 -0.13694191186649515 -0.1375955330910206 0.61054013672691698
leaf_weight=4864 10019 7956 6061 7160 7285 5989 8037 3978 9878 3937 4836
leaf_count=4864 10019 7956 6061 7160 7285 5989 8037 3978 9878 3937 4836
internal_value=-4.11486e-10 -0.0842088 -0.0492676 -0.0455107 -0.0435945 -0.0478077 -0.0554915 -0.137588 -0.137407 -0.138043 0.610297
internal_weight=80000 70300 42488 26495 14445 12050 15993 27812 19897 7915 9700
internal_count=80000 70300 42488 26495 14445 12050 15993 27812 19897 7915 9700
is_linear=0
shrinkage=0.05


Tree=33
num_leaves=12
num_cat=0
split_feature=2 3 2 2 2 2 2 2 2 2 2
split_gain=1.48421e+06 47334.1 358.646 42.0975 4.1049 2.60991 1.55787 0.825331 1.534 0.565571 0.205611
threshold=12425.000000000002 1.0000000180025095e-35 17850.000000000004 29925.000000000004 40075.000000000007 19425.000000000004 16275.000000000002 19425.000000000004 15225 19775.000000000004 9625.0000000000018
decision_type=2 2 2 2 2 2 2 2 2 2 2
left_child=10 7 6 5 -5 -4 -3 8 -2 -9 -1
right_child=1 2 3 4 -6 -7 -8 9 -10 -11 -12
leaf_value=0.57955271873957159 -0.13097288901064305 -0.052220903815317216 -0.044685799890952123 -0.040564597670932553 -0.042250408153737595 -0.046157524812361662 -0.053207877353406624 -0.13156108162015007 -0.13009481637207695 -0.13071575582683623 0.58001312254217552
leaf_weight=4864 10019 7956 6061 7160 7285 5989 8037 3978 9878 3937 4836
leaf_count=4864 10019 7956 6061 7160 7285 5989 8037 3978 9878 3937 4836
internal_value=-1.61764e-10 -0.0799984 -0.0468042 -0.0432351 -0.0414148 -0.0454173 -0.0527169 -0.130709 -0.130537 -0.131141 0.579782
internal_weight=80000 70300 42488 26495 14445 12050 15993 27812 19897 7915 9700
internal_count=80000 70300 42488 26495 14445 12050 15993 27812 19897 7915 9700
is_linear=0
shrinkage=0.05


Tree=34
num_leaves=12
num_cat=0
split_feature=2 3 2 2 2 2 2 2 2 2 2
split_gain=1.3395e+06 42719.1 323.678 37.9931 3.70471 2.35543 1.40595 0.74486 1.38444 0.510433 0.185565
threshold=12425.000000000002 1.0000000180025095e-35 17850.000000000004 29925.000000000004 40075.000000000007 19425.000000000004 16275.000000000002 19425.000000000004 15225 19775.000000000004 9625.0000000000018
decision_type=2 2 2 2 2 2 2 2 2 2 2
left_child=10 7 6 5 -5 -4 -3 8 -2 -9 -1
right_child=1 2 3 4 -6 -7 -8 9 -10 -11 -12
leaf_value=0.55057507540521711 -0.12442424495026871 -0.049609863283061877 -0.042451514783616057 -0.038536362152815896 -0.040137890238363727 -0.043849650038912752 -0.050547479918191029 -0.1249830291003383 -0.12359007531675259 -0.12417996553133925 0.5510124603748966
leaf_weight=4864 10019 7956 6061 7160 7285 5989 8037 3978 9878 3937 4836
leaf_count=4864 10019 7956 6061 7160 7285 5989 8037 3978 9878 3937 4836
internal_value=-1.25024e-09 -0.0759985 -0.044464 -0.0410734 -0.0393441 -0.0431464 -0.050081 -0.124173 -0.12401 -0.124584 0.550793
internal_weight=80000 70300 42488 26495 14445 12050 15993 27812 19897 7915 9700
internal_count=80000 70300 42488 26495 14445 12050 15993 27812 19897 7915 9700
is_linear=0
shrinkage=0.05


Tree=35
num_leaves=12
num_cat=0
split_feature=2 3 2 2 2 2 2 2 2 2 2
split_gain=1.2089e+06 38553.9 292.119 34.2887 3.34349 2.1258 1.26887 0.672235 1.24949 0.460661 0.167489
threshold=12425.000000000002 1.0000000180025095e-35 17850.000000000004 29925.000000000004 40075.000000000007 19425.000000000004 16275.000000000002 19425.000000000004 15225 19775.000000000004 9625.0000000000018
decision_type=2 2 2 2 2 2 2 2 2 2 2
left_child=10 7 6 5 -5 -4 -3 8 -2 -9 -1
right_child=1 2 3 4 -6 -7 -8 9 -10 -11 -12
leaf_value=0.52304631463693063 -0.11820303798890359 -0.04712937277738153 -0.040328929875577825 -0.036609543755318899 -0.038130993635399915 -0.041657167576664982 -0.048020109528116119 -0.11873387588596765 -0.11741056797047339 -0.11797096939468617 0.52346185149391056
leaf_weight=4864 10019 7956 6061 7160 7285 5989 8037 3978 9878 3937 4836
leaf_count=4864 10019 7956 6061 7160 7285 5989 8037 3978 9878 3937 4836
internal_value=-7.14933e-10 -0.0721986 -0.0422408 -0.0390197 -0.0373769 -0.0409891 -0.047577 -0.117965 -0.11781 -0.118354 0.523253
internal_weight=80000 70300 42488 26495 14445 12050 15993 27812 19897 7915 9700
internal_count=80000 70300 42488 26495 14445 12050 15993 27812 19897 7915 9700
is_linear=0
shrinkage=0.05


Tree=36
num_leaves=12
num_cat=0
split_feature=2 3 2 2 2 2 2 2 2 2 2
split_gain=1.09103e+06 34794.9 263.637 30.9456 3.01748 1.91852 1.14518 0.606687 1.12764 0.415752 0.151137
threshold=12425.000000000002 1.0000000180025095e-35 17850.000000000004 29925.000000000004 40075.000000000007 19425.000000000004 16275.000000000002 19425.000000000004 15225 19775.000000000004 9625.0000000000018
decision_type=2 2 2 2 2 2 2 2 2 2 2
left_child=10 7 6 5 -5 -4 -3 8 -2 -9 -1
right_child=1 2 3 4 -6 -7 -8 9 -10 -11 -12
leaf_value=0.49689401457596771 -0.1122928842414974 -0.044772897887794802 -0.038312488875216835 -0.03477907064408868 -0.036224442000721828 -0.039574309788506068 -0.04561910587302978 -0.11279718349280538 -0.11154004463700645 -0.11207241825603285 0.49728874526842842
leaf_weight=4864 10019 7956 6061 7160 7285 5989 8037 3978 9878 3937 4836
leaf_count=4864 10019 7956 6061 7160 7285 5989 8037 3978 9878 3937 4836
internal_value=-1.09266e-09 -0.0685886 -0.0401287 -0.0370687 -0.035508 -0.0389396 -0.0451981 -0.112066 -0.111919 -0.112437 0.497091
internal_weight=80000 70300 42488 26495 14445 12050 15993 27812 19897 7915 9700
internal_count=80000 70300 42488 26495 14445 12050 15993 27812 19897 7915 9700
is_linear=0
shrinkage=0.05


Tree=37
num_leaves=12
num_cat=0
split_feature=2 3 2 2 2 2 2 2 2 2 2
split_gain=984657 31402.4 237.933 27.9283 2.72327 1.73147 1.03351 0.547543 1.0177 0.375219 0.136415
threshold=12425.000000000002 1.0000000180025095e-35 17850.000000000004 29925.000000000004 40075.000000000007 19425.000000000004 16275.000000000002 19425.000000000004 15225 19775.000000000004 9625.0000000000018
decision_type=2 2 2 2 2 2 2 2 2 2 2
left_child=10 7 6 5 -5 -4 -3 8 -2 -9 -1
right_child=1 2 3 4 -6 -7 -8 9 -10 -11 -12
leaf_value=0.47204930406355028 -0.10667823959096166 -0.04253425349837562 -0.036396862889427103 -0.033040121009831211 -0.034413221989759789 -0.037595593648504171 -0.043338146134509307 -0.10715732864375378 -0.10596304144470647 -0.10646879889744894 0.47242431717954053
leaf_weight=4864 10019 7956 6061 7160 7285 5989 8037 3978 9878 3937 4836
leaf_count=4864 10019 7956 6061 7160 7285 5989 8037 3978 9878 3937 4836
internal_value=-1.17359e-09 -0.0651592 -0.0381223 -0.0352153 -0.0337326 -0.0369926 -0.0429382 -0.106463 -0.106323 -0.106815 0.472236
internal_weight=80000 70300 42488 26495 14445 12050 15993 27812 19897 7915 9700
internal_count=80000 70300 42488 26495 14445 12050 15993 27812 19897 7915 9700
is_linear=0
shrinkage=0.05


Tree=38
num_leaves=12
num_cat=0
split_feature=2 3 2 2 2 2 2 2 2 2 2
split_gain=888653 28340.7 214.734 25.2055 2.45775 1.56265 0.932739 0.494158 0.918465 0.338631 0.123112
threshold=12425.000000000002 1.0000000180025095e-35 17850.000000000004 29925.000000000004 40075.000000000007 19425.000000000004 16275.000000000002 19425.000000000004 15225 19775.000000000004 9625.0000000000018
decision_type=2 2 2 2 2 2 2 2 2 2 2
left_child=10 7 6 5 -5 -4 -3 8 -2 -9 -1
right_child=1 2 3 4 -6 -7 -8 9 -10 -11 -12
leaf_value=0.44844684944879598 -0.10134432475589053 -0.040407543647873877 -0.034577023153370155 -0.031388109533266664 -0.032692557122320574 -0.035715818348733962 -0.041171239792061054 -0.10179945888245504 -0.10066488910521872 -0.10114535991791901 0.44880310838852955
leaf_weight=4864 10019 7956 6061 7160 7285 5989 8037 3978 9878 3937 4836
leaf_count=4864 10019 7956 6061 7160 7285 5989 8037 3978 9878 3937 4836
internal_value=3.29441e-10 -0.0619012 -0.0362162 -0.0334545 -0.032046 -0.035143 -0.0407913 -0.10114 -0.101007 -0.101474 0.448624
internal_weight=80000 70300 42488 26495 14445 12050 15993 27812 19897 7915 9700
internal_count=80000 70300 42488 26495 14445 12050 15993 27812 19897 7915 9700
is_linear=0
shrinkage=0.05


Tree=39
num_leaves=12
num_cat=0
split_feature=2 3 2 2 2 2 2 2 2 2 2
split_gain=802009 25577.5 193.798 22.7478 2.21812 1.4103 0.841803 0.445974 0.828923 0.305608 0.111102
threshold=12425.000000000002 1.0000000180025095e-35 17850.000000000004 29925.000000000004 40075.000000000007 19425.000000000004 16275.000000000002 19425.000000000004 15225 19775.000000000004 9625.0000000000018
decision_type=2 2 2 2 2 2 2 2 2 2 2
left_child=10 7 6 5 -5 -4 -3 8 -2 -9 -1
right_child=1 2 3 4 -6 -7 -8 9 -10 -11 -12
leaf_value=0.42602450270075543 -0.096277112156060565 -0.038387166506687498 -0.032848165469881389 -0.029818705986663648 -0.031057929880180392 -0.033930022046148409 -0.039112680786978743 -0.096709483025910203 -0.09563164500600764 -0.09608809517411214 0.42636293926901142
leaf_weight=4864 10019 7956 6061 7160 7285 5989 8037 3978 9878 3937 4836
leaf_count=4864 10019 7956 6061 7160 7285 5989 8037 3978 9878 3937 4836
internal_value=-9.24977e-10 -0.0588062 -0.0344054 -0.0317818 -0.0304437 -0.0333859 -0.0387518 -0.0960829 -0.0959567 -0.0964004 0.426193
internal_weight=80000 70300 42488 26495 14445 12050 15993 27812 19897 7915 9700
internal_count=80000 70300 42488 26495 14445 12050 15993 27812 19897 7915 9700
is_linear=0
shrinkage=0.05


Tree=40
num_leaves=12
num_cat=0
split_feature=2 3 2 2 2 2 2 2 2 2 2
split_gain=723814 23083.7 174.902 20.5299 2.00188 1.2728 0.759727 0.402496 0.748107 0.275821 0.10027
threshold=12425.000000000002 1.0000000180025095e-35 17850.000000000004 29925.000000000004 40075.000000000007 19425.000000000004 16275.000000000002 19425.000000000004 15225 19775.000000000004 9625.0000000000018
decision_type=2 2 2 2 2 2 2 2 2 2 2
left_child=10 7 6 5 -5 -4 -3 8 -2 -9 -1
right_child=1 2 3 4 -6 -7 -8 9 -10 -11 -12
leaf_value=0.40472327569776001 -0.091463254862129639 -0.03646780614372893 -0.031205759941553696 -0.028327768654979175 -0.029505040201691049 -0.032233525500872426 -0.037157044475320054 -0.091874013987321035 -0.090850059191421806 -0.091283685112325208 0.40504479082728795
leaf_weight=4864 10019 7956 6061 7160 7285 5989 8037 3978 9878 3937 4836
leaf_count=4864 10019 7956 6061 7160 7285 5989 8037 3978 9878 3937 4836
internal_value=-9.80597e-10 -0.0558659 -0.0326851 -0.0301927 -0.0289215 -0.0317166 -0.0368142 -0.0912788 -0.0911588 -0.0915804 0.404884
internal_weight=80000 70300 42488 26495 14445 12050 15993 27812 19897 7915 9700
internal_count=80000 70300 42488 26495 14445 12050 15993 27812 19897 7915 9700
is_linear=0
shrinkage=0.05


Tree=41
num_leaves=12
num_cat=0
split_feature=2 3 2 2 2 2 2 2 2 2 2
split_gain=653242 20833 157.849 18.5283 1.80668 1.14869 0.685655 0.363248 0.675167 0.248921 0.0904938
threshold=12425.000000000002 1.0000000180025095e-35 17850.000000000004 29925.000000000004 40075.000000000007 19425.000000000004 16275.000000000002 19425.000000000004 15225 19775.000000000004 9625.0000000000018
decision_type=2 2 2 2 2 2 2 2 2 2 2
left_child=10 7 6 5 -5 -4 -3 8 -2 -9 -1
right_child=1 2 3 4 -6 -7 -8 9 -10 -11 -12
leaf_value=0.38448711463358787 -0.086890095549072011 -0.034644414532741689 -0.029645476757376728 -0.026911382021710641 -0.028029784749602174 -0.030621848620461141 -0.035299191733737446 -0.087280309849614698 -0.086307559738609999 -0.086719505437977421 0.38479255430622661
leaf_weight=4864 10019 7956 6061 7160 7285 5989 8037 3978 9878 3937 4836
leaf_count=4864 10019 7956 6061 7160 7285 5989 8037 3978 9878 3937 4836
internal_value=-1.48587e-09 -0.0530726 -0.0310509 -0.0286831 -0.0274754 -0.0301307 -0.0349735 -0.0867149 -0.0866009 -0.0870014 0.384639
internal_weight=80000 70300 42488 26495 14445 12050 15993 27812 19897 7915 9700
internal_count=80000 70300 42488 26495 14445 12050 15993 27812 19897 7915 9700
is_linear=0
shrinkage=0.05


Tree=42
num_leaves=12
num_cat=0
split_feature=2 3 2 2 2 2 2 2 2 2 2
split_gain=589551 18801.8 142.459 16.7218 1.63053 1.03668 0.618802 0.327832 0.609331 0.224653 0.0816766
threshold=12425.000000000002 1.0000000180025095e-35 17850.000000000004 29925.000000000004 40075.000000000007 19425.000000000004 16275.000000000002 19425.000000000004 15225 19775.000000000004 9625.0000000000018
decision_type=2 2 2 2 2 2 2 2 2 2 2
left_child=10 7 6 5 -5 -4 -3 8 -2 -9 -1
right_child=1 2 3 4 -6 -7 -8 9 -10 -11 -12
leaf_value=0.36526275677788844 -0.082545589024971056 -0.032912193583155405 -0.028163200444497549 -0.025565805896199157 -0.026628289715544415 -0.029090749641400585 -0.033534230936699848 -0.082916295785364746 -0.081992183090232401 -0.082383529835583821 0.36555293503958053
leaf_weight=4864 10019 7956 6061 7160 7285 5989 8037 3978 9878 3937 4836
leaf_count=4864 10019 7956 6061 7160 7285 5989 8037 3978 9878 3937 4836
internal_value=9.46736e-10 -0.0504189 -0.0294983 -0.0272489 -0.0261016 -0.0286242 -0.0332248 -0.0823791 -0.0822708 -0.0826513 0.365407
internal_weight=80000 70300 42488 26495 14445 12050 15993 27812 19897 7915 9700
internal_count=80000 70300 42488 26495 14445 12050 15993 27812 19897 7915 9700
is_linear=0
shrinkage=0.05


Tree=43
num_leaves=12
num_cat=0
split_feature=2 3 2 2 2 2 2 2 2 2 2
split_gain=532069 16968.6 128.569 15.0914 1.47154 0.935615 0.558479 0.295878 0.54993 0.202749 0.0737149
threshold=12425.000000000002 1.0000000180025095e-35 17850.000000000004 29925.000000000004 40075.000000000007 19425.000000000004 16275.000000000002 19425.000000000004 15225 19775.000000000004 9625.0000000000018
decision_type=2 2 2 2 2 2 2 2 2 2 2
left_child=10 7 6 5 -5 -4 -3 8 -2 -9 -1
right_child=1 2 3 4 -6 -7 -8 9 -10 -11 -12
leaf_value=0.34699961722875461 -0.078418307064380854 -0.031266582154484197 -0.026755039171559827 -0.024287522999384543 -0.025296878477858283 -0.027636215641462791 -0.031857523010785226 -0.07877048151328192 -0.077892567154361339 -0.07826435455220869 0.34727528987489126
leaf_weight=4864 10019 7956 6061 7160 7285 5989 8037 3978 9878 3937 4836
leaf_count=4864 10019 7956 6061 7160 7285 5989 8037 3978 9878 3937 4836
internal_value=6.44173e-10 -0.047898 -0.0280234 -0.0258865 -0.0247966 -0.027193 -0.0315635 -0.0782602 -0.0781573 -0.0785187 0.347137
internal_weight=80000 70300 42488 26495 14445 12050 15993 27812 19897 7915 9700
internal_count=80000 70300 42488 26495 14445 12050 15993 27812 19897 7915 9700
is_linear=0
shrinkage=0.05


Tree=44
num_leaves=12
num_cat=0
split_feature=2 3 2 2 2 2 2 2 2 2 2
split_gain=480193 15314.2 116.034 13.62 1.32811 0.844395 0.504003 0.267025 0.4963 0.182978 0.0665212
threshold=12425.000000000002 1.0000000180025095e-35 17850.000000000004 29925.000000000004 40075.000000000007 19425.000000000004 16275.000000000002 19425.000000000004 15225 19775.000000000004 9625.0000000000018
decision_type=2 2 2 2 2 2 2 2 2 2 2
left_child=10 7 6 5 -5 -4 -3 8 -2 -9 -1
right_child=1 2 3 4 -6 -7 -8 9 -10 -11 -12
leaf_value=0.32964964275909936 -0.074497391036258964 -0.029703260265336276 -0.025417287111725806 -0.023073139709123409 -0.024032042152590298 -0.026254406051258235 -0.030264640388354087 -0.074831955277724682 -0.073997944439413502 -0.074351138461278055 0.32991151899233245
leaf_weight=4864 10019 7956 6061 7160 7285 5989 8037 3978 9878 3937 4836
leaf_count=4864 10019 7956 6061 7160 7285 5989 8037 3978 9878 3937 4836
internal_value=-1.73135e-10 -0.0455031 -0.0266222 -0.0245921 -0.0235567 -0.0258333 -0.0299854 -0.0743472 -0.0742494 -0.0745928 0.32978
internal_weight=80000 70300 42488 26495 14445 12050 15993 27812 19897 7915 9700
internal_count=80000 70300 42488 26495 14445 12050 15993 27812 19897 7915 9700
is_linear=0
shrinkage=0.05


Tree=45
num_leaves=12
num_cat=0
split_feature=2 3 2 2 2 2 2 2 2 2 2
split_gain=433374 13821 104.721 12.292 1.19859 0.762073 0.454873 0.240989 0.447922 0.16514 0.0600398
threshold=12425.000000000002 1.0000000180025095e-35 17850.000000000004 29925.000000000004 40075.000000000007 19425.000000000004 16275.000000000002 19425.000000000004 15225 19775.000000000004 9625.0000000000018
decision_type=2 2 2 2 2 2 2 2 2 2 2
left_child=10 7 6 5 -5 -4 -3 8 -2 -9 -1
right_child=1 2 3 4 -6 -7 -8 9 -10 -11 -12
leaf_value=0.31316715286111085 -0.070772524146476931 -0.028218094090086656 -0.024146421074219888 -0.02191948811582637 -0.022830433814806192 -0.024941687291748098 -0.028751411401595497 -0.071090357360121495 -0.070298043783858191 -0.070633578413739281 0.31341594428017472
leaf_weight=4864 10019 7956 6061 7160 7285 5989 8037 3978 9878 3937 4836
leaf_count=4864 10019 7956 6061 7160 7285 5989 8037 3978 9878 3937 4836
internal_value=-2.03066e-10 -0.0432279 -0.0252911 -0.0233625 -0.0223789 -0.0245417 -0.0284861 -0.0706298 -0.070537 -0.0708632 0.313291
internal_weight=80000 70300 42488 26495 14445 12050 15993 27812 19897 7915 9700
internal_count=80000 70300 42488 26495 14445 12050 15993 27812 19897 7915 9700
is_linear=0
shrinkage=0.05


Tree=46
num_leaves=12
num_cat=0
split_feature=2 3 2 2 2 2 2 2 2 2 2
split_gain=391120 12473.5 94.5104 11.0935 1.08174 0.687764 0.410519 0.217496 0.404238 0.149041 0.0541849
threshold=12425.000000000002 1.0000000180025095e-35 17850.000000000004 29925.000000000004 40075.000000000007 19425.000000000004 16275.000000000002 19425.000000000004 15225 19775.000000000004 9625.0000000000018
decision_type=2 2 2 2 2 2 2 2 2 2 2
left_child=10 7 6 5 -5 -4 -3 8 -2 -9 -1
right_child=1 2 3 4 -6 -7 -8 9 -10 -11 -12
leaf_value=0.29750880431351417 -0.067233894023765353 -0.026807192874422653 -0.022939102098605748 -0.02082351188304803 -0.021688916278260268 -0.023694601332452967 -0.027313841665844135 -0.067535843512880264 -0.066783144298228736 -0.067101900166309 0.29774515396931556
leaf_weight=4864 10019 7956 6061 7160 7285 5989 8037 3978 9878 3937 4836
leaf_count=4864 10019 7956 6061 7160 7285 5989 8037 3978 9878 3937 4836
internal_value=1.72348e-11 -0.0410665 -0.0240266 -0.0221944 -0.02126 -0.0233146 -0.0270618 -0.0670983 -0.0670101 -0.06732 0.297627
internal_weight=80000 70300 42488 26495 14445 12050 15993 27812 19897 7915 9700
internal_count=80000 70300 42488 26495 14445 12050 15993 27812 19897 7915 9700
is_linear=0
shrinkage=0.05


Tree=47
num_leaves=12
num_cat=0
split_feature=2 3 2 2 2 2 2 2 2 2 2
split_gain=352986 11257.3 85.2958 10.0119 0.976258 0.620701 0.370501 0.196289 0.364826 0.134507 0.0489028
threshold=12425.000000000002 1.0000000180025095e-35 17850.000000000004 29925.000000000004 40075.000000000007 19425.000000000004 16275.000000000002 19425.000000000004 15225 19775.000000000004 9625.0000000000018
decision_type=2 2 2 2 2 2 2 2 2 2 2
left_child=10 7 6 5 -5 -4 -3 8 -2 -9 -1
right_child=1 2 3 4 -6 -7 -8 9 -10 -11 -12
leaf_value=0.28263335897813857 -0.063872199242477529 -0.025466833495222503 -0.021792147152156261 -0.019782337236595612 -0.020604465992039297 -0.022509867780431878 -0.025948155286951442 -0.064159048092656878 -0.063443986128414342 -0.063746805753338173 0.28285789334649553
leaf_weight=4864 10019 7956 6061 7160 7285 5989 8037 3978 9878 3937 4836
leaf_count=4864 10019 7956 6061 7160 7285 5989 8037 3978 9878 3937 4836
internal_value=-2.39731e-10 -0.0390132 -0.0228252 -0.0210847 -0.020197 -0.0221489 -0.0257087 -0.0637434 -0.0636596 -0.063954 0.282745
internal_weight=80000 70300 42488 26495 14445 12050 15993 27812 19897 7915 9700
internal_count=80000 70300 42488 26495 14445 12050 15993 27812 19897 7915 9700
is_linear=0
shrinkage=0.05


Tree=48
num_leaves=12
num_cat=0
split_feature=2 3 2 2 2 2 2 2 2 2 2
split_gain=318570 10159.7 76.9792 9.03582 0.881073 0.56019 0.334371 0.177146 0.329265 0.121396 0.044132
threshold=12425.000000000002 1.0000000180025095e-35 17850.000000000004 29925.000000000004 40075.000000000007 19425.000000000004 16275.000000000002 19425.000000000004 15225 19775.000000000004 9625.0000000000018
decision_type=2 2 2 2 2 2 2 2 2 2 2
left_child=10 7 6 5 -5 -4 -3 8 -2 -9 -1
right_child=1 2 3 4 -6 -7 -8 9 -10 -11 -12
leaf_value=0.26850169763354548 -0.060678595327138943 -0.024193488952488153 -0.020702542758514859 -0.01879321978213256 -0.019574242149834126 -0.021384382070173735 -0.024650739994432326 -0.060951097270491632 -0.060271786743991709 -0.060559461507373791 0.2687149986217493
leaf_weight=4864 10019 7956 6061 7160 7285 5989 8037 3978 9878 3937 4836
leaf_count=4864 10019 7956 6061 7160 7285 5989 8037 3978 9878 3937 4836
internal_value=-1.16656e-10 -0.0370626 -0.021684 -0.0200305 -0.0191871 -0.0210414 -0.0244233 -0.0605562 -0.0604766 -0.0607563 0.268608
internal_weight=80000 70300 42488 26495 14445 12050 15993 27812 19897 7915 9700
internal_count=80000 70300 42488 26495 14445 12050 15993 27812 19897 7915 9700
is_linear=0
shrinkage=0.05


Tree=49
num_leaves=12
num_cat=0
split_feature=2 3 2 2 2 2 2 2 2 2 2
split_gain=287509 9169.17 69.4738 8.15478 0.79517 0.505569 0.301771 0.15988 0.297157 0.109558 0.0398312
threshold=12425.000000000002 1.0000000180025095e-35 17850.000000000004 29925.000000000004 40075.000000000007 19425.000000000004 16275.000000000002 19425.000000000004 15225 19775.000000000004 9625.0000000000018
decision_type=2 2 2 2 2 2 2 2 2 2 2
left_child=10 7 6 5 -5 -4 -3 8 -2 -9 -1
right_child=1 2 3 4 -6 -7 -8 9 -10 -11 -12
leaf_value=0.25507660400312687 -0.057644661237519525 -0.022983817158940961 -0.019667412426796236 -0.017853560362849311 -0.018595532197790483 -0.020315158087430615 -0.023418206659215648 -0.05790354270304892 -0.057258196384722751 -0.057531492137172763 0.25527924515585809
leaf_weight=4864 10019 7956 6061 7160 7285 5989 8037 3978 9878 3937 4836
leaf_count=4864 10019 7956 6061 7160 7285 5989 8037 3978 9878 3937 4836
internal_value=-7.47485e-10 -0.0352094 -0.0205998 -0.0190289 -0.0182278 -0.0199894 -0.0232021 -0.0575284 -0.0574528 -0.0577185 0.255178
internal_weight=80000 70300 42488 26495 14445 12050 15993 27812 19897 7915 9700
internal_count=80000 70300 42488 26495 14445 12050 15993 27812 19897 7915 9700
is_linear=0
shrinkage=0.05


Tree=50
num_leaves=12
num_cat=0
split_feature=2 3 2 2 2 2 2 2 2 2 2
split_gain=259477 8275.17 62.7 7.35969 0.717627 0.456272 0.272346 0.144287 0.268188 0.0988799 0.0359446
threshold=12425.000000000002 1.0000000180025095e-35 17850.000000000004 29925.000000000004 40075.000000000007 19425.000000000004 16275.000000000002 19425.000000000004 15225 19775.000000000004 9625.0000000000018
decision_type=2 2 2 2 2 2 2 2 2 2 2
left_child=10 7 6 5 -5 -4 -3 8 -2 -9 -1
right_child=1 2 3 4 -6 -7 -8 9 -10 -11 -12
leaf_value=0.2423227799248133 -0.054762430394827012 -0.021834623090390096 -0.018684043839075317 -0.016960886183023119 -0.01766575264134259 -0.019299399664326887 -0.022247291135094036 -0.055008366392752729 -0.054395286101704299 -0.054654911197182611 0.242515280718027
leaf_weight=4864 10019 7956 6061 7160 7285 5989 8037 3978 9878 3937 4836
leaf_count=4864 10019 7956 6061 7160 7285 5989 8037 3978 9878 3937 4836
internal_value=2.30672e-10 -0.033449 -0.0195698 -0.0180775 -0.0173164 -0.0189899 -0.022042 -0.054652 -0.0545802 -0.0548326 0.242419
internal_weight=80000 70300 42488 26495 14445 12050 15993 27812 19897 7915 9700
internal_count=80000 70300 42488 26495 14445 12050 15993 27812 19897 7915 9700
is_linear=0
shrinkage=0.05


Tree=51
num_leaves=12
num_cat=0
split_feature=2 3 2 2 2 2 2 2 2 2 2
split_gain=234178 7468.34 56.5868 6.64211 0.647674 0.411786 0.245802 0.13022 0.242032 0.0892369 0.032445
threshold=12425.000000000002 1.0000000180025095e-35 17850.000000000004 29925.000000000004 40075.000000000007 19425.000000000004 16275.000000000002 19425.000000000004 15225 19775.000000000004 9625.0000000000018
decision_type=2 2 2 2 2 2 2 2 2 2 2
left_child=10 7 6 5 -5 -4 -3 8 -2 -9 -1
right_child=1 2 3 4 -6 -7 -8 9 -10 -11 -12
leaf_value=0.23020663811237108 -0.052024308671212466 -0.02074289070370474 -0.017749840042345946 -0.016112837320174014 -0.016782468721271881 -0.018334428390899944 -0.021134933256596898 -0.05225794900376779 -0.051675527082036744 -0.051922170710289817 0.23038952812603297
leaf_weight=4864 10019 7956 6061 7160 7285 5989 8037 3978 9878 3937 4836
leaf_count=4864 10019 7956 6061 7160 7285 5989 8037 3978 9878 3937 4836
internal_value=-4.4399e-10 -0.0317765 -0.0185913 -0.0171736 -0.0164506 -0.0180404 -0.0209399 -0.0519194 -0.0518512 -0.0520909 0.230298
internal_weight=80000 70300 42488 26495 14445 12050 15993 27812 19897 7915 9700
internal_count=80000 70300 42488 26495 14445 12050 15993 27812 19897 7915 9700
is_linear=0
shrinkage=0.05


Tree=52
num_leaves=12
num_cat=0
split_feature=2 3 2 2 2 2 2 2 2 2 2
split_gain=211346 6740.18 51.0697 5.9945 0.584532 0.371646 0.221831 0.117525 0.218443 0.0805352 0.0292788
threshold=12425.000000000002 1.0000000180025095e-35 17850.000000000004 29925.000000000004 40075.000000000007 19425.000000000004 16275.000000000002 19425.000000000004 15225 19775.000000000004 9625.0000000000018
decision_type=2 2 2 2 2 2 2 2 2 2 2
left_child=10 7 6 5 -5 -4 -3 8 -2 -9 -1
right_child=1 2 3 4 -6 -7 -8 9 -10 -11 -12
leaf_value=0.21869631080217966 -0.049423093926990548 -0.019705749410012616 -0.016862342921052091 -0.01530719256704303 -0.015943345473878302 -0.017417708801084657 -0.020078185238564951 -0.049645049569639693 -0.049091744542579488 -0.049326062420638458 0.21887004800726834
leaf_weight=4864 10019 7956 6061 7160 7285 5989 8037 3978 9878 3937 4836
leaf_count=4864 10019 7956 6061 7160 7285 5989 8037 3978 9878 3937 4836
internal_value=7.03012e-10 -0.0301877 -0.0176617 -0.0163149 -0.015628 -0.0171384 -0.0198929 -0.0493234 -0.0492586 -0.0494864 0.218783
internal_weight=80000 70300 42488 26495 14445 12050 15993 27812 19897 7915 9700
internal_count=80000 70300 42488 26495 14445 12050 15993 27812 19897 7915 9700
is_linear=0
shrinkage=0.05


Tree=53
num_leaves=12
num_cat=0
split_feature=2 3 2 2 2 2 2 2 2 2 2
split_gain=190739 6083.01 46.0903 5.41006 0.527542 0.335403 0.200196 0.106069 0.197142 0.0726837 0.0264263
threshold=12425.000000000002 1.0000000180025095e-35 17850.000000000004 29925.000000000004 40075.000000000007 19425.000000000004 16275.000000000002 19425.000000000004 15225 19775.000000000004 9625.0000000000018
decision_type=2 2 2 2 2 2 2 2 2 2 2
left_child=10 7 6 5 -5 -4 -3 8 -2 -9 -1
right_child=1 2 3 4 -6 -7 -8 9 -10 -11 -12
leaf_value=0.20776148618254076 -0.04695193766336142 -0.018720463884537689 -0.016019234755159827 -0.014541835014417057 -0.015146181740791746 -0.016546825979399743 -0.019074272691594549 -0.047162800131707705 -0.046637157634811695 -0.046859760874121109 0.20792654338410732
leaf_weight=4864 10019 7956 6061 7160 7285 5989 8037 3978 9878 3937 4836
leaf_count=4864 10019 7956 6061 7160 7285 5989 8037 3978 9878 3937 4836
internal_value=-1.33835e-09 -0.0286783 -0.0167786 -0.0154992 -0.0148466 -0.0162815 -0.0188983 -0.0468572 -0.0467957 -0.0470121 0.207844
internal_weight=80000 70300 42488 26495 14445 12050 15993 27812 19897 7915 9700
internal_count=80000 70300 42488 26495 14445 12050 15993 27812 19897 7915 9700
is_linear=0
shrinkage=0.05


Tree=54
num_leaves=12
num_cat=0
split_feature=2 3 2 2 2 2 2 2 2 2 2
split_gain=172142 5489.92 41.5965 4.88257 0.476108 0.302704 0.180685 0.0957256 0.17792 0.0655954 0.0238486
threshold=12425.000000000002 1.0000000180025095e-35 17850.000000000004 29925.000000000004 40075.000000000007 19425.000000000004 16275.000000000002 19425.000000000004 15225 19775.000000000004 9625.0000000000018
decision_type=2 2 2 2 2 2 2 2 2 2 2
left_child=10 7 6 5 -5 -4 -3 8 -2 -9 -1
right_child=1 2 3 4 -6 -7 -8 9 -10 -11 -12
leaf_value=0.19737341126873451 -0.044604340975531599 -0.017784435111097115 -0.015218268163444232 -0.013814740168641572 -0.014388870328329638 -0.015719482050259352 -0.018120560888590508 -0.044804656571600224 -0.044305300630701094 -0.044516772960139332 0.19753021172060928
leaf_weight=4864 10019 7956 6061 7160 7285 5989 8037 3978 9878 3937 4836
leaf_count=4864 10019 7956 6061 7160 7285 5989 8037 3978 9878 3937 4836
internal_value=-1.18129e-10 -0.0272444 -0.0159397 -0.0147242 -0.0141043 -0.0154674 -0.0179533 -0.0445144 -0.0444559 -0.0446615 0.197452
internal_weight=80000 70300 42488 26495 14445 12050 15993 27812 19897 7915 9700
internal_count=80000 70300 42488 26495 14445 12050 15993 27812 19897 7915 9700
is_linear=0
shrinkage=0.05


Tree=55
num_leaves=12
num_cat=0
split_feature=2 3 2 2 2 2 2 2 2 2 2
split_gain=155358 4954.65 37.5409 4.40652 0.429676 0.27318 0.163071 0.0863939 0.160564 0.059202 0.0215263
threshold=12425.000000000002 1.0000000180025095e-35 17850.000000000004 29925.000000000004 40075.000000000007 19425.000000000004 16275.000000000002 19425.000000000004 15225 19775.000000000004 9625.0000000000018
decision_type=2 2 2 2 2 2 2 2 2 2 2
left_child=10 7 6 5 -5 -4 -3 8 -2 -9 -1
right_child=1 2 3 4 -6 -7 -8 9 -10 -11 -12
leaf_value=0.18750474176129406 -0.042374117533644499 -0.016895214284037199 -0.014457358942986227 -0.013124007312582975 -0.013669423374877572 -0.014933502967137392 -0.017214536391459596 -0.042564425667910397 -0.042090037219770088 -0.042290931088912936 0.18765371239083961
leaf_weight=4864 10019 7956 6061 7160 7285 5989 8037 3978 9878 3937 4836
leaf_count=4864 10019 7956 6061 7160 7285 5989 8037 3978 9878 3937 4836
internal_value=8.44111e-10 -0.0258822 -0.0151427 -0.013988 -0.0133991 -0.014694 -0.0170557 -0.0422887 -0.0422331 -0.0424284 0.187579
internal_weight=80000 70300 42488 26495 14445 12050 15993 27812 19897 7915 9700
internal_count=80000 70300 42488 26495 14445 12050 15993 27812 19897 7915 9700
is_linear=0
shrinkage=0.05


Tree=56
num_leaves=12
num_cat=0
split_feature=2 3 2 2 2 2 2 2 2 2 2
split_gain=140211 4471.57 33.8807 3.9769 0.38779 0.246551 0.147169 0.0779679 0.144922 0.0534303 0.0194269
threshold=12425.000000000002 1.0000000180025095e-35 17850.000000000004 29925.000000000004 40075.000000000007 19425.000000000004 16275.000000000002 19425.000000000004 15225 19775.000000000004 9625.0000000000018
decision_type=2 2 2 2 2 2 2 2 2 2 2
left_child=10 7 6 5 -5 -4 -3 8 -2 -9 -1
right_child=1 2 3 4 -6 -7 -8 9 -10 -11 -12
leaf_value=0.1781295036825028 -0.040255421449153388 -0.016050457882474625 -0.013734489419742479 -0.012467803330601789 -0.01298595377342493 -0.014186832134470861 -0.016353811025647501 -0.040436205725959823 -0.03998553331685395 -0.040176384848347235 0.17827102370141112
leaf_weight=4864 10019 7956 6061 7160 7285 5989 8037 3978 9878 3937 4836
leaf_count=4864 10019 7956 6061 7160 7285 5989 8037 3978 9878 3937 4836
internal_value=-1.09795e-09 -0.0245881 -0.0143856 -0.0132886 -0.0127291 -0.0139593 -0.0162029 -0.0401742 -0.0401214 -0.040307 0.1782
internal_weight=80000 70300 42488 26495 14445 12050 15993 27812 19897 7915 9700
internal_count=80000 70300 42488 26495 14445 12050 15993 27812 19897 7915 9700
is_linear=0
shrinkage=0.05


Tree=57
num_leaves=12
num_cat=0
split_feature=2 3 2 2 2 2 2 2 2 2 2
split_gain=126540 4035.59 30.5773 3.58913 0.349981 0.222513 0.13282 0.0703652 0.130791 0.0482192 0.0175321
threshold=12425.000000000002 1.0000000180025095e-35 17850.000000000004 29925.000000000004 40075.000000000007 19425.000000000004 16275.000000000002 19425.000000000004 15225 19775.000000000004 9625.0000000000018
decision_type=2 2 2 2 2 2 2 2 2 2 2
left_child=10 7 6 5 -5 -4 -3 8 -2 -9 -1
right_child=1 2 3 4 -6 -7 -8 9 -10 -11 -12
leaf_value=0.16922303039955297 -0.038242648610179168 -0.015247931764883685 -0.013047764034475979 -0.011844415177313765 -0.012336658373445317 -0.013477490035855751 -0.015536117343995334 -0.038414391050664354 -0.03798625582259528 -0.038167565275121766 0.16935747180910546
leaf_weight=4864 10019 7956 6061 7160 7285 5989 8037 3978 9878 3937 4836
leaf_count=4864 10019 7956 6061 7160 7285 5989 8037 3978 9878 3937 4836
internal_value=-5.96167e-11 -0.0233587 -0.0136663 -0.0126242 -0.0120927 -0.0132613 -0.0153928 -0.0381655 -0.0381154 -0.0382916 0.16929
internal_weight=80000 70300 42488 26495 14445 12050 15993 27812 19897 7915 9700
internal_count=80000 70300 42488 26495 14445 12050 15993 27812 19897 7915 9700
is_linear=0
shrinkage=0.05


Tree=58
num_leaves=12
num_cat=0
split_feature=2 3 2 2 2 2 2 2 2 2 2
split_gain=114203 3642.12 27.596 3.23917 0.315854 0.200817 0.119875 0.0635038 0.118035 0.0435188 0.015821
threshold=12425.000000000002 1.0000000180025095e-35 17850.000000000004 29925.000000000004 40075.000000000007 19425.000000000004 16275.000000000002 19425.000000000004 15225 19775.000000000004 9625.0000000000018
decision_type=2 2 2 2 2 2 2 2 2 2 2
left_child=10 7 6 5 -5 -4 -3 8 -2 -9 -1
right_child=1 2 3 4 -6 -7 -8 9 -10 -11 -12
leaf_value=0.16076188436778993 -0.036330513878597911 -0.01448553281169794 -0.012395374346106623 -0.011252197010331078 -0.011719825228461427 -0.012803613495328851 -0.014759314651542208 -0.036493671318002623 -0.036086944565988592 -0.036259184291424003 0.1608895967921524
leaf_weight=4864 10019 7956 6061 7160 7285 5989 8037 3978 9878 3937 4836
leaf_count=4864 10019 7956 6061 7160 7285 5989 8037 3978 9878 3937 4836
internal_value=4.02475e-10 -0.0221907 -0.012983 -0.011993 -0.011488 -0.0125983 -0.0146231 -0.0362572 -0.0362096 -0.036377 0.160826
internal_weight=80000 70300 42488 26495 14445 12050 15993 27812 19897 7915 9700
internal_count=80000 70300 42488 26495 14445 12050 15993 27812 19897 7915 9700
is_linear=0
shrinkage=0.05


Tree=59
num_leaves=12
num_cat=0
split_feature=2 3 2 2 2 2 2 2 2 2 2
split_gain=103068 3287.02 24.9054 2.92338 0.285067 0.181237 0.108181 0.05731 0.106524 0.039277 0.0142779
threshold=12425.000000000002 1.0000000180025095e-35 17850.000000000004 29925.000000000004 40075.000000000007 19425.000000000004 16275.000000000002 19425.000000000004 15225 19775.000000000004 9625.0000000000018
decision_type=2 2 2 2 2 2 2 2 2 2 2
left_child=10 7 6 5 -5 -4 -3 8 -2 -9 -1
right_child=1 2 3 4 -6 -7 -8 9 -10 -11 -12
leaf_value=0.15272379177447659 -0.034513989666177122 -0.013761262080370873 -0.011775609081662187 -0.010689582258923691 -0.01113383547878008 -0.012163436114669773 -0.01402134780364251 -0.03466898937575421 -0.034282601449694139 -0.034446223041759219 0.15284511632352646
leaf_weight=4864 10019 7956 6061 7160 7285 5989 8037 3978 9878 3937 4836
leaf_count=4864 10019 7956 6061 7160 7285 5989 8037 3978 9878 3937 4836
internal_value=-9.13586e-10 -0.0210812 -0.0123338 -0.0113933 -0.0109136 -0.0119684 -0.013892 -0.0344444 -0.0343991 -0.0345582 0.152784
internal_weight=80000 70300 42488 26495 14445 12050 15993 27812 19897 7915 9700
internal_count=80000 70300 42488 26495 14445 12050 15993 27812 19897 7915 9700
is_linear=0
shrinkage=0.05


Tree=60
num_leaves=12
num_cat=0
split_feature=2 3 2 2 2 2 2 2 2 2 2
split_gain=93018.8 2966.53 22.4771 2.63837 0.25726 0.163567 0.0976344 0.0517242 0.0961344 0.0354468 0.012887
threshold=12425.000000000002 1.0000000180025095e-35 17850.000000000004 29925.000000000004 40075.000000000007 19425.000000000004 16275.000000000002 19425.000000000004 15225 19775.000000000004 9625.0000000000018
decision_type=2 2 2 2 2 2 2 2 2 2 2
left_child=10 7 6 5 -5 -4 -3 8 -2 -9 -1
right_child=1 2 3 4 -6 -7 -8 9 -10 -11 -12
leaf_value=0.14508759668672516 -0.032788286077030653 -0.013073192753240023 -0.01118682846522232 -0.010155105760532279 -0.010577135856941138 -0.011555263999547722 -0.013320275308161973 -0.032935539562705063 -0.032568471446072049 -0.032723913673010578 0.14520286025199811
leaf_weight=4864 10019 7956 6061 7160 7285 5989 8037 3978 9878 3937 4836
leaf_count=4864 10019 7956 6061 7160 7285 5989 8037 3978 9878 3937 4836
internal_value=8.65263e-10 -0.0200271 -0.0117171 -0.0108237 -0.0103679 -0.0113699 -0.0131974 -0.0327222 -0.0326792 -0.0328303 0.145145
internal_weight=80000 70300 42488 26495 14445 12050 15993 27812 19897 7915 9700
internal_count=80000 70300 42488 26495 14445 12050 15993 27812 19897 7915 9700
is_linear=0
shrinkage=0.05


Tree=61
num_leaves=12
num_cat=0
split_feature=2 4 2 2 2 2 2 2 2 2 2
split_gain=83949.5 2677.3 20.2857 2.38111 0.232173 0.147619 0.088117 0.04668 0.0867634 0.0319906 0.0116316
threshold=12425.000000000002 0.20000000000000004 17850.000000000004 29925.000000000004 40075.000000000007 19425.000000000004 16275.000000000002 19425.000000000004 15225 19775.000000000004 9625.0000000000018
decision_type=2 2 2 2 2 2 2 2 2 2 2
left_child=10 7 6 5 -5 -4 -3 8 -2 -9 -1
right_child=1 2 3 4 -6 -7 -8 9 -10 -11 -12
leaf_value=0.13783321772910814 -0.03114887240897056 -0.012419537996549369 -0.010627484987316631 -0.0096473537786661637 -0.010048279169555675 -0.010977498624268806 -0.012654269037260869 -0.031288760199629943 -0.030940045997718588 -0.031087715885183116 0.13794272307204844
leaf_weight=4864 10019 7956 6061 7160 7285 5989 8037 3978 9878 3937 4836
leaf_count=4864 10019 7956 6061 7160 7285 5989 8037 3978 9878 3937 4836
internal_value=3.7673e-10 -0.0190258 -0.0111313 -0.0102825 -0.00984955 -0.0108014 -0.0125375 -0.0310861 -0.0310452 -0.0311888 0.137888
internal_weight=80000 70300 42488 26495 14445 12050 15993 27812 19897 7915 9700
internal_count=80000 70300 42488 26495 14445 12050 15993 27812 19897 7915 9700
is_linear=0
shrinkage=0.05


Tree=62
num_leaves=12
num_cat=0
split_feature=2 3 2 2 2 2 2 2 2 2 2
split_gain=75764.4 2416.26 18.3077 2.14894 0.209545 0.133227 0.0795279 0.0421321 0.0783033 0.0288713 0.0104963
threshold=12425.000000000002 1.0000000180025095e-35 17850.000000000004 29925.000000000004 40075.000000000007 19425.000000000004 16275.000000000002 19425.000000000004 15225 19775.000000000004 9625.0000000000018
decision_type=2 2 2 2 2 2 2 2 2 2 2
left_child=10 7 6 5 -5 -4 -3 8 -2 -9 -1
right_child=1 2 3 4 -6 -7 -8 9 -10 -11 -12
leaf_value=0.13094155513883715 -0.029591427248594843 -0.011798556244945373 -0.010096112041742237 -0.0091649853799961375 -0.0095458724580937838 -0.010428625754571179 -0.012021553896234752 -0.029724326190886843 -0.029393043069011627 -0.029533334979922901 0.13104557924957924
leaf_weight=4864 10019 7956 6061 7160 7285 5989 8037 3978 9878 3937 4836
leaf_count=4864 10019 7956 6061 7160 7285 5989 8037 3978 9878 3937 4836
internal_value=-5.75654e-10 -0.0180745 -0.0105747 -0.00976835 -0.00935708 -0.0102614 -0.0119106 -0.0295318 -0.0294929 -0.0296293 0.130993
internal_weight=80000 70300 42488 26495 14445 12050 15993 27812 19897 7915 9700
internal_count=80000 70300 42488 26495 14445 12050 15993 27812 19897 7915 9700
is_linear=0
shrinkage=0.05


Tree=63
num_leaves=12
num_cat=0
split_feature=2 3 2 2 2 2 2 2 2 2 2
split_gain=68377.4 2180.67 16.5227 1.93943 0.189102 0.120242 0.0717708 0.0380214 0.0706725 0.0260563 0.00947337
threshold=12425.000000000002 1.0000000180025095e-35 17850.000000000004 29925.000000000004 40075.000000000007 19425.000000000004 16275.000000000002 19425.000000000004 15225 19775.000000000004 9625.0000000000018
decision_type=2 2 2 2 2 2 2 2 2 2 2
left_child=10 7 6 5 -5 -4 -3 8 -2 -9 -1
right_child=1 2 3 4 -6 -7 -8 9 -10 -11 -12
leaf_value=0.12439447379570323 -0.028111861695492714 -0.011208630152737962 -0.009591303608423897 -0.0087067394293091904 -0.0090685706013400851 -0.0099071980699065483 -0.011420473324775368 -0.028238108184072658 -0.027923391629160823 -0.028056666782203865 0.12449329910170411
leaf_weight=4864 10019 7956 6061 7160 7285 5989 8037 3978 9878 3937 4836
leaf_count=4864 10019 7956 6061 7160 7285 5989 8037 3978 9878 3937 4836
internal_value=-9.81025e-10 -0.0171708 -0.010046 -0.00927994 -0.00888922 -0.00974831 -0.0113151 -0.0280552 -0.0280183 -0.0281479 0.124444
internal_weight=80000 70300 42488 26495 14445 12050 15993 27812 19897 7915 9700
internal_count=80000 70300 42488 26495 14445 12050 15993 27812 19897 7915 9700
is_linear=0
shrinkage=0.05


Tree=64
num_leaves=12
num_cat=0
split_feature=2 3 2 2 2 2 2 2 2 2 2
split_gain=61710.6 1968.06 14.9118 1.75033 0.170675 0.108517 0.0647712 0.0343163 0.0637756 0.0235154 0.00854947
threshold=12425.000000000002 1.0000000180025095e-35 17850.000000000004 29925.000000000004 40075.000000000007 19425.000000000004 16275.000000000002 19425.000000000004 15225 19775.000000000004 9625.0000000000018
decision_type=2 2 2 2 2 2 2 2 2 2 2
left_child=10 7 6 5 -5 -4 -3 8 -2 -9 -1
right_child=1 2 3 4 -6 -7 -8 9 -10 -11 -12
leaf_value=0.11817475259316373 -0.026706263805001129 -0.010648199099759429 -0.0091117359831237327 -0.0082713944909413861 -0.0086151445436792543 -0.0094118334235641227 -0.010849447119425698 -0.026826205272120124 -0.02652722611107234 -0.026653837414154065 0.1182686353086595
leaf_weight=4864 10019 7956 6061 7160 7285 5989 8037 3978 9878 3937 4836
leaf_count=4864 10019 7956 6061 7160 7285 5989 8037 3978 9878 3937 4836
internal_value=3.08082e-10 -0.0163122 -0.00954369 -0.00881594 -0.00844476 -0.00926089 -0.0107493 -0.0266524 -0.0266174 -0.0267405 0.118222
internal_weight=80000 70300 42488 26495 14445 12050 15993 27812 19897 7915 9700
internal_count=80000 70300 42488 26495 14445 12050 15993 27812 19897 7915 9700
is_linear=0
shrinkage=0.05


Tree=65
num_leaves=12
num_cat=0
split_feature=2 3 2 2 2 2 2 2 2 2 2
split_gain=55693.8 1776.17 13.4579 1.57967 0.154034 0.0979328 0.0584568 0.0309682 0.0575622 0.021222 0.00771516
threshold=12425.000000000002 1.0000000180025095e-35 17850.000000000004 29925.000000000004 40075.000000000007 19425.000000000004 16275.000000000002 19425.000000000004 15225 19775.000000000004 9625.0000000000018
decision_type=2 2 2 2 2 2 2 2 2 2 2
left_child=10 7 6 5 -5 -4 -3 8 -2 -9 -1
right_child=1 2 3 4 -6 -7 -8 9 -10 -11 -12
leaf_value=0.11226601973560385 -0.025370954485206515 -0.010115791174358662 -0.0086561551237977624 -0.0078578305876356638 -0.0081843928629951133 -0.0089412427241055328 -0.010306978043371079 -0.025484889960493182 -0.025200861694088035 -0.025321142836248561 0.11235520402168264
leaf_weight=4864 10019 7956 6061 7160 7285 5989 8037 3978 9878 3937 4836
leaf_count=4864 10019 7956 6061 7160 7285 5989 8037 3978 9878 3937 4836
internal_value=-1.18475e-09 -0.0154966 -0.00906651 -0.00837514 -0.00802252 -0.00879785 -0.0102119 -0.0253198 -0.0252865 -0.0254034 0.11231
internal_weight=80000 70300 42488 26495 14445 12050 15993 27812 19897 7915 9700
internal_count=80000 70300 42488 26495 14445 12050 15993 27812 19897 7915 9700
is_linear=0
shrinkage=0.05


Tree=66
num_leaves=12
num_cat=0
split_feature=2 3 2 2 2 2 2 2 2 2 2
split_gain=50263.7 1603 12.1458 1.42565 0.139019 0.0883873 0.0527588 0.0279488 0.0519494 0.019154 0.00696346
threshold=12425.000000000002 1.0000000180025095e-35 17850.000000000004 29925.000000000004 40075.000000000007 19425.000000000004 16275.000000000002 19425.000000000004 15225 19775.000000000004 9625.0000000000018
decision_type=2 2 2 2 2 2 2 2 2 2 2
left_child=10 7 6 5 -5 -4 -3 8 -2 -9 -1
right_child=1 2 3 4 -6 -7 -8 9 -10 -11 -12
leaf_value=0.10665272192509292 -0.024102405710913995 -0.0096099999536083097 -0.0082233408609104532 -0.0074649339339724497 -0.0077751715846027985 -0.0084941786165663464 -0.0097916302280396106 -0.024210647188120368 -0.023940818417093866 -0.024055082725148325 0.10673745023695645
leaf_weight=4864 10019 7956 6061 7160 7285 5989 8037 3978 9878 3937 4836
leaf_count=4864 10019 7956 6061 7160 7285 5989 8037 3978 9878 3937 4836
internal_value=9.75216e-10 -0.0147218 -0.00861318 -0.00795638 -0.0076214 -0.00835795 -0.00970128 -0.0240538 -0.0240222 -0.0241333 0.106695
internal_weight=80000 70300 42488 26495 14445 12050 15993 27812 19897 7915 9700
internal_count=80000 70300 42488 26495 14445 12050 15993 27812 19897 7915 9700
is_linear=0
shrinkage=0.05


Tree=67
num_leaves=12
num_cat=0
split_feature=2 3 2 2 2 2 2 2 2 2 2
split_gain=45363 1446.7 10.9615 1.28665 0.125458 0.0797698 0.0476131 0.0252262 0.0468858 0.0172863 0.0062842
threshold=12425.000000000002 1.0000000180025095e-35 17850.000000000004 29925.000000000004 40075.000000000007 19425.000000000004 16275.000000000002 19425.000000000004 15225 19775.000000000004 9625.0000000000018
decision_type=2 2 2 2 2 2 2 2 2 2 2
left_child=10 7 6 5 -5 -4 -3 8 -2 -9 -1
right_child=1 2 3 4 -6 -7 -8 9 -10 -11 -12
leaf_value=0.10132008012920586 -0.022897283939690073 -0.0091295012475373447 -0.0078121766329310345 -0.0070916930740362125 -0.0073864115689313533 -0.0080694729636723722 -0.0093020468922409855 -0.02300011668390093 -0.02274377353978348 -0.022852331153041423 0.10140056992410187
leaf_weight=4864 10019 7956 6061 7160 7285 5989 8037 3978 9878 3937 4836
leaf_count=4864 10019 7956 6061 7160 7285 5989 8037 3978 9878 3937 4836
internal_value=-2.30927e-10 -0.0139857 -0.00818252 -0.00755857 -0.00724033 -0.00794006 -0.00921621 -0.0228511 -0.0228211 -0.0229266 0.10136
internal_weight=80000 70300 42488 26495 14445 12050 15993 27812 19897 7915 9700
internal_count=80000 70300 42488 26495 14445 12050 15993 27812 19897 7915 9700
is_linear=0
shrinkage=0.05


Tree=68
num_leaves=12
num_cat=0
split_feature=2 3 2 2 2 2 2 2 2 2 2
split_gain=40940.1 1305.65 9.8928 1.16123 0.113225 0.0719899 0.0429721 0.0227646 0.042315 0.0156017 0.00567162
threshold=12425.000000000002 1.0000000180025095e-35 17850.000000000004 29925.000000000004 40075.000000000007 19425.000000000004 16275.000000000002 19425.000000000004 15225 19775.000000000004 9625.0000000000018
decision_type=2 2 2 2 2 2 2 2 2 2 2
left_child=10 7 6 5 -5 -4 -3 8 -2 -9 -1
right_child=1 2 3 4 -6 -7 -8 9 -10 -11 -12
leaf_value=0.096254071973582642 -0.021752423377653769 -0.0086730281424536853 -0.0074215744025324763 -0.0067371063560145231 -0.0070170877114409435 -0.0076660018557790565 -0.008836948962351987 -0.021850111163204913 -0.021606587549044272 -0.02170971150808429 0.096330538182723996
leaf_weight=4864 10019 7956 6061 7160 7285 5989 8037 3978 9878 3937 4836
leaf_count=4864 10019 7956 6061 7160 7285 5989 8037 3978 9878 3937 4836
internal_value=-2.1635e-09 -0.0132864 -0.0077734 -0.00718064 -0.00687831 -0.00754306 -0.0087554 -0.0217086 -0.02168 -0.0217803 0.0962922
internal_weight=80000 70300 42488 26495 14445 12050 15993 27812 19897 7915 9700
internal_count=80000 70300 42488 26495 14445 12050 15993 27812 19897 7915 9700
is_linear=0
shrinkage=0.05


Tree=69
num_leaves=12
num_cat=0
split_feature=2 3 2 2 2 2 2 2 2 2 2
split_gain=36948.4 1178.35 8.92824 1.04798 0.10219 0.0649694 0.0387817 0.0205483 0.0381874 0.0140799 0.00511786
threshold=12425.000000000002 1.0000000180025095e-35 17850.000000000004 29925.000000000004 40075.000000000007 19425.000000000004 16275.000000000002 19425.000000000004 15225 19775.000000000004 9625.0000000000018
decision_type=2 2 2 2 2 2 2 2 2 2 2
left_child=10 7 6 5 -5 -4 -3 8 -2 -9 -1
right_child=1 2 3 4 -6 -7 -8 9 -10 -11 -12
leaf_value=0.091441377867685289 -0.020664797075600469 -0.0082393748448497221 -0.0070504909139777281 -0.0064002504943915213 -0.0066662388015917978 -0.0072826944021050916 -0.0083950983368579236 -0.020757608140113553 -0.020526256361018846 -0.020624231564335585 0.091514015240593286
leaf_weight=4864 10019 7956 6061 7160 7285 5989 8037 3978 9878 3937 4836
leaf_count=4864 10019 7956 6061 7160 7285 5989 8037 3978 9878 3937 4836
internal_value=1.94437e-10 -0.0126221 -0.00738473 -0.00682161 -0.0065344 -0.0071659 -0.00831763 -0.0206231 -0.020596 -0.0206913 0.0914776
internal_weight=80000 70300 42488 26495 14445 12050 15993 27812 19897 7915 9700
internal_count=80000 70300 42488 26495 14445 12050 15993 27812 19897 7915 9700
is_linear=0
shrinkage=0.05


Tree=70
num_leaves=12
num_cat=0
split_feature=2 3 2 2 2 2 2 2 2 2 2
split_gain=33345.9 1063.46 8.05775 0.945819 0.0922248 0.0586374 0.0350002 0.018545 0.0344639 0.0127066 0.00461989
threshold=12425.000000000002 1.0000000180025095e-35 17850.000000000004 29925.000000000004 40075.000000000007 19425.000000000004 16275.000000000002 19425.000000000004 15225 19775.000000000004 9625.0000000000018
decision_type=2 2 2 2 2 2 2 2 2 2 2
left_child=10 7 6 5 -5 -4 -3 8 -2 -9 -1
right_child=1 2 3 4 -6 -7 -8 9 -10 -11 -12
leaf_value=0.086869305102918834 -0.019631555480055889 -0.0078274062498756899 -0.0066979661567478227 -0.0060802354083156207 -0.0063329215703612635 -0.0069185640830562948 -0.0079753428798371249 -0.019719725611788572 -0.019499942405387122 -0.0195930202055608 0.086938318252843316
leaf_weight=4864 10019 7956 6061 7160 7285 5989 8037 3978 9878 3937 4836
leaf_count=4864 10019 7956 6061 7160 7285 5989 8037 3978 9878 3937 4836
internal_value=1.06801e-09 -0.011991 -0.00701549 -0.00648052 -0.00620767 -0.00680761 -0.00790175 -0.019592 -0.0195662 -0.0196567 0.0869037
internal_weight=80000 70300 42488 26495 14445 12050 15993 27812 19897 7915 9700
internal_count=80000 70300 42488 26495 14445 12050 15993 27812 19897 7915 9700
is_linear=0
shrinkage=0.05


Tree=71
num_leaves=12
num_cat=0
split_feature=2 3 2 2 2 2 2 2 2 2 2
split_gain=30094.7 959.773 7.2721 0.853582 0.0832337 0.0529207 0.0315892 0.0167331 0.0311041 0.0114675 0.00417032
threshold=12425.000000000002 1.0000000180025095e-35 17850.000000000004 29925.000000000004 40075.000000000007 19425.000000000004 16275.000000000002 19425.000000000004 15225 19775.000000000004 9625.0000000000018
decision_type=2 2 2 2 2 2 2 2 2 2 2
left_child=10 7 6 5 -5 -4 -3 8 -2 -9 -1
right_child=1 2 3 4 -6 -7 -8 9 -10 -11 -12
leaf_value=0.08252583486354477 -0.018649983119464572 -0.0074360340453942355 -0.0063630654190769079 -0.0057762276299044013 -0.0060162806364579173 -0.0065726344663532242 -0.0075765773222117461 -0.01873373419555174 -0.018524949816537378 -0.01861336496761969 0.082591404194660614
leaf_weight=4864 10019 7956 6061 7160 7285 5989 8037 3978 9878 3937 4836
leaf_count=4864 10019 7956 6061 7160 7285 5989 8037 3978 9878 3937 4836
internal_value=-4.57524e-10 -0.0113914 -0.00666472 -0.0061565 -0.00589729 -0.00646722 -0.00750666 -0.0186124 -0.0185879 -0.0186739 0.0825585
internal_weight=80000 70300 42488 26495 14445 12050 15993 27812 19897 7915 9700
internal_count=80000 70300 42488 26495 14445 12050 15993 27812 19897 7915 9700
is_linear=0
shrinkage=0.05


Tree=72
num_leaves=12
num_cat=0
split_feature=2 3 2 2 2 3 2 2 2 2 2
split_gain=27160.5 866.195 6.56308 0.770359 0.075119 0.0477605 0.028509 0.0151038 0.0280728 0.0103492 0.0037622
threshold=12425.000000000002 1.0000000180025095e-35 17850.000000000004 29925.000000000004 40075.000000000007 0.12613636363636363 16275.000000000002 19425.000000000004 15225 19775.000000000004 9625.0000000000018
decision_type=2 2 2 2 2 2 2 2 2 2 2
left_child=10 7 6 5 -5 -4 -3 8 -2 -9 -1
right_child=1 2 3 4 -6 -7 -8 9 -10 -11 -12
leaf_value=0.078399549099417792 -0.017717482035062022 -0.0070642307990311211 -0.0062439998012371713 -0.0054874129201429927 -0.0057154641227666701 -0.0060449101948963349 -0.0071977462866912971 -0.017797049113381078 -0.017598697503980156 -0.017682699937040327 0.07846182737923528
leaf_weight=4864 10019 7956 5989 7160 7285 6061 8037 3978 9878 3937 4836
leaf_count=4864 10019 7956 5989 7160 7285 6061 8037 3978 9878 3937 4836
internal_value=1.39075e-09 -0.0108219 -0.00633148 -0.00584867 -0.00560243 -0.00614386 -0.00713133 -0.0176818 -0.0176585 -0.0177402 0.0784306
internal_weight=80000 70300 42488 26495 14445 12050 15993 27812 19897 7915 9700
internal_count=80000 70300 42488 26495 14445 12050 15993 27812 19897 7915 9700
is_linear=0
shrinkage=0.05


Tree=73
num_leaves=12
num_cat=0
split_feature=2 3 2 2 2 2 2 2 2 2 2
split_gain=24512.3 781.741 5.92315 0.695256 0.067791 0.0431047 0.0257294 0.0136309 0.025335 0.00934057 0.00339602
threshold=12425.000000000002 1.0000000180025095e-35 17850.000000000004 29925.000000000004 40075.000000000007 19425.000000000004 16275.000000000002 19425.000000000004 15225 19775.000000000004 9625.0000000000018
decision_type=2 2 2 2 2 2 2 2 2 2 2
left_child=10 7 6 5 -5 -4 -3 8 -2 -9 -1
right_child=1 2 3 4 -6 -7 -8 9 -10 -11 -12
leaf_value=0.074479570280257243 -0.016831611110421134 -0.0067110215437537306 -0.0057426697283181442 -0.0052130488683495612 -0.005429691309275524 -0.0059318067164407257 -0.0068378611953166628 -0.016907201083484698 -0.016718767287572996 -0.016798566779565625 0.07453874022571387
leaf_weight=4864 10019 7956 6061 7160 7285 5989 8037 3978 9878 3937 4836
leaf_count=4864 10019 7956 6061 7160 7285 5989 8037 3978 9878 3937 4836
internal_value=-1.76614e-09 -0.0102808 -0.00601491 -0.00555624 -0.00532231 -0.00583667 -0.00677476 -0.0167977 -0.0167756 -0.0168532 0.0745091
internal_weight=80000 70300 42488 26495 14445 12050 15993 27812 19897 7915 9700
internal_count=80000 70300 42488 26495 14445 12050 15993 27812 19897 7915 9700
is_linear=0
shrinkage=0.05


Tree=74
num_leaves=12
num_cat=0
split_feature=2 3 2 2 2 2 2 2 2 2 2
split_gain=22122.4 705.521 5.34567 0.627473 0.0611877 0.0389023 0.0232211 0.0123015 0.0228638 0.00842977 0.00306507
threshold=12425.000000000002 1.0000000180025095e-35 17850.000000000004 29925.000000000004 40075.000000000007 19425.000000000004 16275.000000000002 19425.000000000004 15225 19775.000000000004 9625.0000000000018
decision_type=2 2 2 2 2 2 2 2 2 2 2
left_child=10 7 6 5 -5 -4 -3 8 -2 -9 -1
right_child=1 2 3 4 -6 -7 -8 9 -10 -11 -12
leaf_value=0.070755586565793532 -0.015990027623144162 -0.0063754702670651394 -0.0054555341432607008 -0.004952387774023995 -0.0051582087154893146 -0.0056352151274046882 -0.0064959688732239233 -0.016061837790690644 -0.015882828395649678 -0.015958635775489009 0.070811799452162524
leaf_weight=4864 10019 7956 6061 7160 7285 5989 8037 3978 9878 3937 4836
leaf_count=4864 10019 7956 6061 7160 7285 5989 8037 3978 9878 3937 4836
internal_value=-7.03686e-10 -0.00976673 -0.00571416 -0.00527843 -0.00505619 -0.00554484 -0.00643602 -0.0159578 -0.0159368 -0.0160105 0.0707836
internal_weight=80000 70300 42488 26495 14445 12050 15993 27812 19897 7915 9700
internal_count=80000 70300 42488 26495 14445 12050 15993 27812 19897 7915 9700
is_linear=0
shrinkage=0.05


Tree=75
num_leaves=12
num_cat=0
split_feature=2 3 2 2 2 2 2 2 2 2 2
split_gain=19965.5 636.733 4.82446 0.56629 0.055216 0.0351108 0.0209538 0.0111012 0.0206356 0.00760815 0.00276574
threshold=12425.000000000002 1.0000000180025095e-35 17850.000000000004 29925.000000000004 40075.000000000007 19425.000000000004 16275.000000000002 19425.000000000004 15225 19775.000000000004 9625.0000000000018
decision_type=2 2 2 2 2 2 2 2 2 2 2
left_child=10 7 6 5 -5 -4 -3 8 -2 -9 -1
right_child=1 2 3 4 -6 -7 -8 9 -10 -11 -12
leaf_value=0.06721781571448919 -0.015190528415685231 -0.0060567000578605357 -0.0051827548422901555 -0.0047047743341505476 -0.0049002937637800887 -0.005353455169533311 -0.0061711650012528634 -0.015258744973639861 -0.015088686675256697 -0.015160701235955266 0.067271213293945628
leaf_weight=4864 10019 7956 6061 7160 7285 5989 8037 3978 9878 3937 4836
leaf_count=4864 10019 7956 6061 7160 7285 5989 8037 3978 9878 3937 4836
internal_value=2.56153e-10 -0.00927839 -0.00542845 -0.00501451 -0.00480338 -0.0052676 -0.00611422 -0.0151599 -0.01514 -0.01521 0.0672444
internal_weight=80000 70300 42488 26495 14445 12050 15993 27812 19897 7915 9700
internal_count=80000 70300 42488 26495 14445 12050 15993 27812 19897 7915 9700
is_linear=0
shrinkage=0.05


Tree=76
num_leaves=12
num_cat=0
split_feature=2 3 2 2 2 2 2 2 2 2 2
split_gain=18018.8 574.652 4.35408 0.511085 0.0498365 0.0316845 0.0189119 0.0100202 0.0186218 0.00686621 0.00249634
threshold=12425.000000000002 1.0000000180025095e-35 17850.000000000004 29925.000000000004 40075.000000000007 19425.000000000004 16275.000000000002 19425.000000000004 15225 19775.000000000004 9625.0000000000018
decision_type=2 2 2 2 2 2 2 2 2 2 2
left_child=10 7 6 5 -5 -4 -3 8 -2 -9 -1
right_child=1 2 3 4 -6 -7 -8 9 -10 -11 -12
leaf_value=0.0638569242890107 -0.014430997098932669 -0.0057538619618617004 -0.0049236211106131978 -0.0044695284840938323 -0.0046552794845495125 -0.005085778939165269 -0.0058626066703137648 -0.014495809130965015 -0.01433425212001449 -0.014402668548502235 0.063907654604597741
leaf_weight=4864 10019 7956 6061 7160 7285 5989 8037 3978 9878 3937 4836
leaf_count=4864 10019 7956 6061 7160 7285 5989 8037 3978 9878 3937 4836
internal_value=1.65061e-09 -0.00881447 -0.00515703 -0.00476378 -0.00456321 -0.00500422 -0.00580851 -0.0144019 -0.014383 -0.0144495 0.0638822
internal_weight=80000 70300 42488 26495 14445 12050 15993 27812 19897 7915 9700
internal_count=80000 70300 42488 26495 14445 12050 15993 27812 19897 7915 9700
is_linear=0
shrinkage=0.05


Tree=77
num_leaves=12
num_cat=0
split_feature=2 3 2 2 2 2 2 2 2 2 2
split_gain=16262 518.623 3.92952 0.461245 0.044975 0.0285975 0.01707 0.00904342 0.0168075 0.00619674 0.00225263
threshold=12425.000000000002 1.0000000180025095e-35 17850.000000000004 29925.000000000004 40075.000000000007 19425.000000000004 16275.000000000002 19425.000000000004 15225 19775.000000000004 9625.0000000000018
decision_type=2 2 2 2 2 2 2 2 2 2 2
left_child=10 7 6 5 -5 -4 -3 8 -2 -9 -1
right_child=1 2 3 4 -6 -7 -8 9 -10 -11 -12
leaf_value=0.060664080076681837 -0.013709447158396752 -0.0054661635104553061 -0.0046774365124674418 -0.0042460580775717481 -0.0044225167642477281 -0.0048314922665816974 -0.0055694770941182746 -0.013771017597286009 -0.013617536020788586 -0.013682534126106533 0.060712270549986652
leaf_weight=4864 10019 7956 6061 7160 7285 5989 8037 3978 9878 3937 4836
leaf_count=4864 10019 7956 6061 7160 7285 5989 8037 3978 9878 3937 4836
internal_value=2.05598e-09 -0.00837375 -0.00489918 -0.00452559 -0.00433505 -0.004754 -0.00551808 -0.0136818 -0.0136638 -0.013727 0.0606881
internal_weight=80000 70300 42488 26495 14445 12050 15993 27812 19897 7915 9700
internal_count=80000 70300 42488 26495 14445 12050 15993 27812 19897 7915 9700
is_linear=0
shrinkage=0.05


Tree=78
num_leaves=12
num_cat=0
split_feature=2 3 2 2 2 2 2 2 2 2 2
split_gain=14676.4 468.057 3.54641 0.416277 0.0405903 0.0258067 0.0154038 0.00816162 0.0151685 0.00559198 0.00203269
threshold=12425.000000000002 1.0000000180025095e-35 17850.000000000004 29925.000000000004 40075.000000000007 19425.000000000004 16275.000000000002 19425.000000000004 15225 19775.000000000004 9625.0000000000018
decision_type=2 2 2 2 2 2 2 2 2 2 2
left_child=10 7 6 5 -5 -4 -3 8 -2 -9 -1
right_child=1 2 3 4 -6 -7 -8 9 -10 -11 -12
leaf_value=0.057630875068390486 -0.013023975198358424 -0.0051928622154013273 -0.0044435702584830405 -0.0040337551811718293 -0.0042013917307044376 -0.0045899161043559634 -0.0052910039740102065 -0.013082465046141196 -0.012936660334584727 -0.012998410151759954 0.057676652507543349
leaf_weight=4864 10019 7956 6061 7160 7285 5989 8037 3978 9878 3937 4836
leaf_count=4864 10019 7956 6061 7160 7285 5989 8037 3978 9878 3937 4836
internal_value=2.42186e-10 -0.00795506 -0.00465422 -0.00429931 -0.0041183 -0.00451631 -0.00524218 -0.0129977 -0.0129806 -0.0130407 0.0576537
internal_weight=80000 70300 42488 26495 14445 12050 15993 27812 19897 7915 9700
internal_count=80000 70300 42488 26495 14445 12050 15993 27812 19897 7915 9700
is_linear=0
shrinkage=0.05


Tree=79
num_leaves=12
num_cat=0
split_feature=2 3 2 2 2 2 2 2 2 2 2
split_gain=13245.5 422.422 3.20063 0.375684 0.0366344 0.0232937 0.0139034 0.00736587 0.0136893 0.00504769 0.00183454
threshold=12425.000000000002 1.0000000180025095e-35 17850.000000000004 29925.000000000004 40075.000000000007 19425.000000000004 16275.000000000002 19425.000000000004 15225 19775.000000000004 9625.0000000000018
decision_type=2 2 2 2 2 2 2 2 2 2 2
left_child=10 7 6 5 -5 -4 -3 8 -2 -9 -1
right_child=1 2 3 4 -6 -7 -8 9 -10 -11 -12
leaf_value=0.05474933061395381 -0.012372776904524022 -0.0049332148333203259 -0.004221385494004584 -0.0038320672639074781 -0.0039913254727056806 -0.0043604234230145483 -0.0050264546253997117 -0.012428346313291514 -0.012289828445424299 -0.012348486751943433 0.054792819604829318
leaf_weight=4864 10019 7956 6061 7160 7285 5989 8037 3978 9878 3937 4836
leaf_count=4864 10019 7956 6061 7160 7285 5989 8037 3978 9878 3937 4836
internal_value=1.80902e-10 -0.00755731 -0.00442151 -0.00408435 -0.00391239 -0.00429049 -0.00498007 -0.0123478 -0.0123316 -0.0123886 0.054771
internal_weight=80000 70300 42488 26495 14445 12050 15993 27812 19897 7915 9700
internal_count=80000 70300 42488 26495 14445 12050 15993 27812 19897 7915 9700
is_linear=0
shrinkage=0.05


Tree=80
num_leaves=12
num_cat=0
split_feature=2 3 2 2 2 2 2 2 2 2 2
split_gain=11954.1 381.235 2.88858 0.339062 0.0330622 0.0210205 0.0125468 0.00664736 0.0123561 0.00455512 0.00165625
threshold=12425.000000000002 1.0000000180025095e-35 17850.000000000004 29925.000000000004 40075.000000000007 19425.000000000004 16275.000000000002 19425.000000000004 15225 19775.000000000004 9625.0000000000018
decision_type=2 2 2 2 2 2 2 2 2 2 2
left_child=10 7 6 5 -5 -4 -3 8 -2 -9 -1
right_child=1 2 3 4 -6 -7 -8 9 -10 -11 -12
leaf_value=0.052011861334925039 -0.011754139957235107 -0.0046865573834655875 -0.0040103204200284603 -0.0036404611608571304 -0.0037917557346081494 -0.0041423999252229952 -0.0047751314712335367 -0.011806925518279957 -0.011675334364465757 -0.011731062440305962 0.052053183114089401
leaf_weight=4864 10019 7956 6061 7160 7285 5989 8037 3978 9878 3937 4836
leaf_count=4864 10019 7956 6061 7160 7285 5989 8037 3978 9878 3937 4836
internal_value=6.70205e-10 -0.00717944 -0.00420043 -0.00388013 -0.00371676 -0.00407597 -0.00473107 -0.0117304 -0.011715 -0.0117692 0.0520325
internal_weight=80000 70300 42488 26495 14445 12050 15993 27812 19897 7915 9700
internal_count=80000 70300 42488 26495 14445 12050 15993 27812 19897 7915 9700
is_linear=0
shrinkage=0.05


Tree=81
num_leaves=12
num_cat=0
split_feature=2 3 2 2 2 2 2 2 2 2 2
split_gain=10788.5 344.065 2.60694 0.306007 0.0298381 0.0189705 0.0113245 0.0059996 0.0111509 0.00411072 0.00149484
threshold=12425.000000000002 1.0000000180025095e-35 17850.000000000004 29925.000000000004 40075.000000000007 19425.000000000004 16275.000000000002 19425.000000000004 15225 19775.000000000004 9625.0000000000018
decision_type=2 2 2 2 2 2 2 2 2 2 2
left_child=10 7 6 5 -5 -4 -3 8 -2 -9 -1
right_child=1 2 3 4 -6 -7 -8 9 -10 -11 -12
leaf_value=0.049411267771972092 -0.011166433875388536 -0.0044522261134823018 -0.003809805917833082 -0.003458437776321795 -0.0036021663798655301 -0.0039352798405111787 -0.0045363752756247683 -0.011216581166669088 -0.01109156991778874 -0.011144513663580104 0.049450524453831746
leaf_weight=4864 10019 7956 6061 7160 7285 5989 8037 3978 9878 3937 4836
leaf_count=4864 10019 7956 6061 7160 7285 5989 8037 3978 9878 3937 4836
internal_value=2.9555e-10 -0.00682047 -0.00399041 -0.00368612 -0.00353092 -0.00387217 -0.00449451 -0.0111439 -0.0111293 -0.0111807 0.0494308
internal_weight=80000 70300 42488 26495 14445 12050 15993 27812 19897 7915 9700
internal_count=80000 70300 42488 26495 14445 12050 15993 27812 19897 7915 9700
is_linear=0
shrinkage=0.05


Tree=82
num_leaves=12
num_cat=0
split_feature=2 3 2 2 2 2 2 2 2 2 2
split_gain=9736.65 310.519 2.35279 0.276166 0.0269272 0.0171199 0.0102191 0.00541474 0.0100633 0.00371019 0.0013487
threshold=12425.000000000002 1.0000000180025095e-35 17850.000000000004 29925.000000000004 40075.000000000007 19425.000000000004 16275.000000000002 19425.000000000004 15225 19775.000000000004 9625.0000000000018
decision_type=2 2 2 2 2 2 2 2 2 2 2
left_child=10 7 6 5 -5 -4 -3 8 -2 -9 -1
right_child=1 2 3 4 -6 -7 -8 9 -10 -11 -12
leaf_value=0.046940707626527002 -0.010608110491871452 -0.0042296208688954633 -0.0036193139408944117 -0.0032855176064706089 -0.0034220555122349994 -0.0037385107143352112 -0.0043095575819971704 -0.010655752856042403 -0.010536991322812987 -0.01058728629361186 0.046977996056848589
leaf_weight=4864 10019 7956 6061 7160 7285 5989 8037 3978 9878 3937 4836
leaf_count=4864 10019 7956 6061 7160 7285 5989 8037 3978 9878 3937 4836
internal_value=4.95874e-10 -0.00647945 -0.00379089 -0.00350181 -0.00335438 -0.00367856 -0.00426979 -0.0105867 -0.0105728 -0.0106217 0.0469593
internal_weight=80000 70300 42488 26495 14445 12050 15993 27812 19897 7915 9700
internal_count=80000 70300 42488 26495 14445 12050 15993 27812 19897 7915 9700
is_linear=0
shrinkage=0.05


Tree=83
num_leaves=12
num_cat=0
split_feature=2 3 2 2 2 2 2 2 2 2 2
split_gain=8787.33 280.243 2.12339 0.24924 0.0243055 0.0154506 0.00922265 0.00488553 0.00908158 0.00334828 0.00121726
threshold=12425.000000000002 1.0000000180025095e-35 17850.000000000004 29925.000000000004 40075.000000000007 19425.000000000004 16275.000000000002 19425.000000000004 15225 19775.000000000004 9625.0000000000018
decision_type=2 2 2 2 2 2 2 2 2 2 2
left_child=10 7 6 5 -5 -4 -3 8 -2 -9 -1
right_child=1 2 3 4 -6 -7 -8 9 -10 -11 -12
leaf_value=0.044593671390955603 -0.01007770655027381 -0.004018139711704098 -0.0034383497678937055 -0.0031212378084577285 -0.003250958750056758 -0.0035515864114878098 -0.0040940793432759767 -0.010122960923518182 -0.010010145293931915 -0.010057919286023656 0.044629096221062259
leaf_weight=4864 10019 7956 6061 7160 7285 5989 8037 3978 9878 3937 4836
leaf_count=4864 10019 7956 6061 7160 7285 5989 8037 3978 9878 3937 4836
internal_value=-2.29317e-10 -0.00615548 -0.00360135 -0.00332673 -0.00318666 -0.00349463 -0.0040563 -0.0100574 -0.0100442 -0.0100906 0.0446113
internal_weight=80000 70300 42488 26495 14445 12050 15993 27812 19897 7915 9700
internal_count=80000 70300 42488 26495 14445 12050 15993 27812 19897 7915 9700
is_linear=0
shrinkage=0.05


Tree=84
num_leaves=12
num_cat=0
split_feature=2 3 2 2 2 2 2 2 2 2 2
split_gain=7930.56 252.919 1.91634 0.224937 0.0219325 0.0139464 0.0083246 0.00441088 0.00819705 0.00302216 0.00109889
threshold=12425.000000000002 1.0000000180025095e-35 17850.000000000004 29925.000000000004 40075.000000000007 19425.000000000004 16275.000000000002 19425.000000000004 15225 19775.000000000004 9625.0000000000018
decision_type=2 2 2 2 2 2 2 2 2 2 2
left_child=10 7 6 5 -5 -4 -3 8 -2 -9 -1
right_child=1 2 3 4 -6 -7 -8 9 -10 -11 -12
leaf_value=0.042363982817798726 -0.0095738188573296391 -0.0038172261795001421 -0.0032664269987821189 -0.002965181196510386 -0.0030884070726792368 -0.0033740102605566329 -0.003889373860486173 -0.0096168188309372401 -0.0095096320467735543 -0.0095550259018589885 0.042397641251788964
leaf_weight=4864 10019 7956 6061 7160 7285 5989 8037 3978 9878 3937 4836
leaf_count=4864 10019 7956 6061 7160 7285 5989 8037 3978 9878 3937 4836
internal_value=9.14529e-10 -0.0058477 -0.00342128 -0.00316039 -0.00302733 -0.0033199 -0.00385348 -0.00955451 -0.00954195 -0.00958608 0.0423808
internal_weight=80000 70300 42488 26495 14445 12050 15993 27812 19897 7915 9700
internal_count=80000 70300 42488 26495 14445 12050 15993 27812 19897 7915 9700
is_linear=0
shrinkage=0.05


Tree=85
num_leaves=12
num_cat=0
split_feature=2 3 2 2 2 2 2 2 2 2 2
split_gain=7157.33 228.26 1.72951 0.203005 0.0197957 0.0125857 0.00751148 0.00398018 0.00739636 0.00272754 0.000991756
threshold=12425.000000000002 1.0000000180025095e-35 17850.000000000004 29925.000000000004 40075.000000000007 19425.000000000004 16275.000000000002 19425.000000000004 15225 19775.000000000004 9625.0000000000018
decision_type=2 2 2 2 2 2 2 2 2 2 2
left_child=10 7 6 5 -5 -4 -3 8 -2 -9 -1
right_child=1 2 3 4 -6 -7 -8 9 -10 -11 -12
leaf_value=0.040245781206531203 -0.0090951267221833047 -0.0036263710902536377 -0.0031031066746950507 -0.002816919114939591 -0.002933988289736747 -0.0032053070341936545 -0.0036949046649651161 -0.0091359765999896626 -0.0090341553158284956 -0.0090772728423157683 0.040277756776543598
leaf_weight=4864 10019 7956 6061 7160 7285 5989 8037 3978 9878 3937 4836
leaf_count=4864 10019 7956 6061 7160 7285 5989 8037 3978 9878 3937 4836
internal_value=-4.37191e-11 -0.00555532 -0.00325021 -0.00300237 -0.00287596 -0.0031539 -0.00366081 -0.00907679 -0.00906486 -0.00910678 0.0402617
internal_weight=80000 70300 42488 26495 14445 12050 15993 27812 19897 7915 9700
internal_count=80000 70300 42488 26495 14445 12050 15993 27812 19897 7915 9700
is_linear=0
shrinkage=0.05


Tree=86
num_leaves=12
num_cat=0
split_feature=2 3 2 2 2 2 2 2 2 2 2
split_gain=6459.49 206.005 1.56088 0.183211 0.0178639 0.0113594 0.00677987 0.00359235 0.00667478 0.00246203 0.000895226
threshold=12425.000000000002 1.0000000180025095e-35 17850.000000000004 29925.000000000004 40075.000000000007 19425.000000000004 16275.000000000002 19425.000000000004 15225 19775.000000000004 9625.0000000000018
decision_type=2 2 2 2 2 2 2 2 2 2 2
left_child=10 7 6 5 -5 -4 -3 8 -2 -9 -1
right_child=1 2 3 4 -6 -7 -8 9 -10 -11 -12
leaf_value=0.038233494112811468 -0.0086403682263718942 -0.003445049478616432 -0.0029479485089248985 -0.00267607522411363 -0.0027872857153760852 -0.0030450422310506538 -0.0035101600131369039 -0.0086791802787219274 -0.008582447288849054 -0.0086234068980560914 0.038263873736018965
leaf_weight=4864 10019 7956 6061 7160 7285 5989 8037 3978 9878 3937 4836
leaf_count=4864 10019 7956 6061 7160 7285 5989 8037 3978 9878 3937 4836
internal_value=1.18142e-09 -0.00527755 -0.0030877 -0.00285225 -0.00273216 -0.00299621 -0.00347777 -0.00862295 -0.00861161 -0.00865144 0.0382486
internal_weight=80000 70300 42488 26495 14445 12050 15993 27812 19897 7915 9700
internal_count=80000 70300 42488 26495 14445 12050 15993 27812 19897 7915 9700
is_linear=0
shrinkage=0.05


Tree=87
num_leaves=12
num_cat=0
split_feature=2 3 2 2 2 2 2 2 2 2 2
split_gain=5829.69 185.919 1.4087 0.165347 0.0161227 0.0102508 0.00611821 0.00324189 0.00602551 0.00222179 0.000807319
threshold=12425.000000000002 1.0000000180025095e-35 17850.000000000004 29925.000000000004 40075.000000000007 19425.000000000004 16275.000000000002 19425.000000000004 15225 19775.000000000004 9625.0000000000018
decision_type=2 2 2 2 2 2 2 2 2 2 2
left_child=10 7 6 5 -5 -4 -3 8 -2 -9 -1
right_child=1 2 3 4 -6 -7 -8 9 -10 -11 -12
leaf_value=0.036321828759910683 -0.0082083524543852104 -0.0032727995175811709 -0.0028005536434831764 -0.0025422716223026365 -0.00264792315569542 -0.0028927882874219997 -0.0033346514041808148 -0.0082452180713137486 -0.0081533206085544173 -0.0081922356814495799 0.036350678274890108
leaf_weight=4864 10019 7956 6061 7160 7285 5989 8037 3978 9878 3937 4836
leaf_count=4864 10019 7956 6061 7160 7285 5989 8037 3978 9878 3937 4836
internal_value=1.57074e-09 -0.00501367 -0.00293332 -0.00270964 -0.00259555 -0.0028464 -0.00330388 -0.0081918 -0.00818103 -0.00821886 0.0363362
internal_weight=80000 70300 42488 26495 14445 12050 15993 27812 19897 7915 9700
internal_count=80000 70300 42488 26495 14445 12050 15993 27812 19897 7915 9700
is_linear=0
shrinkage=0.05


Tree=88
num_leaves=12
num_cat=0
split_feature=2 3 2 2 2 2 2 2 2 2 2
split_gain=5261.3 167.792 1.27131 0.149229 0.0145516 0.00925144 0.00552299 0.00292568 0.00543683 0.00200495 0.000728919
threshold=12425.000000000002 1.0000000180025095e-35 17850.000000000004 29925.000000000004 40075.000000000007 19425.000000000004 16275.000000000002 19425.000000000004 15225 19775.000000000004 9625.0000000000018
decision_type=2 2 2 2 2 2 2 2 2 2 2
left_child=10 7 6 5 -5 -4 -3 8 -2 -9 -1
right_child=1 2 3 4 -6 -7 -8 9 -10 -11 -12
leaf_value=0.034505734373845007 -0.0077979352486107255 -0.0031091530440758961 -0.0026605325885179056 -0.002415160409918877 -0.0025155326365426125 -0.0027481557521747487 -0.0031679192439957138 -0.0078329583655484675 -0.0077456607305685897 -0.0077826277126017461 0.034533147304802711
leaf_weight=4864 10019 7956 6061 7160 7285 5989 8037 3978 9878 3937 4836
leaf_count=4864 10019 7956 6061 7160 7285 5989 8037 3978 9878 3937 4836
internal_value=-7.05854e-10 -0.00476299 -0.00278665 -0.00257416 -0.00246578 -0.00270408 -0.00313868 -0.00778221 -0.00777198 -0.00780792 0.0345194
internal_weight=80000 70300 42488 26495 14445 12050 15993 27812 19897 7915 9700
internal_count=80000 70300 42488 26495 14445 12050 15993 27812 19897 7915 9700
is_linear=0
shrinkage=0.05


Tree=89
num_leaves=12
num_cat=0
split_feature=2 3 2 2 2 2 2 2 2 2 2
split_gain=4748.32 151.432 1.1474 0.13468 0.0131323 0.00834933 0.00498419 0.00264043 0.00490704 0.00180955 0.000657575
threshold=12425.000000000002 1.0000000180025095e-35 17850.000000000004 29925.000000000004 40075.000000000007 19425.000000000004 16275.000000000002 19425.000000000004 15225 19775.000000000004 9625.0000000000018
decision_type=2 2 2 2 2 2 2 2 2 2 2
left_child=10 7 6 5 -5 -4 -3 8 -2 -9 -1
right_child=1 2 3 4 -6 -7 -8 9 -10 -11 -12
leaf_value=0.032780445752229374 -0.0074080393459148358 -0.0029537003844840332 -0.0025275008879484446 -0.002294397864234219 -0.0023897494380563686 -0.0026107424307315178 -0.0030095265821892254 -0.0074413110827430129 -0.0073583770133564489 -0.0073934958767617092 0.032806482618465978
leaf_weight=4864 10019 7956 6061 7160 7285 5989 8037 3978 9878 3937 4836
leaf_count=4864 10019 7956 6061 7160 7285 5989 8037 3978 9878 3937 4836
internal_value=-2.88507e-10 -0.00452484 -0.00264732 -0.00244545 -0.00234249 -0.00256887 -0.00298175 -0.0073931 -0.00738338 -0.00741753 0.0327934
internal_weight=80000 70300 42488 26495 14445 12050 15993 27812 19897 7915 9700
internal_count=80000 70300 42488 26495 14445 12050 15993 27812 19897 7915 9700
is_linear=0
shrinkage=0.05


Tree=90
num_leaves=12
num_cat=0
split_feature=2 3 2 2 2 2 2 2 2 2 2
split_gain=4285.36 136.667 1.03551 0.121545 0.0118512 0.00753607 0.00449659 0.00238315 0.0044294 0.00163295 0.000593332
threshold=12425.000000000002 1.0000000180025095e-35 17850.000000000004 29925.000000000004 40075.000000000007 19425.000000000004 16275.000000000002 19425.000000000004 15225 19775.000000000004 9625.0000000000018
decision_type=2 2 2 2 2 2 2 2 2 2 2
left_child=10 7 6 5 -5 -4 -3 8 -2 -9 -1
right_child=1 2 3 4 -6 -7 -8 9 -10 -11 -12
leaf_value=0.031141426440731985 -0.0070376366133152943 -0.0028060193201213282 -0.0024011248454289145 -0.0021796831750856777 -0.0022702645143339324 -0.0024802085097424243 -0.0028590445178217189 -0.0070692425738115268 -0.0069904531918547515 -0.007023820567603159 0.03116615876805004
leaf_weight=4864 10019 7956 6061 7160 7285 5989 8037 3978 9878 3937 4836
leaf_count=4864 10019 7956 6061 7160 7285 5989 8037 3978 9878 3937 4836
internal_value=1.26808e-10 -0.0042986 -0.00251496 -0.00232318 -0.00222537 -0.00244043 -0.00283267 -0.00702344 -0.00701421 -0.00704665 0.0311538
internal_weight=80000 70300 42488 26495 14445 12050 15993 27812 19897 7915 9700
internal_count=80000 70300 42488 26495 14445 12050 15993 27812 19897 7915 9700
is_linear=0
shrinkage=0.05


Tree=91
num_leaves=12
num_cat=0
split_feature=2 3 2 2 2 2 2 2 2 2 2
split_gain=3867.54 123.342 0.93454 0.109695 0.0106973 0.00680118 0.00406004 0.00215062 0.00399783 0.00147376 0.000535823
threshold=12425.000000000002 1.0000000180025095e-35 17850.000000000004 29925.000000000004 40075.000000000007 19425.000000000004 16275.000000000002 19425.000000000004 15225 19775.000000000004 9625.0000000000018
decision_type=2 2 2 2 2 2 2 2 2 2 2
left_child=10 7 6 5 -5 -4 -3 8 -2 -9 -1
right_child=1 2 3 4 -6 -7 -8 9 -10 -11 -12
leaf_value=0.029584350300851121 -0.006685757398473025 -0.0026657113134591175 -0.0022810711107466223 -0.0020706974397278971 -0.0021567560536672856 -0.0023561999007820338 -0.0027160968289591182 -0.0067157812130556049 -0.0066409314614032438 -0.0066726298790575518 0.029607853487367386
leaf_weight=4864 10019 7956 6061 7160 7285 5989 8037 3978 9878 3937 4836
leaf_count=4864 10019 7956 6061 7160 7285 5989 8037 3978 9878 3937 4836
internal_value=-8.83423e-10 -0.00408367 -0.00238921 -0.00220702 -0.0021141 -0.00231841 -0.00269103 -0.00667227 -0.0066635 -0.00669432 0.0295961
internal_weight=80000 70300 42488 26495 14445 12050 15993 27812 19897 7915 9700
internal_count=80000 70300 42488 26495 14445 12050 15993 27812 19897 7915 9700
is_linear=0
shrinkage=0.05


Tree=92
num_leaves=12
num_cat=0
split_feature=2 3 2 2 2 2 2 2 2 2 2
split_gain=3490.45 111.317 0.843415 0.0990075 0.00965216 0.00613736 0.00366372 0.0019411 0.00360714 0.00132992 0.000483648
threshold=12425.000000000002 1.0000000180025095e-35 17850.000000000004 29925.000000000004 40075.000000000007 19425.000000000004 16275.000000000002 19425.000000000004 15225 19775.000000000004 9625.0000000000018
decision_type=2 2 2 2 2 2 2 2 2 2 2
left_child=10 7 6 5 -5 -4 -3 8 -2 -9 -1
right_child=1 2 3 4 -6 -7 -8 9 -10 -11 -12
leaf_value=0.028105133758191715 -0.0063514670569232538 -0.0025324226121989854 -0.0021670208300433847 -0.0019671610942188951 -0.0020489076986159763 -0.0022383890881211357 -0.002580285819424378 -0.0063799924435157919 -0.0063088877352387015 -0.0063390009906776918 0.028127463343325523
leaf_weight=4864 10019 7956 6061 7160 7285 5989 8037 3978 9878 3937 4836
leaf_count=4864 10019 7956 6061 7160 7285 5989 8037 3978 9878 3937 4836
internal_value=1.02554e-09 -0.00387948 -0.00226974 -0.00209667 -0.00200839 -0.00220249 -0.00255648 -0.00633866 -0.00633033 -0.0063596 0.0281163
internal_weight=80000 70300 42488 26495 14445 12050 15993 27812 19897 7915 9700
internal_count=80000 70300 42488 26495 14445 12050 15993 27812 19897 7915 9700
is_linear=0
shrinkage=0.05


Tree=93
num_leaves=12
num_cat=0
split_feature=2 3 2 2 2 2 2 2 2 2 2
split_gain=3150.13 100.463 0.7612 0.0893471 0.00871306 0.00553858 0.00330604 0.00175173 0.00325624 0.00120022 0.000436214
threshold=12425.000000000002 1.0000000180025095e-35 17850.000000000004 29925.000000000004 40075.000000000007 19425.000000000004 16275.000000000002 19425.000000000004 15225 19775.000000000004 9625.0000000000018
decision_type=2 2 2 2 2 2 2 2 2 2 2
left_child=10 7 6 5 -5 -4 -3 8 -2 -9 -1
right_child=1 2 3 4 -6 -7 -8 9 -10 -11 -12
leaf_value=0.026699879343963659 -0.0060338943057477376 -0.00240580999363137 -0.0020586688291460704 -0.0018688038078867753 -0.0019464719355545088 -0.0021264663131649571 -0.0024512767969577629 -0.0060609898274059174 -0.0059934390429103304 -0.0060220484745216567 0.026721085693416483
leaf_weight=4864 10019 7956 6061 7160 7285 5989 8037 3978 9878 3937 4836
leaf_count=4864 10019 7956 6061 7160 7285 5989 8037 3978 9878 3937 4836
internal_value=-4.31435e-10 -0.00368551 -0.00215626 -0.00199184 -0.00190797 -0.00209237 -0.00242866 -0.00602172 -0.00601381 -0.00604162 0.0267105
internal_weight=80000 70300 42488 26495 14445 12050 15993 27812 19897 7915 9700
internal_count=80000 70300 42488 26495 14445 12050 15993 27812 19897 7915 9700
is_linear=0
shrinkage=0.05


Tree=94
num_leaves=12
num_cat=0
split_feature=2 3 2 2 2 2 2 2 2 2 2
split_gain=2842.99 90.668 0.686976 0.0806367 0.00786421 0.0049986 0.00298492 0.00158084 0.00293845 0.00108329 0.000393865
threshold=12425.000000000002 1.0000000180025095e-35 17850.000000000004 29925.000000000004 40075.000000000007 19425.000000000004 16275.000000000002 19425.000000000004 15225 19775.000000000004 9625.0000000000018
decision_type=2 2 2 2 2 2 2 2 2 2 2
left_child=10 7 6 5 -5 -4 -3 8 -2 -9 -1
right_child=1 2 3 4 -6 -7 -8 9 -10 -11 -12
leaf_value=0.025364880842574312 -0.0057321996291310739 -0.0022855119902171817 -0.0019557347829256238 -0.0017753605398950403 -0.0018491484191735384 -0.0020201425473362444 -0.0023287143134612387 -0.0057579413028835437 -0.0056937691177806442 -0.0057209455037235471 0.025385031521565307
leaf_weight=4864 10019 7956 6061 7160 7285 5989 8037 3978 9878 3937 4836
leaf_count=4864 10019 7956 6061 7160 7285 5989 8037 3978 9878 3937 4836
internal_value=2.62184e-12 -0.00350123 -0.00204845 -0.00189224 -0.00181257 -0.00198775 -0.00230722 -0.00572064 -0.00571312 -0.00573954 0.0253749
internal_weight=80000 70300 42488 26495 14445 12050 15993 27812 19897 7915 9700
internal_count=80000 70300 42488 26495 14445 12050 15993 27812 19897 7915 9700
is_linear=0
shrinkage=0.05


Tree=95
num_leaves=12
num_cat=0
split_feature=2 3 2 2 2 2 2 2 2 2 2
split_gain=2565.8 81.828 0.619998 0.0727688 0.00709598 0.00451197 0.00269281 0.00142648 0.0026522 0.000977586 0.000355629
threshold=12425.000000000002 1.0000000180025095e-35 17850.000000000004 29925.000000000004 40075.000000000007 19425.000000000004 16275.000000000002 19425.000000000004 15225 19775.000000000004 9625.0000000000018
decision_type=2 2 2 2 2 2 2 2 2 2 2
left_child=10 7 6 5 -5 -4 -3 8 -2 -9 -1
right_child=1 2 3 4 -6 -7 -8 9 -10 -11 -12
leaf_value=0.024096637142143232 -0.0054455937058245163 -0.0021712413691209005 -0.0018579422596290724 -0.0016865995224284312 -0.0017566907546079002 -0.0019191346224821174 -0.0022122753182557777 -0.0054700446666813944 -0.0054090830131804345 -0.0054349001361010327 0.024115784749431074
leaf_weight=4864 10019 7956 6061 7160 7285 5989 8037 3978 9878 3937 4836
leaf_count=4864 10019 7956 6061 7160 7285 5989 8037 3978 9878 3937 4836
internal_value=-8.72978e-10 -0.00332617 -0.00194602 -0.00179763 -0.00172195 -0.00188836 -0.00219186 -0.00543461 -0.00542747 -0.00545256 0.0241062
internal_weight=80000 70300 42488 26495 14445 12050 15993 27812 19897 7915 9700
internal_count=80000 70300 42488 26495 14445 12050 15993 27812 19897 7915 9700
is_linear=0
shrinkage=0.05


Tree=96
num_leaves=12
num_cat=0
split_feature=2 3 2 2 2 2 2 2 2 2 2
split_gain=2315.64 73.8497 0.559558 0.0656807 0.00640619 0.00407141 0.0024301 0.00128776 0.00239354 0.000882383 0.000320717
threshold=12425.000000000002 1.0000000180025095e-35 17850.000000000004 29925.000000000004 40075.000000000007 19425.000000000004 16275.000000000002 19425.000000000004 15225 19775.000000000004 9625.0000000000018
decision_type=2 2 2 2 2 2 2 2 2 2 2
left_child=10 7 6 5 -5 -4 -3 8 -2 -9 -1
right_child=1 2 3 4 -6 -7 -8 9 -10 -11 -12
leaf_value=0.022891810202973401 -0.0051733104429147071 -0.0020626820845665167 -0.0017650506381713582 -0.0016022591071636495 -0.0016688565153997891 -0.0018231788007081419 -0.0021016630391179707 -0.0051965435260046197 -0.0051386257747466019 -0.0051631541026124919 0.022909993679680048
leaf_weight=4864 10019 7956 6061 7160 7285 5989 8037 3978 9878 3937 4836
leaf_count=4864 10019 7956 6061 7160 7285 5989 8037 3978 9878 3937 4836
internal_value=1.81196e-10 -0.00315986 -0.00184872 -0.00170775 -0.00163585 -0.00179394 -0.00208227 -0.00516288 -0.00515609 -0.00517994 0.0229009
internal_weight=80000 70300 42488 26495 14445 12050 15993 27812 19897 7915 9700
internal_count=80000 70300 42488 26495 14445 12050 15993 27812 19897 7915 9700
is_linear=0
shrinkage=0.05


Tree=97
num_leaves=12
num_cat=0
split_feature=2 3 2 2 2 2 2 2 2 2 2
split_gain=2089.86 66.6493 0.504998 0.0592761 0.00578062 0.00367525 0.00219386 0.00116225 0.00216022 0.000796362 0.000289783
threshold=12425.000000000002 1.0000000180025095e-35 17850.000000000004 29925.000000000004 40075.000000000007 19425.000000000004 16275.000000000002 19425.000000000004 15225 19775.000000000004 9625.0000000000018
decision_type=2 2 2 2 2 2 2 2 2 2 2
left_child=10 7 6 5 -5 -4 -3 8 -2 -9 -1
right_child=1 2 3 4 -6 -7 -8 9 -10 -11 -12
leaf_value=0.021747212980085352 -0.0049146438062617134 -0.0019595439123637321 -0.0016767944482640436 -0.0015221490074656698 -0.0015854112471533109 -0.0017320222101719013 -0.0019965816934297848 -0.0049367156200829194 -0.0048816930039826947 -0.0049049954355659701 0.02176449729353945
leaf_weight=4864 10019 7956 6061 7160 7285 5989 8037 3978 9878 3937 4836
leaf_count=4864 10019 7956 6061 7160 7285 5989 8037 3978 9878 3937 4836
internal_value=6.6073e-10 -0.00300187 -0.00175629 -0.00162236 -0.00155405 -0.00170424 -0.00197816 -0.00490473 -0.00489829 -0.00492094 0.0217558
internal_weight=80000 70300 42488 26495 14445 12050 15993 27812 19897 7915 9700
internal_count=80000 70300 42488 26495 14445 12050 15993 27812 19897 7915 9700
is_linear=0
shrinkage=0.05


Tree=98
num_leaves=12
num_cat=0
split_feature=2 3 2 2 2 2 2 2 2 2 2
split_gain=1886.1 60.151 0.455756 0.0535005 0.00521641 0.00331649 0.00197934 0.00104865 0.00194957 0.000718616 0.00026106
threshold=12425.000000000002 1.0000000180025095e-35 17850.000000000004 29925.000000000004 40075.000000000007 19425.000000000004 16275.000000000002 19425.000000000004 15225 19775.000000000004 9625.0000000000018
decision_type=2 2 2 2 2 2 2 2 2 2 2
left_child=10 7 6 5 -5 -4 -3 8 -2 -9 -1
right_child=1 2 3 4 -6 -7 -8 9 -10 -11 -12
leaf_value=0.020659860152464585 -0.0046689129549494666 -0.0018615684244168811 -0.001592959969010938 -0.0014460418299464875 -0.0015061375294293789 -0.0016454230173315453 -0.001896748827880387 -0.0046898773973199099 -0.0046376099377039093 -0.0046597453405251357 0.020676265518889052
leaf_weight=4864 10019 7956 6061 7160 7285 5989 8037 3978 9878 3937 4836
leaf_count=4864 10019 7956 6061 7160 7285 5989 8037 3978 9878 3937 4836
internal_value=3.91711e-10 -0.00285178 -0.00166847 -0.00154124 -0.00147635 -0.00161903 -0.00187925 -0.0046595 -0.00465337 -0.00467489 0.020668
internal_weight=80000 70300 42488 26495 14445 12050 15993 27812 19897 7915 9700
internal_count=80000 70300 42488 26495 14445 12050 15993 27812 19897 7915 9700
is_linear=0
shrinkage=0.05


Tree=99
num_leaves=12
num_cat=0
split_feature=2 3 2 2 2 2 2 2 2 2 2
split_gain=1702.21 54.2863 0.411318 0.0482794 0.00470651 0.00299262 0.00178627 0.000946475 0.00175968 0.000648547 0.000235814
threshold=12425.000000000002 1.0000000180025095e-35 17850.000000000004 29925.000000000004 40075.000000000007 19425.000000000004 16275.000000000002 19425.000000000004 15225 19775.000000000004 9625.0000000000018
decision_type=2 2 2 2 2 2 2 2 2 2 2
left_child=10 7 6 5 -5 -4 -3 8 -2 -9 -1
right_child=1 2 3 4 -6 -7 -8 9 -10 -11 -12
leaf_value=0.019626861000579251 -0.004435467735401954 -0.0017684898186683872 -0.0015133105884057975 -0.0013737468280492601 -0.0014308298846202414 -0.0015631461916974236 -0.0018019103974217954 -0.0044553838019931657 -0.0044057282270003042 -0.0044267584421704862 0.019642452954908185
leaf_weight=4864 10019 7956 6061 7160 7285 5989 8037 3978 9878 3937 4836
leaf_count=4864 10019 7956 6061 7160 7285 5989 8037 3978 9878 3937 4836
internal_value=1.88752e-10 -0.00270919 -0.00158505 -0.00146418 -0.00140254 -0.00153808 -0.00178528 -0.00442652 -0.0044207 -0.00444115 0.0196346
internal_weight=80000 70300 42488 26495 14445 12050 15993 27812 19897 7915 9700
internal_count=80000 70300 42488 26495 14445 12050 15993 27812 19897 7915 9700
is_linear=0
shrinkage=0.05


Tree=100
num_leaves=12
num_cat=0
split_feature=2 3 2 2 2 2 2 2 2 2 2
split_gain=1536.24 48.9934 0.371216 0.0435713 0.00424933 0.00270145 0.00161231 0.000854444 0.00158782 0.000585337 0.000212791
threshold=12425.000000000002 1.0000000180025095e-35 17850.000000000004 29925.000000000004 40075.000000000007 19425.000000000004 16275.000000000002 19425.000000000004 15225 19775.000000000004 9625.0000000000018
decision_type=2 2 2 2 2 2 2 2 2 2 2
left_child=10 7 6 5 -5 -4 -3 8 -2 -9 -1
right_child=1 2 3 4 -6 -7 -8 9 -10 -11 -12
leaf_value=0.018645523925533782 -0.0042136923624987391 -0.0016800650448363713 -0.0014376418881728783 -0.001305054943304894 -0.0013592946664452573 -0.0014849911084195756 -0.0017118165668575398 -0.004232617013188957 -0.0041854423906262468 -0.0042054223817017842 0.018660335194339371
leaf_weight=4864 10019 7956 6061 7160 7285 5989 8037 3978 9878 3937 4836
leaf_count=4864 10019 7956 6061 7160 7285 5989 8037 3978 9878 3937 4836
internal_value=5.71846e-10 -0.00257373 -0.0015058 -0.00139097 -0.00133241 -0.00146118 -0.00169602 -0.00420519 -0.00419967 -0.00421909 0.0186529
internal_weight=80000 70300 42488 26495 14445 12050 15993 27812 19897 7915 9700
internal_count=80000 70300 42488 26495 14445 12050 15993 27812 19897 7915 9700
is_linear=0
shrinkage=0.05


Tree=101
num_leaves=12
num_cat=0
split_feature=2 3 2 2 2 2 2 2 2 2 2
split_gain=1386.46 44.2166 0.335017 0.0393263 0.0038336 0.00243793 0.00145549 0.000770965 0.00143292 0.00052817 0.000191956
threshold=12425.000000000002 1.0000000180025095e-35 17850.000000000004 29925.000000000004 40075.000000000007 19425.000000000004 16275.000000000002 19425.000000000004 15225 19775.000000000004 9625.0000000000018
decision_type=2 2 2 2 2 2 2 2 2 2 2
left_child=10 7 6 5 -5 -4 -3 8 -2 -9 -1
right_child=1 2 3 4 -6 -7 -8 9 -10 -11 -12
leaf_value=0.017713246220481434 -0.0040030092223308292 -0.0015960574308228699 -0.0013657628472978868 -0.0012398043502824235 -0.0012913225952062217 -0.0014107433871413484 -0.0016262253863696488 -0.0040209848421500312 -0.0039761725798348052 -0.0039951522910415347 0.017727313713065438
leaf_weight=4864 10019 7956 6061 7160 7285 5989 8037 3978 9878 3937 4836
leaf_count=4864 10019 7956 6061 7160 7285 5989 8037 3978 9878 3937 4836
internal_value=2.86897e-10 -0.00244504 -0.00143051 -0.00132142 -0.00126579 -0.00138812 -0.00161122 -0.00399494 -0.00398969 -0.00400814 0.0177203
internal_weight=80000 70300 42488 26495 14445 12050 15993 27812 19897 7915 9700
internal_count=80000 70300 42488 26495 14445 12050 15993 27812 19897 7915 9700
is_linear=0
shrinkage=0.05


Tree=102
num_leaves=12
num_cat=0
split_feature=2 3 2 2 2 2 2 2 2 2 2
split_gain=1251.28 39.9054 0.302363 0.0354896 0.00346003 0.00220052 0.00131364 0.000695921 0.00129284 0.000476688 0.000173307
threshold=12425.000000000002 1.0000000180025095e-35 17850.000000000004 29925.000000000004 40075.000000000007 19425.000000000004 16275.000000000002 19425.000000000004 15225 19775.000000000004 9625.0000000000018
decision_type=2 2 2 2 2 2 2 2 2 2 2
left_child=10 7 6 5 -5 -4 -3 8 -2 -9 -1
right_child=1 2 3 4 -6 -7 -8 9 -10 -11 -12
leaf_value=0.016827585659241681 -0.0038028549687058044 -0.0015162581058995822 -0.0012974706912036865 -0.0011778146501470149 -0.0012267584560959784 -0.0013402049721518365 -0.0015449182698067721 -0.0038199354034776875 -0.0037773638460124703 -0.0037953941080651104 0.016840952361497186
leaf_weight=4864 10019 7956 6061 7160 7285 5989 8037 3978 9878 3937 4836
leaf_count=4864 10019 7956 6061 7160 7285 5989 8037 3978 9878 3937 4836
internal_value=5.66445e-10 -0.00232279 -0.00135898 -0.00125535 -0.0012025 -0.00131871 -0.00153066 -0.00379519 -0.0037902 -0.00380773 0.0168342
internal_weight=80000 70300 42488 26495 14445 12050 15993 27812 19897 7915 9700
internal_count=80000 70300 42488 26495 14445 12050 15993 27812 19897 7915 9700
is_linear=0
shrinkage=0.05


Tree=103
num_leaves=12
num_cat=0
split_feature=2 3 2 2 2 2 2 2 2 2 2
split_gain=1129.28 36.0147 0.272882 0.0320304 0.00312233 0.00198562 0.00118568 0.000627823 0.00116696 0.000430314 0.00015636
threshold=12425.000000000002 1.0000000180025095e-35 17850.000000000004 29925.000000000004 40075.000000000007 19425.000000000004 16275.000000000002 19425.000000000004 15225 19775.000000000004 9625.0000000000018
decision_type=2 2 2 2 2 2 2 2 2 2 2
left_child=10 7 6 5 -5 -4 -3 8 -2 -9 -1
right_child=1 2 3 4 -6 -7 -8 9 -10 -11 -12
leaf_value=0.015986206344834837 -0.0036127174442405503 -0.0014404450681243948 -0.0012326004813892606 -0.0011189251177971559 -0.0011654191142269784 -0.0012731944908376529 -0.0014676735511985819 -0.0036289410564799476 -0.0035884990240942212 -0.003605624036294454 0.015998902704066342
leaf_weight=4864 10019 7956 6061 7160 7285 5989 8037 3978 9878 3937 4836
leaf_count=4864 10019 7956 6061 7160 7285 5989 8037 3978 9878 3937 4836
internal_value=-1.07945e-09 -0.00220665 -0.00129103 -0.00119258 -0.00114237 -0.00125278 -0.00145413 -0.00360543 -0.00360069 -0.00361734 0.0159925
internal_weight=80000 70300 42488 26495 14445 12050 15993 27812 19897 7915 9700
internal_count=80000 70300 42488 26495 14445 12050 15993 27812 19897 7915 9700
is_linear=0
shrinkage=0.05


Tree=104
num_leaves=12
num_cat=0
split_feature=2 3 2 2 2 2 2 2 2 2 2
split_gain=1019.17 32.5032 0.246281 0.0289087 0.00281909 0.00179256 0.00106988 0.000566615 0.00105323 0.000388462 0.000141293
threshold=12425.000000000002 1.0000000180025095e-35 17850.000000000004 29925.000000000004 40075.000000000007 19425.000000000004 16275.000000000002 19425.000000000004 15225 19775.000000000004 9625.0000000000018
decision_type=2 2 2 2 2 2 2 2 2 2 2
left_child=10 7 6 5 -5 -4 -3 8 -2 -9 -1
right_child=1 2 3 4 -6 -7 -8 9 -10 -11 -12
leaf_value=0.01518689029767541 -0.0034320791842966485 -0.0013684236482723417 -0.0011709659584843864 -0.0010629701647613531 -0.0011071487587827719 -0.0012095360424486826 -0.001394288386925766 -0.0034474929274151025 -0.0034090712165953936 -0.0034253388081384169 0.015198959432452364
leaf_weight=4864 10019 7956 6061 7160 7285 5989 8037 3978 9878 3937 4836
leaf_count=4864 10019 7956 6061 7160 7285 5989 8037 3978 9878 3937 4836
internal_value=6.77674e-10 -0.00209632 -0.00122648 -0.00113295 -0.00108525 -0.00119014 -0.00138142 -0.00342516 -0.00342066 -0.00343647 0.0151929
internal_weight=80000 70300 42488 26495 14445 12050 15993 27812 19897 7915 9700
internal_count=80000 70300 42488 26495 14445 12050 15993 27812 19897 7915 9700
is_linear=0
shrinkage=0.05


Tree=105
num_leaves=12
num_cat=0
split_feature=2 3 2 2 2 2 2 2 2 2 2
split_gain=919.804 29.3341 0.222263 0.0260887 0.00254343 0.00161754 0.000965696 0.00051127 0.000950852 0.000350491 0.000127365
threshold=12425.000000000002 1.0000000180025095e-35 17850.000000000004 29925.000000000004 40075.000000000007 19425.000000000004 16275.000000000002 19425.000000000004 15225 19775.000000000004 9625.0000000000018
decision_type=2 2 2 2 2 2 2 2 2 2 2
left_child=10 7 6 5 -5 -4 -3 8 -2 -9 -1
right_child=1 2 3 4 -6 -7 -8 9 -10 -11 -12
leaf_value=0.014427551004720094 -0.0032604780142964128 -0.0013000014363136305 -0.0011124204147645964 -0.0010098290314127863 -0.0010517921245328675 -0.0011490592206517868 -0.0013245745846580509 -0.0032751163842174879 -0.0032386168384687811 -0.0032540728291694018 0.014439009868371747
leaf_weight=4864 10019 7956 6061 7160 7285 5989 8037 3978 9878 3937 4836
leaf_count=4864 10019 7956 6061 7160 7285 5989 8037 3978 9878 3937 4836
internal_value=-2.3641e-10 -0.0019915 -0.00116516 -0.00107631 -0.00103099 -0.00113063 -0.00131235 -0.0032539 -0.00324962 -0.00326465 0.0144333
internal_weight=80000 70300 42488 26495 14445 12050 15993 27812 19897 7915 9700
internal_count=80000 70300 42488 26495 14445 12050 15993 27812 19897 7915 9700
is_linear=0
shrinkage=0.05


Tree=106
num_leaves=12
num_cat=0
split_feature=2 3 2 2 2 2 2 2 2 2 2
split_gain=830.123 26.4741 0.200588 0.0235483 0.00229539 0.00145991 0.000871713 0.000461373 0.000858328 0.000316522 0.000115128
threshold=12425.000000000002 1.0000000180025095e-35 17850.000000000004 29925.000000000004 40075.000000000007 19425.000000000004 16275.000000000002 19425.000000000004 15225 19775.000000000004 9625.0000000000018
decision_type=2 2 2 2 2 2 2 2 2 2 2
left_child=10 7 6 5 -5 -4 -3 8 -2 -9 -1
right_child=1 2 3 4 -6 -7 -8 9 -10 -11 -12
leaf_value=0.013706168071918887 -0.0030974565362312367 -0.0012349966779827695 -0.0010568014412828842 -0.00095933393849603483 -0.00099919836088916271 -0.0010916092590292764 -0.0012583434838427609 -0.0031113643216299693 -0.003076686188589463 -0.0030913665275203468 0.01371706256675821
leaf_weight=4864 10019 7956 6061 7160 7285 5989 8037 3978 9878 3937 4836
leaf_count=4864 10019 7956 6061 7160 7285 5989 8037 3978 9878 3937 4836
internal_value=2.87258e-10 -0.00189193 -0.0011069 -0.00102249 -0.000979439 -0.0010741 -0.00124673 -0.00309121 -0.00308714 -0.00310142 0.0137116
internal_weight=80000 70300 42488 26495 14445 12050 15993 27812 19897 7915 9700
internal_count=80000 70300 42488 26495 14445 12050 15993 27812 19897 7915 9700
is_linear=0
shrinkage=0.05


Tree=107
num_leaves=12
num_cat=0
split_feature=2 3 2 2 2 2 2 2 2 2 2
split_gain=749.186 23.8929 0.181031 0.0212496 0.00207276 0.00131763 0.000786974 0.000416614 0.000774291 0.000285624 0.000103944
threshold=12425.000000000002 1.0000000180025095e-35 17850.000000000004 29925.000000000004 40075.000000000007 19425.000000000004 16275.000000000002 19425.000000000004 15225 19775.000000000004 9625.0000000000018
decision_type=2 2 2 2 2 2 2 2 2 2 2
left_child=10 7 6 5 -5 -4 -3 8 -2 -9 -1
right_child=1 2 3 4 -6 -7 -8 9 -10 -11 -12
leaf_value=0.013020858002004101 -0.0029425813143016902 -0.0011732460457760238 -0.0010039586808878668 -0.00091136529820489266 -0.00094924726150722198 -0.0010370269644412054 -0.0011954290738335346 -0.0029557989958122134 -0.0029228539486203858 -0.002936802302102613 0.013031209782447676
leaf_weight=4864 10019 7956 6061 7160 7285 5989 8037 3978 9878 3937 4836
leaf_count=4864 10019 7956 6061 7160 7285 5989 8037 3978 9878 3937 4836
internal_value=-5.95353e-10 -0.00179733 -0.00105155 -0.000971368 -0.00093047 -0.00102039 -0.00118439 -0.00293665 -0.00293279 -0.00294635 0.013026
internal_weight=80000 70300 42488 26495 14445 12050 15993 27812 19897 7915 9700
internal_count=80000 70300 42488 26495 14445 12050 15993 27812 19897 7915 9700
is_linear=0
shrinkage=0.05


Tree=108
num_leaves=12
num_cat=0
split_feature=2 3 2 2 2 2 2 2 2 2 2
split_gain=676.141 21.5633 0.163385 0.0191782 0.00187001 0.00118874 0.000709646 0.000375897 0.00069887 0.00025779 9.35974e-05
threshold=12425.000000000002 1.0000000180025095e-35 17850.000000000004 29925.000000000004 40075.000000000007 19425.000000000004 16275.000000000002 19425.000000000004 15225 19775.000000000004 9625.0000000000018
decision_type=2 2 2 2 2 2 2 2 2 2 2
left_child=10 7 6 5 -5 -4 -3 8 -2 -9 -1
right_child=1 2 3 4 -6 -7 -8 9 -10 -11 -12
leaf_value=0.012369822525721774 -0.0027954504014483968 -0.0011145891802236023 -0.00095376205680193645 -0.00086579770490955745 -0.00090177924120968104 -0.00098517136652184951 -0.0011356541848946231 -0.0028080052719112016 -0.0027767084253827981 -0.0027899579356761841 0.012379645609556459
leaf_weight=4864 10019 7956 6061 7160 7285 5989 8037 3978 9878 3937 4836
leaf_count=4864 10019 7956 6061 7160 7285 5989 8037 3978 9878 3937 4836
internal_value=1.11861e-09 -0.00170746 -0.000998975 -0.000922797 -0.000883944 -0.000969373 -0.00112518 -0.00278981 -0.00278615 -0.00279903 0.0123747
internal_weight=80000 70300 42488 26495 14445 12050 15993 27812 19897 7915 9700
internal_count=80000 70300 42488 26495 14445 12050 15993 27812 19897 7915 9700
is_linear=0
shrinkage=0.05


Tree=109
num_leaves=12
num_cat=0
split_feature=2 3 2 2 2 2 2 2 2 2 2
split_gain=610.217 19.4609 0.147449 0.0173076 0.00168784 0.00107279 0.000640174 0.000339486 0.000630316 0.000232383 8.46118e-05
threshold=12425.000000000002 1.0000000180025095e-35 17850.000000000004 29925.000000000004 40075.000000000007 19425.000000000004 16275.000000000002 19425.000000000004 15225 19775.000000000004 9625.0000000000018
decision_type=2 2 2 2 2 2 2 2 2 2 2
left_child=10 7 6 5 -5 -4 -3 8 -2 -9 -1
right_child=1 2 3 4 -6 -7 -8 9 -10 -11 -12
leaf_value=0.011751323483265186 -0.0026556755614216051 -0.0010588607711566093 -0.00090607612264262556 -0.00082251049387307745 -0.00085669451768240939 -0.00093591419477617927 -0.0010788681239307773 -0.0026676049297004742 -0.002637876536208224 -0.0026504699854714361 0.011760663152839898
leaf_weight=4864 10019 7956 6061 7160 7285 5989 8037 3978 9878 3937 4836
leaf_count=4864 10019 7956 6061 7160 7285 5989 8037 3978 9878 3937 4836
internal_value=-7.22308e-10 -0.00162209 -0.000949027 -0.00087666 -0.00083975 -0.000920906 -0.00106892 -0.00265032 -0.00264684 -0.00265908 0.011756
internal_weight=80000 70300 42488 26495 14445 12050 15993 27812 19897 7915 9700
internal_count=80000 70300 42488 26495 14445 12050 15993 27812 19897 7915 9700
is_linear=0
shrinkage=0.05


Tree=110
num_leaves=12
num_cat=0
split_feature=2 3 2 2 2 2 2 2 2 2 2
split_gain=550.721 17.5635 0.133079 0.0156211 0.00152376 0.000968057 0.000578143 0.000306299 0.000568961 0.000209879 7.6246e-05
threshold=12425.000000000002 1.0000000180025095e-35 17850.000000000004 29925.000000000004 40075.000000000007 19425.000000000004 16275.000000000002 19425.000000000004 15225 19775.000000000004 9625.0000000000018
decision_type=2 2 2 2 2 2 2 2 2 2 2
left_child=10 7 6 5 -5 -4 -3 8 -2 -9 -1
right_child=1 2 3 4 -6 -7 -8 9 -10 -11 -12
leaf_value=0.011163762647247137 -0.0025228938777621585 -0.0010059170109258948 -0.00086077313068076374 -0.00078137985359605497 -0.00081385981209075001 -0.00088911735608146643 -0.0010249303387487496 -0.0025342273213696948 -0.0025059833027490626 -0.0025179431825572383 0.011172628581114757
leaf_weight=4864 10019 7956 6061 7160 7285 5989 8037 3978 9878 3937 4836
leaf_count=4864 10019 7956 6061 7160 7285 5989 8037 3978 9878 3937 4836
internal_value=-7.6538e-10 -0.00154099 -0.000901576 -0.000832826 -0.00079776 -0.000874861 -0.00101547 -0.00251781 -0.0025145 -0.00252613 0.0111682
internal_weight=80000 70300 42488 26495 14445 12050 15993 27812 19897 7915 9700
internal_count=80000 70300 42488 26495 14445 12050 15993 27812 19897 7915 9700
is_linear=0
shrinkage=0.05


Tree=111
num_leaves=12
num_cat=0
split_feature=2 3 2 2 2 2 2 2 2 2 2
split_gain=497.026 15.851 0.120094 0.0140963 0.00137444 0.000874713 0.000521658 0.000276417 0.000513966 0.00018932 6.881e-05
threshold=12425.000000000002 1.0000000180025095e-35 17850.000000000004 29925.000000000004 40075.000000000007 19425.000000000004 16275.000000000002 19425.000000000004 15225 19775.000000000004 9625.0000000000018
decision_type=2 2 2 2 2 2 2 2 2 2 2
left_child=10 7 6 5 -5 -4 -3 8 -2 -9 -1
right_child=1 2 3 4 -6 -7 -8 9 -10 -11 -12
leaf_value=0.0106055761333715 -0.0023967504243053907 -0.00095561721146696945 -0.00081772619467832908 -0.00074231933461575044 -0.00077316682734133589 -0.00084466926560907937 -0.00097367786379971139 -0.002407511202001578 -0.002380677890512428 -0.002392045162009959 0.010613998647849423
leaf_weight=4864 10019 7956 6061 7160 7285 5989 8037 3978 9878 3937 4836
leaf_count=4864 10019 7956 6061 7160 7285 5989 8037 3978 9878 3937 4836
internal_value=6.33865e-10 -0.00146394 -0.000856497 -0.000791187 -0.000757877 -0.000831117 -0.000964693 -0.00239192 -0.00238877 -0.00239982 0.0106098
internal_weight=80000 70300 42488 26495 14445 12050 15993 27812 19897 7915 9700
internal_count=80000 70300 42488 26495 14445 12050 15993 27812 19897 7915 9700
is_linear=0
shrinkage=0.05


Tree=112
num_leaves=12
num_cat=0
split_feature=2 3 2 2 2 2 2 2 2 2 2
split_gain=448.565 14.3056 0.108387 0.0127239 0.00124056 0.000788413 0.000470708 0.000249243 0.000463581 0.000170963 6.21712e-05
threshold=12425.000000000002 1.0000000180025095e-35 17850.000000000004 29925.000000000004 40075.000000000007 19425.000000000004 16275.000000000002 19425.000000000004 15225 19775.000000000004 9625.0000000000018
decision_type=2 2 2 2 2 2 2 2 2 2 2
left_child=10 7 6 5 -5 -4 -3 8 -2 -9 -1
right_child=1 2 3 4 -6 -7 -8 9 -10 -11 -12
leaf_value=0.010075291609662505 -0.0022769154012695068 -0.00090783729613628399 -0.00077684889995230518 -0.000705198069239964 -0.00073450474755348881 -0.00080242834382871539 -0.00092499331275609591 -0.0022871378342498821 -0.0022616510020232166 -0.0022724407594981867 0.01008329751975956
leaf_weight=4864 10019 7956 6061 7160 7285 5989 8037 3978 9878 3937 4836
leaf_count=4864 10019 7956 6061 7160 7285 5989 8037 3978 9878 3937 4836
internal_value=-3.37016e-10 -0.00139074 -0.000813671 -0.000751625 -0.000719978 -0.000789562 -0.000916459 -0.00227232 -0.00226934 -0.00227983 0.0100793
internal_weight=80000 70300 42488 26495 14445 12050 15993 27812 19897 7915 9700
internal_count=80000 70300 42488 26495 14445 12050 15993 27812 19897 7915 9700
is_linear=0
shrinkage=0.05


Tree=113
num_leaves=12
num_cat=0
split_feature=2 3 2 2 2 2 2 2 2 2 2
split_gain=404.83 12.9108 0.0978207 0.0114815 0.00111966 0.000712175 0.000425154 0.000225062 0.000418424 0.000154433 5.61086e-05
threshold=12425.000000000002 1.0000000180025095e-35 17850.000000000004 29925.000000000004 40075.000000000007 19425.000000000004 16275.000000000002 19425.000000000004 15225 19775.000000000004 9625.0000000000018
decision_type=2 2 2 2 2 2 2 2 2 2 2
left_child=10 7 6 5 -5 -4 -3 8 -2 -9 -1
right_child=1 2 3 4 -6 -7 -8 9 -10 -11 -12
leaf_value=0.0095715276775607851 -0.0021630677446426551 -0.00086244351683090453 -0.0007379987122058992 -0.00066994067650891882 -0.00069778273032956449 -0.00076230998228183657 -0.00087874825246253704 -0.0021727844603800016 -0.0021485658248390264 -0.0021588159534080271 0.0095791332257675992
leaf_weight=4864 10019 7956 6061 7160 7285 5989 8037 3978 9878 3937 4836
leaf_count=4864 10019 7956 6061 7160 7285 5989 8037 3978 9878 3937 4836
internal_value=-1.5597e-10 -0.0013212 -0.000772988 -0.000714044 -0.000683982 -0.000750082 -0.000870637 -0.00215871 -0.00215587 -0.00216584 0.00957532
internal_weight=80000 70300 42488 26495 14445 12050 15993 27812 19897 7915 9700
internal_count=80000 70300 42488 26495 14445 12050 15993 27812 19897 7915 9700
is_linear=0
shrinkage=0.05


Tree=114
num_leaves=12
num_cat=0
split_feature=2 3 2 2 2 2 2 2 2 2 2
split_gain=365.36 11.6519 0.0882902 0.010363 0.0010108 0.000642554 0.000383379 0.00020323 0.000377582 0.000139149 5.06351e-05
threshold=12425.000000000002 1.0000000180025095e-35 17850.000000000004 29925.000000000004 40075.000000000007 19425.000000000004 16275.000000000002 19425.000000000004 15225 19775.000000000004 9625.0000000000018
decision_type=2 2 2 2 2 2 2 2 2 2 2
left_child=10 7 6 5 -5 -4 -3 8 -2 -9 -1
right_child=1 2 3 4 -6 -7 -8 9 -10 -11 -12
leaf_value=0.0090929544351767127 -0.0020549118605832921 -0.00081932946953112117 -0.00070110093510263028 -0.00063643932599992523 -0.00066289325203476015 -0.00072419333728960828 -0.00083481244794107127 -0.0020641404030354795 -0.0020411358650685588 -0.002050881085677604 0.0091001795018839631
leaf_weight=4864 10019 7956 6061 7160 7285 5989 8037 3978 9878 3937 4836
leaf_count=4864 10019 7956 6061 7160 7285 5989 8037 3978 9878 3937 4836
internal_value=5.74535e-11 -0.00125514 -0.00073434 -0.000678341 -0.000649781 -0.000712578 -0.00082711 -0.00205077 -0.00204807 -0.00205755 0.00909656
internal_weight=80000 70300 42488 26495 14445 12050 15993 27812 19897 7915 9700
internal_count=80000 70300 42488 26495 14445 12050 15993 27812 19897 7915 9700
is_linear=0
shrinkage=0.05


Tree=115
num_leaves=12
num_cat=0
split_feature=2 3 2 2 2 2 2 2 2 2 2
split_gain=329.737 10.5159 0.0796812 0.00935349 0.000911982 0.000580092 0.000345651 0.000183371 0.000340864 0.000125638 4.57199e-05
threshold=12425.000000000002 1.0000000180025095e-35 17850.000000000004 29925.000000000004 40075.000000000007 19425.000000000004 16275.000000000002 19425.000000000004 15225 19775.000000000004 9625.0000000000018
decision_type=2 2 2 2 2 2 2 2 2 2 2
left_child=10 7 6 5 -5 -4 -3 8 -2 -9 -1
right_child=1 2 3 4 -6 -7 -8 9 -10 -11 -12
leaf_value=0.0086383050914934627 -0.0019521670653627711 -0.00077836448195344582 -0.00066604407018756157 -0.00060461620541585619 -0.00062974377805667539 -0.00068798538070843234 -0.00079306590546854663 -0.0019609335796604978 -0.0019390780232449998 -0.001948334437355639 0.008645170535500105
leaf_weight=4864 10019 7956 6061 7160 7285 5989 8037 3978 9878 3937 4836
leaf_count=4864 10019 7956 6061 7160 7285 5989 8037 3978 9878 3937 4836
internal_value=1.10205e-09 -0.00119239 -0.000697621 -0.000644422 -0.000617289 -0.000676949 -0.000785752 -0.00194823 -0.00194567 -0.00195467 0.00864173
internal_weight=80000 70300 42488 26495 14445 12050 15993 27812 19897 7915 9700
internal_count=80000 70300 42488 26495 14445 12050 15993 27812 19897 7915 9700
is_linear=0
shrinkage=0.05


Tree=116
num_leaves=12
num_cat=0
split_feature=2 3 2 2 2 2 2 2 2 2 2
split_gain=297.588 9.49058 0.0719094 0.00844141 0.000823355 0.000523218 0.000312429 0.000165426 0.000307366 0.00011346 4.12832e-05
threshold=12425.000000000002 1.0000000180025095e-35 17850.000000000004 29925.000000000004 40075.000000000007 19425.000000000004 16275.000000000002 19425.000000000004 15225 19775.000000000004 9625.0000000000018
decision_type=2 2 2 2 2 2 2 2 2 2 2
left_child=10 7 6 5 -5 -4 -3 8 -2 -9 -1
right_child=1 2 3 4 -6 -7 -8 9 -10 -11 -12
leaf_value=0.0082063893811490929 -0.0018545586974062066 -0.00073944217608212662 -0.00063274877351241062 -0.00057438746135310837 -0.00059826287682795097 -0.00065358674624206407 -0.00075341924125494307 -0.0018628896989892067 -0.0018421294535651903 -0.0018509167311355455 0.0082129132121992431
leaf_weight=4864 10019 7956 6061 7160 7285 5989 8037 3978 9878 3937 4836
leaf_count=4864 10019 7956 6061 7160 7285 5989 8037 3978 9878 3937 4836
internal_value=-1.2437e-09 -0.00113277 -0.000662743 -0.000612205 -0.000586428 -0.000643106 -0.000746466 -0.00185082 -0.00184839 -0.00185693 0.00820964
internal_weight=80000 70300 42488 26495 14445 12050 15993 27812 19897 7915 9700
internal_count=80000 70300 42488 26495 14445 12050 15993 27812 19897 7915 9700
is_linear=0
shrinkage=0.05


Tree=117
num_leaves=12
num_cat=0
split_feature=2 3 2 2 2 2 2 2 2 2 2
split_gain=268.573 8.56524 0.0648967 0.00761646 0.000742783 0.0004721 0.000282213 0.000149204 0.000277935 0.000102376 3.72185e-05
threshold=12425.000000000002 1.0000000180025095e-35 17850.000000000004 29925.000000000004 40075.000000000007 19425.000000000004 16275.000000000002 19425.000000000004 15225 19775.000000000004 9625.0000000000018
decision_type=2 2 2 2 2 2 2 2 2 2 2
left_child=10 7 6 5 -5 -4 -3 8 -2 -9 -1
right_child=1 2 3 4 -6 -7 -8 9 -10 -11 -12
leaf_value=0.0077960710447003206 -0.0017618355929176861 -0.00070246489374226929 -0.00060110796562707941 -0.0005456726643324806 -0.0005683498139504833 -0.00062090186672003741 -0.00071574889470595179 -0.0017697412360517452 -0.0017500163722480634 -0.0017583681289877783 0.0078022653925222188
leaf_weight=4864 10019 7956 6061 7160 7285 5989 8037 3978 9878 3937 4836
leaf_count=4864 10019 7956 6061 7160 7285 5989 8037 3978 9878 3937 4836
internal_value=7.70307e-12 -0.00107613 -0.000629604 -0.000581594 -0.000557109 -0.000610946 -0.000709141 -0.00175828 -0.00175597 -0.00176408 0.00779916
internal_weight=80000 70300 42488 26495 14445 12050 15993 27812 19897 7915 9700
internal_count=80000 70300 42488 26495 14445 12050 15993 27812 19897 7915 9700
is_linear=0
shrinkage=0.05


Tree=118
num_leaves=12
num_cat=0
split_feature=2 3 2 2 2 2 2 2 2 2 2
split_gain=242.387 7.73013 0.0585712 0.00687445 0.000670427 0.000426142 0.00025434 0.000134888 0.000250558 9.24586e-05 3.35678e-05
threshold=12425.000000000002 1.0000000180025095e-35 17850.000000000004 29925.000000000004 40075.000000000007 19425.000000000004 16275.000000000002 19425.000000000004 15225 19775.000000000004 9625.0000000000018
decision_type=2 2 2 2 2 2 2 2 2 2 2
left_child=10 7 6 5 -5 -4 -3 8 -2 -9 -1
right_child=1 2 3 4 -6 -7 -8 9 -10 -11 -12
leaf_value=0.0074062681184021749 -0.0016737386780309395 -0.00066734764596804727 -0.00057105255578604626 -0.00051838705082054583 -0.00053993139001774152 -0.0005898583312042465 -0.00067995859940262675 -0.0016812606472280294 -0.0016625166548584595 -0.0016704524283888515 0.0074121508291149045
leaf_weight=4864 10019 7956 6061 7160 7285 5989 8037 3978 9878 3937 4836
leaf_count=4864 10019 7956 6061 7160 7285 5989 8037 3978 9878 3937 4836
internal_value=-1.44259e-10 -0.00102232 -0.000598124 -0.000552514 -0.000529252 -0.000580399 -0.000673685 -0.00167036 -0.00166817 -0.00167588 0.0074092
internal_weight=80000 70300 42488 26495 14445 12050 15993 27812 19897 7915 9700
internal_count=80000 70300 42488 26495 14445 12050 15993 27812 19897 7915 9700
is_linear=0
shrinkage=0.05


Tree=119
num_leaves=12
num_cat=0
split_feature=2 3 2 2 2 2 2 2 2 2 2
split_gain=218.754 6.97648 0.0528623 0.00620463 0.000605144 0.000384835 0.000229552 0.000121708 0.000226042 8.33497e-05 3.02403e-05
threshold=12425.000000000002 1.0000000180025095e-35 17850.000000000004 29925.000000000004 40075.000000000007 19425.000000000004 16275.000000000002 19425.000000000004 15225 19775.000000000004 9625.0000000000018
decision_type=2 2 2 2 2 2 2 2 2 2 2
left_child=10 7 6 5 -5 -4 -3 8 -2 -9 -1
right_child=1 2 3 4 -6 -7 -8 9 -10 -11 -12
leaf_value=0.0070359560963170588 -0.0015900526225260528 -0.0006339796789202462 -0.00054249570034297582 -0.00049246383498405895 -0.00051293237879488794 -0.00056036680087855257 -0.00064596035506164242 -0.0015971957528917889 -0.0015793937352796214 -0.0015869337435199552 0.0070415396238206352
leaf_weight=4864 10019 7956 6061 7160 7285 5989 8037 3978 9878 3937 4836
leaf_count=4864 10019 7956 6061 7160 7285 5989 8037 3978 9878 3937 4836
internal_value=2.91312e-11 -0.000971206 -0.000568216 -0.000524886 -0.000502787 -0.000551378 -0.00064 -0.00158685 -0.00158476 -0.00159209 0.00703874
internal_weight=80000 70300 42488 26495 14445 12050 15993 27812 19897 7915 9700
internal_count=80000 70300 42488 26495 14445 12050 15993 27812 19897 7915 9700
is_linear=0
shrinkage=0.05


Tree=120
num_leaves=12
num_cat=0
split_feature=2 3 2 2 2 2 2 2 2 2 2
split_gain=197.426 6.29629 0.0477044 0.00559928 0.00054611 0.000347195 0.000207254 0.000109737 0.000203849 7.51519e-05 2.73334e-05
threshold=12425.000000000002 1.0000000180025095e-35 17850.000000000004 29925.000000000004 40075.000000000007 19425.000000000004 16275.000000000002 19425.000000000004 15225 19775.000000000004 9625.0000000000018
decision_type=2 2 2 2 2 2 2 2 2 2 2
left_child=10 7 6 5 -5 -4 -3 8 -2 -9 -1
right_child=1 2 3 4 -6 -7 -8 9 -10 -11 -12
leaf_value=0.0066841591998533997 -0.001510549973592848 -0.00060227672699382062 -0.0005153730494013855 -0.00046784326728588165 -0.00048728780390221084 -0.00053234769480505395 -0.00061366066538667483 -0.0015173322343015356 -0.0015004278509694951 -0.0015075879406361613 0.0066894675867201353
leaf_weight=4864 10019 7956 6061 7160 7285 5989 8037 3978 9878 3937 4836
leaf_count=4864 10019 7956 6061 7160 7285 5989 8037 3978 9878 3937 4836
internal_value=9.37543e-11 -0.000922646 -0.000539806 -0.000498643 -0.00047765 -0.00052381 -0.000607998 -0.00150751 -0.00150552 -0.00151249 0.00668681
internal_weight=80000 70300 42488 26495 14445 12050 15993 27812 19897 7915 9700
internal_count=80000 70300 42488 26495 14445 12050 15993 27812 19897 7915 9700
is_linear=0
shrinkage=0.05


Tree=121
num_leaves=12
num_cat=0
split_feature=2 3 2 2 2 2 2 2 2 2 2
split_gain=178.177 5.68233 0.0430555 0.00505447 0.000492914 0.000313389 0.000186988 9.91255e-05 0.000184128 6.78987e-05 2.46447e-05
threshold=12425.000000000002 1.0000000180025095e-35 17850.000000000004 29925.000000000004 40075.000000000007 19425.000000000004 16275.000000000002 19425.000000000004 15225 19775.000000000004 9625.0000000000018
decision_type=2 2 2 2 2 2 2 2 2 2 2
left_child=10 7 6 5 -5 -4 -3 8 -2 -9 -1
right_child=1 2 3 4 -6 -7 -8 9 -10 -11 -12
leaf_value=0.0063499488909033791 -0.0014350202859391714 -0.00057216760788952545 -0.0004896075130559227 -0.00044444945766870195 -0.00046292270304265707 -0.00050573461187705161 -0.00058298064704205544 -0.0014414668799592901 -0.0014254002367305133 -0.001432204742852561 0.0063549894351524515
leaf_weight=4864 10019 7956 6061 7160 7285 5989 8037 3978 9878 3937 4836
leaf_count=4864 10019 7956 6061 7160 7285 5989 8037 3978 9878 3937 4836
internal_value=-2.93437e-10 -0.000876514 -0.000512817 -0.000473712 -0.000453766 -0.000497623 -0.000577602 -0.00143213 -0.00143024 -0.00143686 0.00635246
internal_weight=80000 70300 42488 26495 14445 12050 15993 27812 19897 7915 9700
internal_count=80000 70300 42488 26495 14445 12050 15993 27812 19897 7915 9700
is_linear=0
shrinkage=0.05


Tree=122
num_leaves=12
num_cat=0
split_feature=2 3 2 2 2 2 2 2 2 2 2
split_gain=160.804 5.12834 0.0388578 0.00456224 0.000444704 0.000282785 0.000168792 8.93646e-05 0.000166044 6.1359e-05 2.22331e-05
threshold=12425.000000000002 1.0000000180025095e-35 17850.000000000004 29925.000000000004 40075.000000000007 19425.000000000004 16275.000000000002 19425.000000000004 15225 19775.000000000004 9625.0000000000018
decision_type=2 2 2 2 2 2 2 2 2 2 2
left_child=10 7 6 5 -5 -4 -3 8 -2 -9 -1
right_child=1 2 3 4 -6 -7 -8 9 -10 -11 -12
leaf_value=0.0060324525264748357 -0.0013632700206373653 -0.0005435576873778833 -0.00046512796697484917 -0.00042222601962103461 -0.0004397726187148651 -0.00048044739983907315 -0.00055383115449771949 -0.00136939557247267 -0.0013541345970041899 -0.0013605907737462672 0.0060372401070469071
leaf_weight=4864 10019 7956 6061 7160 7285 5989 8037 3978 9878 3937 4836
leaf_count=4864 10019 7956 6061 7160 7285 5989 8037 3978 9878 3937 4836
internal_value=-1.37073e-10 -0.000832688 -0.000487175 -0.000450025 -0.000431075 -0.000472742 -0.00054872 -0.00136052 -0.00135873 -0.00136502 0.00603484
internal_weight=80000 70300 42488 26495 14445 12050 15993 27812 19897 7915 9700
internal_count=80000 70300 42488 26495 14445 12050 15993 27812 19897 7915 9700
is_linear=0
shrinkage=0.05


Tree=123
num_leaves=12
num_cat=0
split_feature=2 4 2 2 2 2 2 2 2 2 2
split_gain=145.126 4.62834 0.0350702 0.00411676 0.000401358 0.000255042 0.000152332 8.06609e-05 0.000149938 5.52655e-05 2.01453e-05
threshold=12425.000000000002 0.20000000000000004 17850.000000000004 29925.000000000004 40075.000000000007 19425.000000000004 16275.000000000002 19425.000000000004 15225 19775.000000000004 9625.0000000000018
decision_type=2 2 2 2 2 2 2 2 2 2 2
left_child=10 7 6 5 -5 -4 -3 8 -2 -9 -1
right_child=1 2 3 4 -6 -7 -8 9 -10 -11 -12
leaf_value=0.0057308249756135264 -0.0012951089959660626 -0.00051638105211806562 -0.00044187214941385938 -0.00040111589886188934 -0.00041778542451148532 -0.00045642070110319565 -0.0005261407330888492 -0.001300923243548268 -0.0012864279217898221 -0.0012925670689737374 0.0057353822282017637
leaf_weight=4864 10019 7956 6061 7160 7285 5989 8037 3978 9878 3937 4836
leaf_count=4864 10019 7956 6061 7160 7285 5989 8037 3978 9878 3937 4836
internal_value=-8.52136e-10 -0.000791054 -0.000462817 -0.000427524 -0.000409523 -0.000449103 -0.000521286 -0.0012925 -0.0012908 -0.00129677 0.0057331
internal_weight=80000 70300 42488 26495 14445 12050 15993 27812 19897 7915 9700
internal_count=80000 70300 42488 26495 14445 12050 15993 27812 19897 7915 9700
is_linear=0
shrinkage=0.05


Tree=124
num_leaves=12
num_cat=0
split_feature=2 3 2 2 2 2 2 2 2 2 2
split_gain=130.976 4.17705 0.0316474 0.00371446 0.000362017 0.000230127 0.000137626 7.27268e-05 0.000135434 4.99105e-05 1.81186e-05
threshold=12425.000000000002 1.0000000180025095e-35 17850.000000000004 29925.000000000004 40075.000000000007 19425.000000000004 16275.000000000002 19425.000000000004 15225 19775.000000000004 9625.0000000000018
decision_type=2 2 2 2 2 2 2 2 2 2 2
left_child=10 7 6 5 -5 -4 -3 8 -2 -9 -1
right_child=1 2 3 4 -6 -7 -8 9 -10 -11 -12
leaf_value=0.0054442904995683329 -0.0012303542347156587 -0.00049055740934908542 -0.00041977943720887534 -0.000381067228596121 -0.00039689872050005883 -0.00043359912949748783 -0.00049983405553757465 -0.0012358746433691692 -0.001222103719507054 -0.0012279336200920587 0.0054486124332428229
leaf_weight=4864 10019 7956 6061 7160 7285 5989 8037 3978 9878 3937 4836
leaf_count=4864 10019 7956 6061 7160 7285 5989 8037 3978 9878 3937 4836
internal_value=-2.85496e-10 -0.000751501 -0.000439677 -0.00040615 -0.000389051 -0.000426648 -0.000495219 -0.00122787 -0.00122626 -0.00123192 0.00544645
internal_weight=80000 70300 42488 26495 14445 12050 15993 27812 19897 7915 9700
internal_count=80000 70300 42488 26495 14445 12050 15993 27812 19897 7915 9700
is_linear=0
shrinkage=0.05


Tree=125
num_leaves=12
num_cat=0
split_feature=2 3 2 2 2 2 2 2 2 2 2
split_gain=118.206 3.76978 0.0285648 0.00335235 0.000327256 0.000207796 0.000123907 6.58069e-05 0.000122247 4.50446e-05 1.63946e-05
threshold=12425.000000000002 1.0000000180025095e-35 17850.000000000004 29925.000000000004 40075.000000000007 19425.000000000004 16275.000000000002 19425.000000000004 15225 19775.000000000004 9625.0000000000018
decision_type=2 2 2 2 2 2 2 2 2 2 2
left_child=10 7 6 5 -5 -4 -3 8 -2 -9 -1
right_child=1 2 3 4 -6 -7 -8 9 -10 -11 -12
leaf_value=0.0051720702769874781 -0.0011688332078375232 -0.00046603641933501671 -0.00039878594532909996 -0.00036200457715459286 -0.00037705681147565204 -0.00041191801340168866 -0.00047483855264679231 -0.0011740843279168418 -0.0011609946332990085 -0.0011665403243070725 0.0051761814504800207
leaf_weight=4864 10019 7956 6061 7160 7285 5989 8037 3978 9878 3937 4836
leaf_count=4864 10019 7956 6061 7160 7285 5989 8037 3978 9878 3937 4836
internal_value=6.03384e-10 -0.000713925 -0.000417692 -0.00038584 -0.000369596 -0.000405313 -0.00047046 -0.00116648 -0.00116494 -0.00117033 0.00517412
internal_weight=80000 70300 42488 26495 14445 12050 15993 27812 19897 7915 9700
internal_count=80000 70300 42488 26495 14445 12050 15993 27812 19897 7915 9700
is_linear=0
shrinkage=0.05


Tree=126
num_leaves=12
num_cat=0
split_feature=2 3 2 2 2 2 2 2 2 2 2
split_gain=106.681 3.40222 0.0257786 0.00302569 0.000294944 0.000187749 0.000112146 5.93823e-05 0.000110274 4.06274e-05 1.47351e-05
threshold=12425.000000000002 1.0000000180025095e-35 17850.000000000004 29925.000000000004 40075.000000000007 19425.000000000004 16275.000000000002 19425.000000000004 15225 19775.000000000004 9625.0000000000018
decision_type=2 2 2 2 2 2 2 2 2 2 2
left_child=10 7 6 5 -5 -4 -3 8 -2 -9 -1
right_child=1 2 3 4 -6 -7 -8 9 -10 -11 -12
leaf_value=0.0049134720741641422 -0.0011103898498950042 -0.00044272708630147396 -0.00037884410327764325 -0.00034390913146176779 -0.00035819897357782405 -0.00039132663628421482 -0.00045110108978611564 -0.0011153778527634357 -0.0011029450447436295 -0.0011082132897875386 0.0049173696288270429
leaf_weight=4864 10019 7956 6061 7160 7285 5989 8037 3978 9878 3937 4836
leaf_count=4864 10019 7956 6061 7160 7285 5989 8037 3978 9878 3937 4836
internal_value=1.21775e-09 -0.000678228 -0.000396807 -0.000366548 -0.000351116 -0.000385048 -0.000446935 -0.00110815 -0.00110669 -0.00111181 0.00491542
internal_weight=80000 70300 42488 26495 14445 12050 15993 27812 19897 7915 9700
internal_count=80000 70300 42488 26495 14445 12050 15993 27812 19897 7915 9700
is_linear=0
shrinkage=0.05


Tree=127
num_leaves=12
num_cat=0
split_feature=2 3 2 2 2 2 2 2 2 2 2
split_gain=96.2797 3.07052 0.0232669 0.00273031 0.000266376 0.000169112 0.000101043 5.35127e-05 9.96052e-05 3.67223e-05 1.33586e-05
threshold=12425.000000000002 1.0000000180025095e-35 17850.000000000004 29925.000000000004 40075.000000000007 19425.000000000004 16275.000000000002 19425.000000000004 15225 19775.000000000004 9625.0000000000018
decision_type=2 2 2 2 2 2 2 2 2 2 2
left_child=10 7 6 5 -5 -4 -3 8 -2 -9 -1
right_child=1 2 3 4 -6 -7 -8 9 -10 -11 -12
leaf_value=0.0046677956726796314 -0.001054877108880951 -0.00042059818607957639 -0.00035990771005231878 -0.0003267135344644148 -0.00034029368715933733 -0.00037175452126619884 -0.00042854682953176069 -0.0010596132104741974 -0.0010478015945633347 -0.0010528016717202492 0.0046715067156869869
leaf_weight=4864 10019 7956 6061 7160 7285 5989 8037 3978 9878 3937 4836
leaf_count=4864 10019 7956 6061 7160 7285 5989 8037 3978 9878 3937 4836
internal_value=-1.39653e-09 -0.00064432 -0.000376969 -0.000348222 -0.000333562 -0.000365796 -0.000424593 -0.00105275 -0.00105136 -0.00105623 0.00466965
internal_weight=80000 70300 42488 26495 14445 12050 15993 27812 19897 7915 9700
internal_count=80000 70300 42488 26495 14445 12050 15993 27812 19897 7915 9700
is_linear=0
shrinkage=0.05


Tree=128
num_leaves=12
num_cat=0
split_feature=2 3 2 2 2 2 2 2 2 2 2
split_gain=86.8922 2.77116 0.0209963 0.00246474 0.000240332 0.000152719 9.10916e-05 4.83149e-05 8.97321e-05 3.31368e-05 1.20451e-05
threshold=12425.000000000002 1.0000000180025095e-35 17850.000000000004 29925.000000000004 40075.000000000007 19425.000000000004 16275.000000000002 19425.000000000004 15225 19775.000000000004 9625.0000000000018
decision_type=2 2 2 2 2 2 2 2 2 2 2
left_child=10 7 6 5 -5 -4 -3 8 -2 -9 -1
right_child=1 2 3 4 -6 -7 -8 9 -10 -11 -12
leaf_value=0.0044344031979272518 -0.0010021297009941126 -0.00039956644956465451 -0.00034191241370398561 -0.00031037669028978216 -0.00032327590442753025 -0.00035317040931402807 -0.00040711354321123556 -0.0010066326901510025 -0.00099541400659362779 -0.0010001622243653347 0.0044379270828896755
leaf_weight=4864 10019 7956 6061 7160 7285 5989 8037 3978 9878 3937 4836
leaf_count=4864 10019 7956 6061 7160 7285 5989 8037 3978 9878 3937 4836
internal_value=-7.62865e-10 -0.000612103 -0.000358119 -0.000330811 -0.000316882 -0.000347508 -0.000403359 -0.00100011 -0.000998796 -0.00100341 0.00443616
internal_weight=80000 70300 42488 26495 14445 12050 15993 27812 19897 7915 9700
internal_count=80000 70300 42488 26495 14445 12050 15993 27812 19897 7915 9700
is_linear=0
shrinkage=0.05


Tree=129
num_leaves=12
num_cat=0
split_feature=2 3 2 2 2 2 2 2 2 2 2
split_gain=78.4203 2.50095 0.0189511 0.00222397 0.000216769 0.000137861 8.22479e-05 4.36427e-05 8.11904e-05 2.98808e-05 1.0891e-05
threshold=12425.000000000002 1.0000000180025095e-35 17850.000000000004 29925.000000000004 40075.000000000007 19425.000000000004 16275.000000000002 19425.000000000004 15225 19775.000000000004 9625.0000000000018
decision_type=2 2 2 2 2 2 2 2 2 2 2
left_child=10 7 6 5 -5 -4 -3 8 -2 -9 -1
right_child=1 2 3 4 -6 -7 -8 9 -10 -11 -12
leaf_value=0.0042126841143104495 -0.00095202479935861521 -0.00037959017102061495 -0.00032481392492865783 -0.00029486050210631711 -0.00030711106766360784 -0.00033551027406940711 -0.00038676155745914526 -0.00095629924439458484 -0.00094563673439484314 -0.00095015488199813732 0.0042160349254247434
leaf_weight=4864 10019 7956 6061 7160 7285 5989 8037 3978 9878 3937 4836
leaf_count=4864 10019 7956 6061 7160 7285 5989 8037 3978 9878 3937 4836
internal_value=-1.18147e-10 -0.000581497 -0.000340214 -0.00031427 -0.000301039 -0.00033013 -0.000383194 -0.000950103 -0.000948853 -0.000953243 0.00421435
internal_weight=80000 70300 42488 26495 14445 12050 15993 27812 19897 7915 9700
internal_count=80000 70300 42488 26495 14445 12050 15993 27812 19897 7915 9700
is_linear=0
shrinkage=0.05


Tree=130
num_leaves=12
num_cat=0
split_feature=2 3 2 2 2 2 2 2 2 2 2
split_gain=70.7743 2.25711 0.0171016 0.00200698 0.000195558 0.000124536 7.42239e-05 3.93451e-05 7.31267e-05 2.69869e-05 9.79226e-06
threshold=12425.000000000002 1.0000000180025095e-35 17850.000000000004 29925.000000000004 40075.000000000007 19425.000000000004 16275.000000000002 19425.000000000004 15225 19775.000000000004 9625.0000000000018
decision_type=2 2 2 2 2 2 2 2 2 2 2
left_child=10 7 6 5 -5 -4 -3 8 -2 -9 -1
right_child=1 2 3 4 -6 -7 -8 9 -10 -11 -12
leaf_value=0.0040020506816386171 -0.00090442242356233386 -0.00036060902242681162 -0.00030857184912973755 -0.00028012064327565531 -0.00029175642511871947 -0.00031873813820519219 -0.0003674216175711329 -0.00090848498487477037 -0.0008983598767473962 -0.00090264573639518017 0.0040052279749768884
leaf_weight=4864 10019 7956 6061 7160 7285 5989 8037 3978 9878 3937 4836
leaf_count=4864 10019 7956 6061 7160 7285 5989 8037 3978 9878 3937 4836
internal_value=-9.82859e-10 -0.000552423 -0.000323203 -0.000298558 -0.000285989 -0.000313625 -0.000364033 -0.000902599 -0.000901413 -0.00090558 0.00400363
internal_weight=80000 70300 42488 26495 14445 12050 15993 27812 19897 7915 9700
internal_count=80000 70300 42488 26495 14445 12050 15993 27812 19897 7915 9700
is_linear=0
shrinkage=0.05


Tree=131
num_leaves=12
num_cat=0
split_feature=2 3 2 2 2 2 2 2 2 2 2
split_gain=63.8738 2.03705 0.0154341 0.00181189 0.000176632 0.000112251 6.70192e-05 3.55803e-05 6.58895e-05 2.43362e-05 8.83575e-06
threshold=12425.000000000002 1.0000000180025095e-35 17850.000000000004 29925.000000000004 40075.000000000007 19425.000000000004 16275.000000000002 19425.000000000004 15225 19775.000000000004 9625.0000000000018
decision_type=2 2 2 2 2 2 2 2 2 2 2
left_child=10 7 6 5 -5 -4 -3 8 -2 -9 -1
right_child=1 2 3 4 -6 -7 -8 9 -10 -11 -12
leaf_value=0.0038019510837617228 -0.00085919655229742373 -0.00034257546154364609 -0.00029314656181275852 -0.00026610835283702336 -0.0002771667612786229 -0.00030279838264913445 -0.00034904897546019517 -0.00086306117659635086 -0.00085344181696734049 -0.00085751611313832077 0.0038049692110932636
leaf_weight=4864 10019 7956 6061 7160 7285 5989 8037 3978 9878 3937 4836
leaf_count=4864 10019 7956 6061 7160 7285 5989 8037 3978 9878 3937 4836
internal_value=1.01097e-09 -0.0005248 -0.000307041 -0.000283628 -0.000271685 -0.000297944 -0.000345829 -0.000857468 -0.00085634 -0.000860303 0.00380346
internal_weight=80000 70300 42488 26495 14445 12050 15993 27812 19897 7915 9700
internal_count=80000 70300 42488 26495 14445 12050 15993 27812 19897 7915 9700
is_linear=0
shrinkage=0.05


Tree=132
num_leaves=12
num_cat=0
split_feature=2 3 2 2 2 2 2 2 2 2 2
split_gain=57.6461 1.83844 0.0139303 0.00163512 0.000159382 0.00010149 6.04049e-05 3.20573e-05 5.95798e-05 2.19699e-05 7.95225e-06
threshold=12425.000000000002 1.0000000180025095e-35 17850.000000000004 29925.000000000004 40075.000000000007 19425.000000000004 16275.000000000002 19425.000000000004 15225 19775.000000000004 9625.0000000000018
decision_type=2 2 2 2 2 2 2 2 2 2 2
left_child=10 7 6 5 -5 -4 -3 8 -2 -9 -1
right_child=1 2 3 4 -6 -7 -8 9 -10 -11 -12
leaf_value=0.003611853443449619 -0.0008162412224996514 -0.0003254509440094351 -0.00027848470373933678 -0.0002528038488943003 -0.00026330840302426394 -0.00028766221684248369 -0.00033159671986100834 -0.00081990723447361948 -0.00081076896437457533 -0.00081463863900234584 0.0036147167049720521
leaf_weight=4864 10019 7956 6061 7160 7285 5989 8037 3978 9878 3937 4836
leaf_count=4864 10019 7956 6061 7160 7285 5989 8037 3978 9878 3937 4836
internal_value=-9.29104e-11 -0.000498561 -0.00029169 -0.000269446 -0.000258102 -0.000283046 -0.000328539 -0.000814595 -0.000813524 -0.000817287 0.00361328
internal_weight=80000 70300 42488 26495 14445 12050 15993 27812 19897 7915 9700
internal_count=80000 70300 42488 26495 14445 12050 15993 27812 19897 7915 9700
is_linear=0
shrinkage=0.05


Tree=133
num_leaves=12
num_cat=0
split_feature=2 3 2 2 2 2 2 2 2 2 2
split_gain=52.0256 1.65918 0.0125697 0.00147554 0.000143802 9.15988e-05 5.46937e-05 2.89192e-05 5.3839e-05 1.98153e-05 7.17684e-06
threshold=12425.000000000002 1.0000000180025095e-35 17850.000000000004 29925.000000000004 40075.000000000007 19425.000000000004 16275.000000000002 19425.000000000004 15225 19775.000000000004 9625.0000000000018
decision_type=2 2 2 2 2 2 2 2 2 2 2
left_child=10 7 6 5 -5 -4 -3 8 -2 -9 -1
right_child=1 2 3 4 -6 -7 -8 9 -10 -11 -12
leaf_value=0.00343126116540798 -0.00077542831661079746 -0.00030916968951640733 -0.00026456098881395091 -0.00024016622951416515 -0.00025014416129571533 -0.00027327983559115955 -0.00031501771547140143 -0.00077890782701783357 -0.00077022637353574459 -0.0007739042488426152 0.0034339812512232492
leaf_weight=4864 10019 7956 6061 7160 7285 5989 8037 3978 9878 3937 4836
leaf_count=4864 10019 7956 6061 7160 7285 5989 8037 3978 9878 3937 4836
internal_value=1.24898e-09 -0.000473631 -0.000277105 -0.000255975 -0.000245198 -0.000268894 -0.000312109 -0.000773863 -0.000772846 -0.000776419 0.00343262
internal_weight=80000 70300 42488 26495 14445 12050 15993 27812 19897 7915 9700
internal_count=80000 70300 42488 26495 14445 12050 15993 27812 19897 7915 9700
is_linear=0
shrinkage=0.05


Tree=134
num_leaves=12
num_cat=0
split_feature=2 3 2 2 2 2 2 2 2 2 2
split_gain=46.9531 1.49743 0.0113458 0.00133184 0.000129896 8.25601e-05 4.93016e-05 2.60893e-05 4.8501e-05 1.78714e-05 6.49877e-06
threshold=12425.000000000002 1.0000000180025095e-35 17850.000000000004 29925.000000000004 40075.000000000007 19425.000000000004 16275.000000000002 19425.000000000004 15225 19775.000000000004 9625.0000000000018
decision_type=2 2 2 2 2 2 2 2 2 2 2
left_child=10 7 6 5 -5 -4 -3 8 -2 -9 -1
right_child=1 2 3 4 -6 -7 -8 9 -10 -11 -12
leaf_value=0.0032596962924162053 -0.00073665737852188033 -0.00029371462271545091 -0.00025133426821929083 -0.00022815307340229922 -0.0002376362657032125 -0.00025961177030478418 -0.00029926689765666966 -0.00073996369585080206 -0.00073172004347667858 -0.0007352118844195731 0.003262284693030232
leaf_weight=4864 10019 7956 6061 7160 7285 5989 8037 3978 9878 3937 4836
leaf_count=4864 10019 7956 6061 7160 7285 5989 8037 3978 9878 3937 4836
internal_value=7.02723e-10 -0.00044995 -0.000263249 -0.000243174 -0.000232936 -0.000255448 -0.000296505 -0.000735172 -0.000734206 -0.0007376 0.00326099
internal_weight=80000 70300 42488 26495 14445 12050 15993 27812 19897 7915 9700
internal_count=80000 70300 42488 26495 14445 12050 15993 27812 19897 7915 9700
is_linear=0
shrinkage=0.05


Tree=135
num_leaves=12
num_cat=0
split_feature=2 3 2 2 2 2 2 2 2 2 2
split_gain=42.3753 1.35141 0.0102389 0.00120175 0.000117182 7.44203e-05 4.45519e-05 2.35516e-05 4.38129e-05 1.61635e-05 5.87299e-06
threshold=12425.000000000002 1.0000000180025095e-35 17850.000000000004 29925.000000000004 40075.000000000007 19425.000000000004 16275.000000000002 19425.000000000004 15225 19775.000000000004 9625.0000000000018
decision_type=2 2 2 2 2 2 2 2 2 2 2
left_child=10 7 6 5 -5 -4 -3 8 -2 -9 -1
right_child=1 2 3 4 -6 -7 -8 9 -10 -11 -12
leaf_value=0.0030967123157863269 -0.0006998255085486375 -0.00027902879520833029 -0.00023877210033090374 -0.00021675058813861901 -0.0002257577592392849 -0.00024663096935733828 -0.00028430684520047787 -0.0007029682439047228 -0.00069513285952734242 -0.0006984491877736615 0.0030991729420104825
leaf_weight=4864 10019 7956 6061 7160 7285 5989 8037 3978 9878 3937 4836
leaf_count=4864 10019 7956 6061 7160 7285 5989 8037 3978 9878 3937 4836
internal_value=-5.56298e-10 -0.000427455 -0.000250089 -0.000231019 -0.000221293 -0.000242678 -0.000281681 -0.000698414 -0.000697496 -0.00070072 0.00309794
internal_weight=80000 70300 42488 26495 14445 12050 15993 27812 19897 7915 9700
internal_count=80000 70300 42488 26495 14445 12050 15993 27812 19897 7915 9700
is_linear=0
shrinkage=0.05


Tree=136
num_leaves=12
num_cat=0
split_feature=2 3 2 2 2 2 2 2 2 2 2
split_gain=38.2437 1.21965 0.0092411 0.00108479 0.000105686 6.73451e-05 4.02575e-05 2.12683e-05 3.95109e-05 1.45635e-05 5.29303e-06
threshold=12425.000000000002 1.0000000180025095e-35 17850.000000000004 29925.000000000004 40075.000000000007 19425.000000000004 16275.000000000002 19425.000000000004 15225 19775.000000000004 9625.0000000000018
decision_type=2 2 2 2 2 2 2 2 2 2 2
left_child=10 7 6 5 -5 -4 -3 8 -2 -9 -1
right_child=1 2 3 4 -6 -7 -8 9 -10 -11 -12
leaf_value=0.0029418789652036021 -0.00066483199732800008 -0.00026507556256377007 -0.00022682809843909934 -0.00020591216964966505 -0.00021446609451818553 -0.00023430406540012714 -0.00027009278972751612 -0.0006678176137757787 -0.00066037568702286345 -0.00066352805241839269 0.0029442149398086993
leaf_weight=4864 10019 7956 6061 7160 7285 5989 8037 3978 9878 3937 4836
leaf_count=4864 10019 7956 6061 7160 7285 5989 8037 3978 9878 3937 4836
internal_value=5.72446e-10 -0.000406081 -0.000237583 -0.000219467 -0.000210226 -0.000230544 -0.000267597 -0.000663492 -0.00066262 -0.000665684 0.00294304
internal_weight=80000 70300 42488 26495 14445 12050 15993 27812 19897 7915 9700
internal_count=80000 70300 42488 26495 14445 12050 15993 27812 19897 7915 9700
is_linear=0
shrinkage=0.05


Tree=137
num_leaves=12
num_cat=0
split_feature=2 3 2 2 2 2 2 2 2 2 2
split_gain=34.5149 1.10072 0.00834027 0.000978983 9.54893e-05 6.07409e-05 3.62089e-05 1.92101e-05 3.57913e-05 1.3118e-05 4.78857e-06
threshold=12425.000000000002 1.0000000180025095e-35 17850.000000000004 29925.000000000004 40075.000000000007 19425.000000000004 16275.000000000002 19425.000000000004 15225 19775.000000000004 9625.0000000000018
decision_type=2 2 2 2 2 2 2 2 2 2 2
left_child=10 7 6 5 -5 -4 -3 8 -2 -9 -1
right_child=1 2 3 4 -6 -7 -8 9 -10 -11 -12
leaf_value=0.002794780355675118 -0.00063159363240375692 -0.00025182759128810039 -0.0002154888274781793 -0.00019561565815169992 -0.00020374648751396633 -0.00022258876994839087 -0.00025658585129198415 -0.00063442527080051199 -0.00062735226737843696 -0.00063035414278117389 0.0027970022272327095
leaf_weight=4864 10019 7956 6061 7160 7285 5989 8037 3978 9878 3937 4836
leaf_count=4864 10019 7956 6061 7160 7285 5989 8037 3978 9878 3937 4836
internal_value=-4.98379e-10 -0.000385777 -0.000225706 -0.000208495 -0.000199716 -0.000219018 -0.000254219 -0.000630317 -0.000629488 -0.0006324 0.00279589
internal_weight=80000 70300 42488 26495 14445 12050 15993 27812 19897 7915 9700
internal_count=80000 70300 42488 26495 14445 12050 15993 27812 19897 7915 9700
is_linear=0
shrinkage=0.05


Tree=138
num_leaves=12
num_cat=0
split_feature=2 3 2 2 2 2 2 2 2 2 2
split_gain=31.1497 0.993421 0.00752683 0.000883268 8.60991e-05 5.47557e-05 3.27696e-05 1.73429e-05 3.22193e-05 1.18661e-05 4.34659e-06
threshold=12425.000000000002 1.0000000180025095e-35 17850.000000000004 29925.000000000004 40075.000000000007 19425.000000000004 16275.000000000002 19425.000000000004 15225 19775.000000000004 9625.0000000000018
decision_type=2 2 2 2 2 2 2 2 2 2 2
left_child=10 7 6 5 -5 -4 -3 8 -2 -9 -1
right_child=1 2 3 4 -6 -7 -8 9 -10 -11 -12
leaf_value=0.0026550386930945316 -0.00060001289751861729 -0.00023923091716104088 -0.00020471343533528548 -0.0001858365497226351 -0.00019355725052320018 -0.00021145450619031799 -0.00024375756236361736 -0.00060270815486506996 -0.00059598873557583612 -0.0005988361713719423 0.002657155543873399
leaf_weight=4864 10019 7956 6061 7160 7285 5989 8037 3978 9878 3937 4836
leaf_count=4864 10019 7956 6061 7160 7285 5989 8037 3978 9878 3937 4836
internal_value=-1.09056e-10 -0.000366488 -0.000214419 -0.000198068 -0.00018973 -0.000208064 -0.000241506 -0.000598803 -0.000598015 -0.000600782 0.00265609
internal_weight=80000 70300 42488 26495 14445 12050 15993 27812 19897 7915 9700
internal_count=80000 70300 42488 26495 14445 12050 15993 27812 19897 7915 9700
is_linear=0
shrinkage=0.05


Tree=139
num_leaves=12
num_cat=0
split_feature=2 3 2 2 2 2 2 2 2 2 2
split_gain=28.1125 0.896546 0.00679357 0.000797342 7.77794e-05 4.94108e-05 2.94866e-05 1.56711e-05 2.90413e-05 1.07228e-05 3.914e-06
threshold=12425.000000000002 1.0000000180025095e-35 17850.000000000004 29925.000000000004 40075.000000000007 19425.000000000004 16275.000000000002 19425.000000000004 15225 19775.000000000004 9625.0000000000018
decision_type=2 2 2 2 2 2 2 2 2 2 2
left_child=10 7 6 5 -5 -4 -3 8 -2 -9 -1
right_child=1 2 3 4 -6 -7 -8 9 -10 -11 -12
leaf_value=0.0025222864571811734 -0.00057000839391946627 -0.00022727483710289145 -0.0001944795257672809 -0.00017654239759938507 -0.00018388060298254528 -0.00020088313760817188 -0.00023156875001371005 -0.00057257286260300631 -0.00056618785361491303 -0.00056889212691713131 0.0025242952085888014
leaf_weight=4864 10019 7956 6061 7160 7285 5989 8037 3978 9878 3937 4836
leaf_count=4864 10019 7956 6061 7160 7285 5989 8037 3978 9878 3937 4836
internal_value=-9.79441e-11 -0.000348164 -0.000203699 -0.000188165 -0.000180243 -0.000197662 -0.000229433 -0.00056886 -0.000568112 -0.000570742 0.00252329
internal_weight=80000 70300 42488 26495 14445 12050 15993 27812 19897 7915 9700
internal_count=80000 70300 42488 26495 14445 12050 15993 27812 19897 7915 9700
is_linear=0
shrinkage=0.05


Tree=140
num_leaves=12
num_cat=0
split_feature=2 3 2 2 2 2 2 2 2 2 2
split_gain=25.3716 0.809153 0.00612957 0.000719619 7.01938e-05 4.45096e-05 2.65698e-05 1.40537e-05 2.62138e-05 9.68718e-06 3.5237e-06
threshold=12425.000000000002 1.0000000180025095e-35 17850.000000000004 29925.000000000004 40075.000000000007 19425.000000000004 16275.000000000002 19425.000000000004 15225 19775.000000000004 9625.0000000000018
decision_type=2 2 2 2 2 2 2 2 2 2 2
left_child=10 7 6 5 -5 -4 -3 8 -2 -9 -1
right_child=1 2 3 4 -6 -7 -8 9 -10 -11 -12
leaf_value=0.0023961734443530176 -0.00054151424779190916 -0.00021590906084253413 -0.0001847600743372465 -0.00016771680996402081 -0.00017468799780044316 -0.00019083780015996519 -0.00021998506829881185 -0.00054394332773968497 -0.00053788445321149348 -0.00054044484964895737 0.0023980794124556521
leaf_weight=4864 10019 7956 6061 7160 7285 5989 8037 3978 9878 3937 4836
leaf_count=4864 10019 7956 6061 7160 7285 5989 8037 3978 9878 3937 4836
internal_value=-1.21797e-09 -0.000330757 -0.000193514 -0.000178759 -0.000171233 -0.000187781 -0.000217957 -0.000540421 -0.000539712 -0.000542203 0.00239712
internal_weight=80000 70300 42488 26495 14445 12050 15993 27812 19897 7915 9700
internal_count=80000 70300 42488 26495 14445 12050 15993 27812 19897 7915 9700
is_linear=0
shrinkage=0.05


Tree=141
num_leaves=12
num_cat=0
split_feature=2 3 2 2 2 2 2 2 2 2 2
split_gain=22.8979 0.73026 0.00553306 0.000649505 6.33567e-05 4.02977e-05 2.3981e-05 1.27119e-05 2.36119e-05 8.69028e-06 3.1449e-06
threshold=12425.000000000002 1.0000000180025095e-35 17850.000000000004 29925.000000000004 40075.000000000007 19425.000000000004 16275.000000000002 19425.000000000004 15225 19775.000000000004 9625.0000000000018
decision_type=2 2 2 2 2 2 2 2 2 2 2
left_child=10 7 6 5 -5 -4 -3 8 -2 -9 -1
right_child=1 2 3 4 -6 -7 -8 9 -10 -11 -12
leaf_value=0.0022763709988240818 -0.00051443575234183048 -0.00020511556489794864 -0.00017551606907806599 -0.00015932875992935125 -0.00016595174506045854 -0.00018129908402347283 -0.00020898790783936011 -0.00051674272971814934 -0.00051099080819960903 -0.00051342915054145759 0.0022781716088439248
leaf_weight=4864 10019 7956 6061 7160 7285 5989 8037 3978 9878 3937 4836
leaf_count=4864 10019 7956 6061 7160 7285 5989 8037 3978 9878 3937 4836
internal_value=-7.05679e-10 -0.000314219 -0.000183838 -0.000169819 -0.000162669 -0.00017839 -0.000207062 -0.0005134 -0.000512725 -0.000515095 0.00227727
internal_weight=80000 70300 42488 26495 14445 12050 15993 27812 19897 7915 9700
internal_count=80000 70300 42488 26495 14445 12050 15993 27812 19897 7915 9700
is_linear=0
shrinkage=0.05


Tree=142
num_leaves=12
num_cat=0
split_feature=2 3 2 2 2 2 2 2 2 2 2
split_gain=20.6654 0.659052 0.00499366 0.000586244 5.71856e-05 3.63635e-05 2.16531e-05 1.14695e-05 2.13611e-05 7.87483e-06 2.85767e-06
threshold=12425.000000000002 1.0000000180025095e-35 17850.000000000004 29925.000000000004 40075.000000000007 19425.000000000004 16275.000000000002 19425.000000000004 15225 19775.000000000004 9625.0000000000018
decision_type=2 2 2 2 2 2 2 2 2 2 2
left_child=10 7 6 5 -5 -4 -3 8 -2 -9 -1
right_child=1 2 3 4 -6 -7 -8 9 -10 -11 -12
leaf_value=0.0021625512256701097 -0.00048871481137683726 -0.00019486022763797763 -0.00016674153326822036 -0.00015136238322177039 -0.00015765455855867156 -0.0001722350055216175 -0.00019853983061542311 -0.00049090736160263635 -0.00048543816756317415 -0.00048775307680150185 0.0021642676399791015
leaf_weight=4864 10019 7956 6061 7160 7285 5989 8037 3978 9878 3937 4836
leaf_count=4864 10019 7956 6061 7160 7285 5989 8037 3978 9878 3937 4836
internal_value=-4.29844e-10 -0.000298508 -0.000174646 -0.000161329 -0.000154536 -0.000169472 -0.000196709 -0.000487729 -0.000487088 -0.000489338 0.00216341
internal_weight=80000 70300 42488 26495 14445 12050 15993 27812 19897 7915 9700
internal_count=80000 70300 42488 26495 14445 12050 15993 27812 19897 7915 9700
is_linear=0
shrinkage=0.05


Tree=143
num_leaves=12
num_cat=0
split_feature=2 3 2 2 2 2 2 2 2 2 2
split_gain=18.6505 0.594793 0.00450647 0.000528954 5.15204e-05 3.28464e-05 1.94922e-05 1.03823e-05 1.92336e-05 7.10379e-06 2.5933e-06
threshold=12425.000000000002 1.0000000180025095e-35 17850.000000000004 29925.000000000004 40075.000000000007 19425.000000000004 16275.000000000002 19425.000000000004 15225 19775.000000000004 9625.0000000000018
decision_type=2 2 2 2 2 2 2 2 2 2 2
left_child=10 7 6 5 -5 -4 -3 8 -2 -9 -1
right_child=1 2 3 4 -6 -7 -8 9 -10 -11 -12
leaf_value=0.002054422577719762 -0.00046427522878702312 -0.00018511802736995674 -0.00015840209028524568 -0.00014379740009873236 -0.00014976977732629557 -0.00016362314103309631 -0.000188609198383965 -0.00046636281706404007 -0.00046116603982358502 -0.00046336692974353649 0.0020560576710505281
leaf_weight=4864 10019 7956 6061 7160 7285 5989 8037 3978 9878 3937 4836
leaf_count=4864 10019 7956 6061 7160 7285 5989 8037 3978 9878 3937 4836
internal_value=5.04267e-10 -0.000283581 -0.000165913 -0.000153262 -0.000146809 -0.000160997 -0.000186872 -0.000463341 -0.000462732 -0.000464873 0.00205524
internal_weight=80000 70300 42488 26495 14445 12050 15993 27812 19897 7915 9700
internal_count=80000 70300 42488 26495 14445 12050 15993 27812 19897 7915 9700
is_linear=0
shrinkage=0.05


Tree=144
num_leaves=12
num_cat=0
split_feature=2 3 2 2 2 2 2 2 2 2 2
split_gain=16.832 0.536806 0.00406738 0.000477521 4.66325e-05 2.96126e-05 1.76611e-05 9.35278e-06 1.74374e-05 6.42999e-06 2.34304e-06
threshold=12425.000000000002 1.0000000180025095e-35 17850.000000000004 29925.000000000004 40075.000000000007 19425.000000000004 16275.000000000002 19425.000000000004 15225 19775.000000000004 9625.0000000000018
decision_type=2 2 2 2 2 2 2 2 2 2 2
left_child=10 7 6 5 -5 -4 -3 8 -2 -9 -1
right_child=1 2 3 4 -6 -7 -8 9 -10 -11 -12
leaf_value=0.0019516986099072137 -0.00044106544665714094 -0.00017585815840048173 -0.00015048254264476057 -0.00013660065503433275 -0.00014228266135865518 -0.00015543992494972849 -0.00017918130805881461 -0.00044304552607897572 -0.00043810499704293105 -0.00044019525978432252 0.0019532528073169489
leaf_weight=4864 10019 7956 6061 7160 7285 5989 8037 3978 9878 3937 4836
leaf_count=4864 10019 7956 6061 7160 7285 5989 8037 3978 9878 3937 4836
internal_value=8.86785e-10 -0.000269401 -0.000157616 -0.000145597 -0.000139466 -0.000152946 -0.000177528 -0.000440174 -0.000439596 -0.000441628 0.00195247
internal_weight=80000 70300 42488 26495 14445 12050 15993 27812 19897 7915 9700
internal_count=80000 70300 42488 26495 14445 12050 15993 27812 19897 7915 9700
is_linear=0
shrinkage=0.05


Tree=145
num_leaves=12
num_cat=0
split_feature=2 3 2 2 2 2 2 2 2 2 2
split_gain=15.191 0.484472 0.00367033 0.000430939 4.19104e-05 2.66899e-05 1.59153e-05 8.4408e-06 1.57446e-05 5.77796e-06 2.10788e-06
threshold=12425.000000000002 1.0000000180025095e-35 17850.000000000004 29925.000000000004 40075.000000000007 19425.000000000004 16275.000000000002 19425.000000000004 15225 19775.000000000004 9625.0000000000018
decision_type=2 2 2 2 2 2 2 2 2 2 2
left_child=10 7 6 5 -5 -4 -3 8 -2 -9 -1
right_child=1 2 3 4 -6 -7 -8 9 -10 -11 -12
leaf_value=0.0018541181026026415 -0.00041901475213284222 -0.00016706628855336561 -0.00014296163232893955 -0.00012977831295070982 -0.00013516495870100303 -0.00014766802050993264 -0.00017022091278391004 -0.00042089257402066468 -0.00041620166591661086 -0.00041819068443305475 0.0018555922441437188
leaf_weight=4864 10019 7956 6061 7160 7285 5989 8037 3978 9878 3937 4836
leaf_count=4864 10019 7956 6061 7160 7285 5989 8037 3978 9878 3937 4836
internal_value=-1.27986e-10 -0.000255933 -0.000149737 -0.000138319 -0.000132495 -0.000145301 -0.000168652 -0.000418168 -0.000417618 -0.000419549 0.00185485
internal_weight=80000 70300 42488 26495 14445 12050 15993 27812 19897 7915 9700
internal_count=80000 70300 42488 26495 14445 12050 15993 27812 19897 7915 9700
is_linear=0
shrinkage=0.05


Tree=146
num_leaves=12
num_cat=0
split_feature=2 3 2 2 2 2 2 2 2 2 2
split_gain=13.7098 0.437226 0.00331318 0.000388865 3.78398e-05 2.41444e-05 1.43693e-05 7.62031e-06 1.41461e-05 5.22478e-06 1.89571e-06
threshold=12425.000000000002 1.0000000180025095e-35 17850.000000000004 29925.000000000004 40075.000000000007 19425.000000000004 16275.000000000002 19425.000000000004 15225 19775.000000000004 9625.0000000000018
decision_type=2 2 2 2 2 2 2 2 2 2 2
left_child=10 7 6 5 -5 -4 -3 8 -2 -9 -1
right_child=1 2 3 4 -6 -7 -8 9 -10 -11 -12
leaf_value=0.0017614077259622718 -0.00039805938826850381 -0.0001587158802273047 -0.00013581057467661225 -0.0001232894018578425 -0.00012840777254527898 -0.00014028691067466864 -0.00016171337228893816 -0.00039984782518680376 -0.00039539292147794635 -0.00039727852703681267 0.0017628057092690889
leaf_weight=4864 10019 7956 6061 7160 7285 5989 8037 3978 9878 3937 4836
leaf_count=4864 10019 7956 6061 7160 7285 5989 8037 3978 9878 3937 4836
internal_value=-9.47093e-10 -0.000243136 -0.000142251 -0.000131403 -0.000125871 -0.000138035 -0.000160222 -0.000397258 -0.000396736 -0.00039857 0.0017621
internal_weight=80000 70300 42488 26495 14445 12050 15993 27812 19897 7915 9700
internal_count=80000 70300 42488 26495 14445 12050 15993 27812 19897 7915 9700
is_linear=0
shrinkage=0.05


Tree=147
num_leaves=12
num_cat=0
split_feature=2 3 2 2 2 2 2 2 2 2 2
split_gain=12.3731 0.394596 0.00298922 0.000351135 3.41792e-05 2.17907e-05 1.29839e-05 6.87347e-06 1.27828e-05 4.71739e-06 1.7181e-06
threshold=12425.000000000002 1.0000000180025095e-35 17850.000000000004 29925.000000000004 40075.000000000007 19425.000000000004 16275.000000000002 19425.000000000004 15225 19775.000000000004 9625.0000000000018
decision_type=2 2 2 2 2 2 2 2 2 2 2
left_child=10 7 6 5 -5 -4 -3 8 -2 -9 -1
right_child=1 2 3 4 -6 -7 -8 9 -10 -11 -12
leaf_value=0.0016733387426316575 -0.00037815710601841839 -0.00015077650347558802 -0.00012902316292451297 -0.00011712400074526291 -0.00012198850292018592 -0.00013327571503757155 -0.00015362584008739657 -0.00037985511009181984 -0.00037562238721109429 -0.00037741375358948893 0.0016746696277920772
leaf_weight=4864 10019 7956 6061 7160 7285 5989 8037 3978 9878 3937 4836
leaf_count=4864 10019 7956 6061 7160 7285 5989 8037 3978 9878 3937 4836
internal_value=-4.25914e-10 -0.000230979 -0.000135138 -0.000124835 -0.000119577 -0.000131137 -0.000152208 -0.000377394 -0.000376899 -0.000378641 0.001674
internal_weight=80000 70300 42488 26495 14445 12050 15993 27812 19897 7915 9700
internal_count=80000 70300 42488 26495 14445 12050 15993 27812 19897 7915 9700
is_linear=0
shrinkage=0.05


Tree=148
num_leaves=12
num_cat=0
split_feature=2 3 2 2 2 2 2 2 2 2 2
split_gain=11.1668 0.356116 0.00269817 0.000316708 3.09486e-05 1.96228e-05 1.17228e-05 6.22011e-06 1.15384e-05 4.24595e-06 1.53825e-06
threshold=12425.000000000002 1.0000000180025095e-35 17850.000000000004 29925.000000000004 40075.000000000007 19425.000000000004 16275.000000000002 19425.000000000004 15225 19775.000000000004 9625.0000000000018
decision_type=2 2 2 2 2 2 2 2 2 2 2
left_child=10 7 6 5 -5 -4 -3 8 -2 -9 -1
right_child=1 2 3 4 -6 -7 -8 9 -10 -11 -12
leaf_value=0.0015896776384950592 -0.00035924630885926485 -0.00014323827133047156 -0.00012257139182271092 -0.00011126444304157726 -0.00011589334176285366 -0.00012660686602911 -0.00014594569595874097 -0.00036085999127483966 -0.00035683811992191479 -0.00035854383587746383 0.0015909369400561664
leaf_weight=4864 10019 7956 6061 7160 7285 5989 8037 3978 9878 3937 4836
leaf_count=4864 10019 7956 6061 7160 7285 5989 8037 3978 9878 3937 4836
internal_value=9.98163e-10 -0.000219429 -0.000128381 -0.000118592 -0.000113599 -0.000124577 -0.000144599 -0.000358522 -0.000358051 -0.000359708 0.00159031
internal_weight=80000 70300 42488 26495 14445 12050 15993 27812 19897 7915 9700
internal_count=80000 70300 42488 26495 14445 12050 15993 27812 19897 7915 9700
is_linear=0
shrinkage=0.05


Tree=149
num_leaves=12
num_cat=0
split_feature=2 3 2 2 2 2 2 2 2 2 2
split_gain=10.078 0.321413 0.0024354 0.0002857 2.79078e-05 1.76787e-05 1.06085e-05 5.57766e-06 1.04352e-05 3.84431e-06 1.38881e-06
threshold=12425.000000000002 1.0000000180025095e-35 17850.000000000004 29925.000000000004 40075.000000000007 19425.000000000004 16275.000000000002 19425.000000000004 15225 19775.000000000004 9625.0000000000018
decision_type=2 2 2 2 2 2 2 2 2 2 2
left_child=10 7 6 5 -5 -4 -3 8 -2 -9 -1
right_child=1 2 3 4 -6 -7 -8 9 -10 -11 -12
leaf_value=0.0015101901332274649 -0.00034129050418677665 -0.00013607328049669977 -0.00011644034263919293 -0.00010570035442383441 -0.00011009597599454603 -0.00012027069744033727 -0.00013864881733070407 -0.00034281902287722893 -0.0003390003350134663 -0.00034061513361179242 0.0015113867018809461
leaf_weight=4864 10019 7956 6061 7160 7285 5989 8037 3978 9878 3937 4836
leaf_count=4864 10019 7956 6061 7160 7285 5989 8037 3978 9878 3937 4836
internal_value=3.84532e-10 -0.000208458 -0.00012196 -0.000112659 -0.000107917 -0.000118344 -0.000137368 -0.0003406 -0.000340154 -0.000341723 0.00151079
internal_weight=80000 70300 42488 26495 14445 12050 15993 27812 19897 7915 9700
internal_count=80000 70300 42488 26495 14445 12050 15993 27812 19897 7915 9700
is_linear=0
shrinkage=0.05


Tree=150
num_leaves=12
num_cat=0
split_feature=2 3 2 2 2 2 2 2 2 2 2
split_gain=9.09535 0.290067 0.00219819 0.000257977 2.52415e-05 1.59853e-05 9.58081e-06 5.04715e-06 9.43273e-06 3.44686e-06 1.26287e-06
threshold=12425.000000000002 1.0000000180025095e-35 17850.000000000004 29925.000000000004 40075.000000000007 19425.000000000004 16275.000000000002 19425.000000000004 15225 19775.000000000004 9625.0000000000018
decision_type=2 2 2 2 2 2 2 2 2 2 2
left_child=10 7 6 5 -5 -4 -3 8 -2 -9 -1
right_child=1 2 3 4 -6 -7 -8 9 -10 -11 -12
leaf_value=0.0014346778697616079 -0.00032422438904897806 -0.00012927114327724738 -0.00011061867396080245 -0.000100412573878375 -0.00010459294830312775 -0.00011426096118424727 -0.00013171875032213772 -0.00032567419201864212 -0.00032204700164683653 -0.00032358733729684314 0.0014358188954093991
leaf_weight=4864 10019 7956 6061 7160 7285 5989 8037 3978 9878 3937 4836
leaf_count=4864 10019 7956 6061 7160 7285 5989 8037 3978 9878 3937 4836
internal_value=3.3086e-10 -0.000198035 -0.000115863 -0.000107027 -0.000102521 -0.000112429 -0.000130501 -0.000323568 -0.000323143 -0.000324636 0.00143525
internal_weight=80000 70300 42488 26495 14445 12050 15993 27812 19897 7915 9700
internal_count=80000 70300 42488 26495 14445 12050 15993 27812 19897 7915 9700
is_linear=0
shrinkage=0.05


Tree=151
num_leaves=12
num_cat=0
split_feature=2 3 2 2 2 2 2 2 2 2 2
split_gain=8.20857 0.261789 0.00198411 0.000232831 2.26438e-05 1.44407e-05 8.63664e-06 4.54543e-06 8.45992e-06 3.11661e-06 1.12936e-06
threshold=12425.000000000002 1.0000000180025095e-35 17850.000000000004 29925.000000000004 40075.000000000007 19425.000000000004 16275.000000000002 19425.000000000004 15225 19775.000000000004 9625.0000000000018
decision_type=2 2 2 2 2 2 2 2 2 2 2
left_child=10 7 6 5 -5 -4 -3 8 -2 -9 -1
right_child=1 2 3 4 -6 -7 -8 9 -10 -11 -12
leaf_value=0.0013629469407999894 -0.00030801283458902959 -0.00012281021456810791 -0.00010508757565203025 -9.5398480751801768e-05 -9.9357902823037146e-05 -0.00010854942875165304 -0.00012513409092524297 -0.00030939277985389362 -0.00030595077958152584 -0.00030740841329043346 0.0013640259690627047
leaf_weight=4864 10019 7956 6061 7160 7285 5989 8037 3978 9878 3937 4836
leaf_count=4864 10019 7956 6061 7160 7285 5989 8037 3978 9878 3937 4836
internal_value=-1.06013e-09 -0.000188135 -0.000110071 -0.000101676 -9.73953e-05 -0.000106808 -0.000123978 -0.000307392 -0.000306989 -0.000308406 0.00136348
internal_weight=80000 70300 42488 26495 14445 12050 15993 27812 19897 7915 9700
internal_count=80000 70300 42488 26495 14445 12050 15993 27812 19897 7915 9700
is_linear=0
shrinkage=0.05


Tree=152
num_leaves=12
num_cat=0
split_feature=2 3 2 2 2 2 2 2 2 2 2
split_gain=7.40828 0.236262 0.00178992 0.00021002 2.0458e-05 1.29761e-05 7.80841e-06 4.12427e-06 7.65077e-06 2.81841e-06 1.02892e-06
threshold=12425.000000000002 1.0000000180025095e-35 17850.000000000004 29925.000000000004 40075.000000000007 19425.000000000004 16275.000000000002 19425.000000000004 15225 19775.000000000004 9625.0000000000018
decision_type=2 2 2 2 2 2 2 2 2 2 2
left_child=10 7 6 5 -5 -4 -3 8 -2 -9 -1
right_child=1 2 3 4 -6 -7 -8 9 -10 -11 -12
leaf_value=0.0012948018151148159 -0.00029261090101317841 -0.00011666556512846816 -9.9836676709588713e-05 -9.0629815573092909e-05 -9.439328904610445e-05 -0.00010311828712714777 -0.00011887520665199858 -0.00029392540207869705 -0.00029064993687703984 -0.00029203835615766651 0.0012958317415141781
leaf_weight=4864 10019 7956 6061 7160 7285 5989 8037 3978 9878 3937 4836
leaf_count=4864 10019 7956 6061 7160 7285 5989 8037 3978 9878 3937 4836
internal_value=2.24974e-10 -0.000178727 -0.000104567 -9.65937e-05 -9.25278e-05 -0.000101468 -0.000117776 -0.000292021 -0.000291637 -0.000292987 0.00129532
internal_weight=80000 70300 42488 26495 14445 12050 15993 27812 19897 7915 9700
internal_count=80000 70300 42488 26495 14445 12050 15993 27812 19897 7915 9700
is_linear=0
shrinkage=0.05


Tree=153
num_leaves=12
num_cat=0
split_feature=2 3 2 2 2 2 2 2 2 2 2
split_gain=6.6859 0.213217 0.00161624 0.0001895 1.84707e-05 1.17616e-05 6.99427e-06 3.72468e-06 6.92231e-06 2.54038e-06 9.3414e-07
threshold=12425.000000000002 1.0000000180025095e-35 17850.000000000004 29925.000000000004 40075.000000000007 19425.000000000004 16275.000000000002 19425.000000000004 15225 19775.000000000004 9625.0000000000018
decision_type=2 2 2 2 2 2 2 2 2 2 2
left_child=10 7 6 5 -5 -4 -3 8 -2 -9 -1
right_child=1 2 3 4 -6 -7 -8 9 -10 -11 -12
leaf_value=0.0012300542006031673 -0.00027797807437732913 -0.00011084031094113332 -9.4839786744345864e-05 -8.6097215636738703e-05 -8.9673231308584666e-05 -9.7964046828399962e-05 -0.00011293158971813933 -0.00027922554758212084 -0.00027611280085780495 -0.00027743399383382887 0.0012310355461862732
leaf_weight=4864 10019 7956 6061 7160 7285 5989 8037 3978 9878 3937 4836
leaf_count=4864 10019 7956 6061 7160 7285 5989 8037 3978 9878 3937 4836
internal_value=2.15233e-10 -0.00016979 -9.93394e-05 -9.17628e-05 -8.79007e-05 -9.63926e-05 -0.000111891 -0.000277417 -0.000277052 -0.000278334 0.00123054
internal_weight=80000 70300 42488 26495 14445 12050 15993 27812 19897 7915 9700
internal_count=80000 70300 42488 26495 14445 12050 15993 27812 19897 7915 9700
is_linear=0
shrinkage=0.05


Tree=154
num_leaves=12
num_cat=0
split_feature=2 3 2 2 2 2 2 2 2 2 2
split_gain=6.03404 0.192434 0.00145838 0.000171137 1.66863e-05 1.06249e-05 6.34026e-06 3.36635e-06 6.23359e-06 2.29083e-06 8.31496e-07
threshold=12425.000000000002 1.0000000180025095e-35 17850.000000000004 29925.000000000004 40075.000000000007 19425.000000000004 16275.000000000002 19425.000000000004 15225 19775.000000000004 9625.0000000000018
decision_type=2 2 2 2 2 2 2 2 2 2 2
left_child=10 7 6 5 -5 -4 -3 8 -2 -9 -1
right_child=1 2 3 4 -6 -7 -8 9 -10 -11 -12
leaf_value=0.0011685546086147569 -0.00026408115767342395 -0.00010529556157587864 -9.0099851110041391e-05 -8.1791591586014418e-05 -8.5190485881111132e-05 -9.3069299732890634e-05 -0.00010728666672887041 -0.0002652677597338498 -0.00026231110478764752 -0.00026356647468420635 0.0011694804701587837
leaf_weight=4864 10019 7956 6061 7160 7285 5989 8037 3978 9878 3937 4836
leaf_count=4864 10019 7956 6061 7160 7285 5989 8037 3978 9878 3937 4836
internal_value=-1.24435e-09 -0.000161302 -9.4373e-05 -8.7176e-05 -8.35057e-05 -9.15757e-05 -0.000106296 -0.000263549 -0.000263202 -0.000264422 0.00116902
internal_weight=80000 70300 42488 26495 14445 12050 15993 27812 19897 7915 9700
internal_count=80000 70300 42488 26495 14445 12050 15993 27812 19897 7915 9700
is_linear=0
shrinkage=0.05


Tree=155
num_leaves=12
num_cat=0
split_feature=2 3 2 2 2 2 2 2 2 2 2
split_gain=5.44574 0.173679 0.00131565 0.000154251 1.50454e-05 9.59579e-06 5.73804e-06 3.00841e-06 5.66147e-06 2.07291e-06 7.5664e-07
threshold=12425.000000000002 1.0000000180025095e-35 17850.000000000004 29925.000000000004 40075.000000000007 19425.000000000004 16275.000000000002 19425.000000000004 15225 19775.000000000004 9625.0000000000018
decision_type=2 2 2 2 2 2 2 2 2 2 2
left_child=10 7 6 5 -5 -4 -3 8 -2 -9 -1
right_child=1 2 3 4 -6 -7 -8 9 -10 -11 -12
leaf_value=0.0011101279742816636 -0.00025088186238135301 -0.0001000244818576504 -8.5590411973701137e-05 -7.7703786940310751e-05 -8.0931237021856801e-05 -8.8412396419050804e-05 -0.00010191866621563737 -0.00025200186767407014 -0.00024919499181327718 -0.00025038352623335395 0.0011110111773894693
leaf_weight=4864 10019 7956 6061 7160 7285 5989 8037 3978 9878 3937 4836
leaf_count=4864 10019 7956 6061 7160 7285 5989 8037 3978 9878 3937 4836
internal_value=4.00459e-10 -0.000153236 -8.96518e-05 -8.28159e-05 -7.93315e-05 -8.6993e-05 -0.000100976 -0.000250372 -0.000250044 -0.000251197 0.00111057
internal_weight=80000 70300 42488 26495 14445 12050 15993 27812 19897 7915 9700
internal_count=80000 70300 42488 26495 14445 12050 15993 27812 19897 7915 9700
is_linear=0
shrinkage=0.05


Tree=156
num_leaves=12
num_cat=0
split_feature=2 3 2 2 2 2 2 2 2 2 2
split_gain=4.91479 0.156744 0.00118711 0.000139274 1.36432e-05 8.65718e-06 5.17725e-06 2.75131e-06 5.07339e-06 1.86841e-06 6.83444e-07
threshold=12425.000000000002 1.0000000180025095e-35 17850.000000000004 29925.000000000004 40075.000000000007 19425.000000000004 16275.000000000002 19425.000000000004 15225 19775.000000000004 9625.0000000000018
decision_type=2 2 2 2 2 2 2 2 2 2 2
left_child=10 7 6 5 -5 -4 -3 8 -2 -9 -1
right_child=1 2 3 4 -6 -7 -8 9 -10 -11 -12
leaf_value=0.0010546231802245052 -0.00023833205489451421 -9.5021855432583259e-05 -8.131241623884497e-05 -7.3814585184917947e-05 -7.6887963409389779e-05 -8.3992834266789974e-05 -9.6821100217989791e-05 -0.00023940566626586706 -0.00023673519741856564 -0.00023786922458915056 0.0010554625770782728
leaf_weight=4864 10019 7956 6061 7160 7285 5989 8037 3978 9878 3937 4836
leaf_count=4864 10019 7956 6061 7160 7285 5989 8037 3978 9878 3937 4836
internal_value=1.05261e-09 -0.000145574 -8.51688e-05 -7.86756e-05 -7.53646e-05 -8.26446e-05 -9.5926e-05 -0.000237853 -0.000237539 -0.000238641 0.00105504
internal_weight=80000 70300 42488 26495 14445 12050 15993 27812 19897 7915 9700
internal_count=80000 70300 42488 26495 14445 12050 15993 27812 19897 7915 9700
is_linear=0
shrinkage=0.05


Tree=157
num_leaves=12
num_cat=0
split_feature=2 3 2 2 2 2 2 2 2 2 2
split_gain=4.43555 0.141461 0.00107198 0.000125803 1.22338e-05 7.83171e-06 4.65252e-06 2.46702e-06 4.61637e-06 1.70251e-06 6.14448e-07
threshold=12425.000000000002 1.0000000180025095e-35 17850.000000000004 29925.000000000004 40075.000000000007 19425.000000000004 16275.000000000002 19425.000000000004 15225 19775.000000000004 9625.0000000000018
decision_type=2 2 2 2 2 2 2 2 2 2 2
left_child=10 7 6 5 -5 -4 -3 8 -2 -9 -1
right_child=1 2 3 4 -6 -7 -8 9 -10 -11 -12
leaf_value=0.0010018869416327156 -0.00022642002520698482 -9.0276267107476871e-05 -7.7245833801111078e-05 -7.0126166411433826e-05 -7.3036474967294997e-05 -7.9795261048852962e-05 -9.1981895912281739e-05 -0.00022743697507169271 -0.00022489678900134907 -0.00022597032789460766 0.00100268284194468
leaf_weight=4864 10019 7956 6061 7160 7285 5989 8037 3978 9878 3937 4836
leaf_count=4864 10019 7956 6061 7160 7285 5989 8037 3978 9878 3937 4836
internal_value=-2.6552e-10 -0.000138295 -8.09111e-05 -7.47407e-05 -7.15939e-05 -7.85129e-05 -9.11334e-05 -0.000225961 -0.000225664 -0.000226707 0.00100228
internal_weight=80000 70300 42488 26495 14445 12050 15993 27812 19897 7915 9700
internal_count=80000 70300 42488 26495 14445 12050 15993 27812 19897 7915 9700
is_linear=0
shrinkage=0.05


Tree=158
num_leaves=12
num_cat=0
split_feature=2 3 2 2 2 2 2 2 2 2 2
split_gain=4.00313 0.127663 0.000967372 0.000113493 1.10909e-05 7.06539e-06 4.17523e-06 2.24923e-06 4.15799e-06 1.51927e-06 5.57236e-07
threshold=12425.000000000002 1.0000000180025095e-35 17850.000000000004 29925.000000000004 40075.000000000007 19425.000000000004 16275.000000000002 19425.000000000004 15225 19775.000000000004 9625.0000000000018
decision_type=2 2 2 2 2 2 2 2 2 2 2
left_child=10 7 6 5 -5 -4 -3 8 -2 -9 -1
right_child=1 2 3 4 -6 -7 -8 9 -10 -11 -12
leaf_value=0.00095179886896068272 -0.00021509401464169897 -8.5764230054571653e-05 -7.3383326772253352e-05 -6.6617527018481999e-05 -6.9388550565512608e-05 -7.5804814913290759e-05 -8.7380005204089472e-05 -0.00021606198246410525 -0.00021364837912937271 -0.00021467650916297504 0.00095255680987823264
leaf_weight=4864 10019 7956 6061 7160 7285 5989 8037 3978 9878 3937 4836
leaf_count=4864 10019 7956 6061 7160 7285 5989 8037 3978 9878 3937 4836
internal_value=1.63808e-09 -0.00013138 -7.68655e-05 -7.10039e-05 -6.8015e-05 -7.45868e-05 -8.65762e-05 -0.00021466 -0.000214376 -0.000215373 0.000952177
internal_weight=80000 70300 42488 26495 14445 12050 15993 27812 19897 7915 9700
internal_count=80000 70300 42488 26495 14445 12050 15993 27812 19897 7915 9700
is_linear=0
shrinkage=0.05


Tree=159
num_leaves=12
num_cat=0
split_feature=2 3 2 2 2 2 2 2 2 2 2
split_gain=3.6128 0.115216 0.000873028 0.000102363 1.0007e-05 6.32358e-06 3.8047e-06 2.01395e-06 3.77077e-06 1.38156e-06 5.07981e-07
threshold=12425.000000000002 1.0000000180025095e-35 17850.000000000004 29925.000000000004 40075.000000000007 19425.000000000004 16275.000000000002 19425.000000000004 15225 19775.000000000004 9625.0000000000018
decision_type=2 2 2 2 2 2 2 2 2 2 2
left_child=10 7 6 5 -5 -4 -3 8 -2 -9 -1
right_child=1 2 3 4 -6 -7 -8 9 -10 -11 -12
leaf_value=0.00090420164204404411 -0.00020434380394182317 -8.1473777923768585e-05 -6.9719536627431511e-05 -6.3289422033352692e-05 -6.592157000105148e-05 -7.2010381892311824e-05 -8.3016191011382105e-05 -0.0002052604734785003 -0.00020296712753459643 -0.00020393928180450843 0.00090492531066765046
leaf_weight=4864 10019 7956 6061 7160 7285 5989 8037 3978 9878 3937 4836
leaf_count=4864 10019 7956 6061 7160 7285 5989 8037 3978 9878 3937 4836
internal_value=-5.88454e-10 -0.000124812 -7.30239e-05 -6.74554e-05 -6.46169e-05 -7.08581e-05 -8.22489e-05 -0.000203929 -0.00020366 -0.000204603 0.000904562
internal_weight=80000 70300 42488 26495 14445 12050 15993 27812 19897 7915 9700
internal_count=80000 70300 42488 26495 14445 12050 15993 27812 19897 7915 9700
is_linear=0
shrinkage=0.05


Tree=160
num_leaves=12
num_cat=0
split_feature=2 3 2 2 2 2 2 2 2 2 2
split_gain=3.26054 0.103988 0.000787928 9.25292e-05 9.04719e-06 5.7477e-06 3.39863e-06 1.81095e-06 3.37245e-06 1.23965e-06 4.51074e-07
threshold=12425.000000000002 1.0000000180025095e-35 17850.000000000004 29925.000000000004 40075.000000000007 19425.000000000004 16275.000000000002 19425.000000000004 15225 19775.000000000004 9625.0000000000018
decision_type=2 2 2 2 2 2 2 2 2 2 2
left_child=10 7 6 5 -5 -4 -3 8 -2 -9 -1
right_child=1 2 3 4 -6 -7 -8 9 -10 -11 -12
leaf_value=0.0008589932309716556 -0.0001941248198285678 -7.7401396943331882e-05 -6.6229631436824613e-05 -6.0119049312815446e-05 -6.2621781941800205e-05 -6.8413675331671089e-05 -7.8859179806443048e-05 -0.00019499514202314324 -0.00019282288332199524 -0.00019374364365729892 0.00085967516078611973
leaf_weight=4864 10019 7956 6061 7160 7285 5989 8037 3978 9878 3937 4836
leaf_count=4864 10019 7956 6061 7160 7285 5989 8037 3978 9878 3937 4836
internal_value=4.4534e-10 -0.00011857 -6.93701e-05 -6.408e-05 -6.13812e-05 -6.73151e-05 -7.8134e-05 -0.000193733 -0.000193478 -0.000194373 0.000859333
internal_weight=80000 70300 42488 26495 14445 12050 15993 27812 19897 7915 9700
internal_count=80000 70300 42488 26495 14445 12050 15993 27812 19897 7915 9700
is_linear=0
shrinkage=0.05


Tree=161
num_leaves=12
num_cat=0
split_feature=2 3 2 2 2 2 2 2 2 2 2
split_gain=2.94265 0.0938437 0.00071128 8.35497e-05 8.14968e-06 5.1825e-06 3.10973e-06 1.63965e-06 3.0527e-06 1.11919e-06 4.07972e-07
threshold=12425.000000000002 1.0000000180025095e-35 17850.000000000004 29925.000000000004 40075.000000000007 19425.000000000004 16275.000000000002 19425.000000000004 15225 19775.000000000004 9625.0000000000018
decision_type=2 2 2 2 2 2 2 2 2 2 2
left_child=10 7 6 5 -5 -4 -3 8 -2 -9 -1
right_child=1 2 3 4 -6 -7 -8 9 -10 -11 -12
leaf_value=0.00081604500055618709 -0.00018441703999530888 -7.3529113569405067e-05 -6.2920351184595958e-05 -5.711453324317147e-05 -5.9489884424205827e-05 -6.4994232866369276e-05 -7.4923559931183695e-05 -0.00018524440754483121 -0.00018317835952216127 -0.00018405526899395558 0.00081669353201142554
leaf_weight=4864 10019 7956 6061 7160 7285 5989 8037 3978 9878 3937 4836
leaf_count=4864 10019 7956 6061 7160 7285 5989 8037 3978 9878 3937 4836
internal_value=5.24291e-10 -0.000112642 -6.59031e-05 -6.08769e-05 -5.83125e-05 -6.39511e-05 -7.42299e-05 -0.000184044 -0.000183802 -0.000184653 0.000816368
internal_weight=80000 70300 42488 26495 14445 12050 15993 27812 19897 7915 9700
internal_count=80000 70300 42488 26495 14445 12050 15993 27812 19897 7915 9700
is_linear=0
shrinkage=0.05


Tree=162
num_leaves=12
num_cat=0
split_feature=2 3 2 2 2 2 2 2 2 2 2
split_gain=2.65573 0.084697 0.000641446 7.52737e-05 7.33941e-06 4.67134e-06 2.76592e-06 1.48419e-06 2.74085e-06 1.01744e-06 3.57934e-07
threshold=12425.000000000002 1.0000000180025095e-35 17850.000000000004 29925.000000000004 40075.000000000007 19425.000000000004 16275.000000000002 19425.000000000004 15225 19775.000000000004 9625.0000000000018
decision_type=2 2 2 2 2 2 2 2 2 2 2
left_child=10 7 6 5 -5 -4 -3 8 -2 -9 -1
right_child=1 2 3 4 -6 -7 -8 9 -10 -11 -12
leaf_value=0.00077524532077320957 -0.00017519547861430203 -6.9853602769836604e-05 -5.9773321359144365e-05 -5.4263009741940069e-05 -5.6517186824567279e-05 -6.1742273037214412e-05 -7.1168707221207832e-05 -0.0001759862357954452 -0.00017402177188275301 -0.00017485244119707104 0.0007758527806985034
leaf_weight=4864 10019 7956 6061 7160 7285 5989 8037 3978 9878 3937 4836
leaf_count=4864 10019 7956 6061 7160 7285 5989 8037 3978 9878 3937 4836
internal_value=3.72806e-10 -0.00010701 -6.26071e-05 -5.7834e-05 -5.53999e-05 -6.07519e-05 -7.05145e-05 -0.000174843 -0.000174613 -0.000175422 0.000775548
internal_weight=80000 70300 42488 26495 14445 12050 15993 27812 19897 7915 9700
internal_count=80000 70300 42488 26495 14445 12050 15993 27812 19897 7915 9700
is_linear=0
shrinkage=0.05


Tree=163
num_leaves=12
num_cat=0
split_feature=2 3 2 2 2 2 2 2 2 2 2
split_gain=2.3968 0.0764405 0.000579146 6.80127e-05 6.63817e-06 4.22296e-06 2.5224e-06 1.32639e-06 2.48038e-06 9.18794e-07 3.33604e-07
threshold=12425.000000000002 1.0000000180025095e-35 17850.000000000004 29925.000000000004 40075.000000000007 19425.000000000004 16275.000000000002 19425.000000000004 15225 19775.000000000004 9625.0000000000018
decision_type=2 2 2 2 2 2 2 2 2 2 2
left_child=10 7 6 5 -5 -4 -3 8 -2 -9 -1
right_child=1 2 3 4 -6 -7 -8 9 -10 -11 -12
leaf_value=0.00073647929022210466 -0.00016643875890964941 -6.6359401108109895e-05 -5.678473027182108e-05 -5.1546617194099021e-05 -5.3690403932226123e-05 -5.8656802383568878e-05 -6.7615279337096703e-05 -0.00016718561613118457 -0.00016532221382024122 -0.00016610818513041489 0.00073706574097909911
leaf_weight=4864 10019 7956 6061 7160 7285 5989 8037 3978 9878 3937 4836
leaf_count=4864 10019 7956 6061 7160 7285 5989 8037 3978 9878 3937 4836
internal_value=-6.84388e-11 -0.00010166 -5.94769e-05 -5.49415e-05 -5.26278e-05 -5.77152e-05 -6.69905e-05 -0.000166102 -0.000165884 -0.00016665 0.000736772
internal_weight=80000 70300 42488 26495 14445 12050 15993 27812 19897 7915 9700
internal_count=80000 70300 42488 26495 14445 12050 15993 27812 19897 7915 9700
is_linear=0
shrinkage=0.05


Tree=164
num_leaves=12
num_cat=0
split_feature=2 3 2 2 2 2 2 2 2 2 2
split_gain=2.16314 0.0689877 0.000522599 6.14157e-05 5.96724e-06 3.77726e-06 2.28069e-06 1.20586e-06 2.231e-06 8.16798e-07 2.98455e-07
threshold=12425.000000000002 1.0000000180025095e-35 17850.000000000004 29925.000000000004 40075.000000000007 19425.000000000004 16275.000000000002 19425.000000000004 15225 19775.000000000004 9625.0000000000018
decision_type=2 2 2 2 2 2 2 2 2 2 2
left_child=10 7 6 5 -5 -4 -3 8 -2 -9 -1
right_child=1 2 3 4 -6 -7 -8 9 -10 -11 -12
leaf_value=0.00069966117275725996 -0.00015811482472611785 -6.3039877679577796e-05 -5.3950051333837622e-05 -4.897058439438709e-05 -5.1003148729415e-05 -5.5720577740195516e-05 -6.4234069593856104e-05 -0.00015882406525804098 -0.00015705589462217513 -0.00015780819615486734 0.00070021586933957441
leaf_weight=4864 10019 7956 6061 7160 7285 5989 8037 3978 9878 3937 4836
leaf_count=4864 10019 7956 6061 7160 7285 5989 8037 3978 9878 3937 4836
internal_value=8.59055e-10 -9.65765e-05 -5.65026e-05 -5.21943e-05 -4.99957e-05 -5.483e-05 -6.364e-05 -0.000157797 -0.000157589 -0.000158319 0.000699938
internal_weight=80000 70300 42488 26495 14445 12050 15993 27812 19897 7915 9700
internal_count=80000 70300 42488 26495 14445 12050 15993 27812 19897 7915 9700
is_linear=0
shrinkage=0.05


Tree=165
num_leaves=12
num_cat=0
split_feature=2 3 2 2 2 2 2 2 2 2 2
split_gain=1.95221 0.0622593 0.000471631 5.53697e-05 5.39233e-06 3.41859e-06 2.04138e-06 1.08889e-06 2.01681e-06 7.47698e-07 2.73227e-07
threshold=12425.000000000002 1.0000000180025095e-35 17850.000000000004 29925.000000000004 40075.000000000007 19425.000000000004 16275.000000000002 19425.000000000004 15225 19775.000000000004 9625.0000000000018
decision_type=2 2 2 2 2 2 2 2 2 2 2
left_child=10 7 6 5 -5 -4 -3 8 -2 -9 -1
right_child=1 2 3 4 -6 -7 -8 9 -10 -11 -12
leaf_value=0.00066467178077178504 -0.00015020892482398682 -5.9891269459925753e-05 -5.1251269134288275e-05 -4.6523732685933519e-05 -4.8455904457573035e-05 -5.2935639033398836e-05 -6.1021072939395189e-05 -0.00015088590381438988 -0.00014920211005080346 -0.00014991395450734735 0.00066520251562211103
leaf_weight=4864 10019 7956 6061 7160 7285 5989 8037 3978 9878 3937 4836
leaf_count=4864 10019 7956 6061 7160 7285 5989 8037 3978 9878 3937 4836
internal_value=-1.51192e-10 -9.17482e-05 -5.36786e-05 -4.95858e-05 -4.74982e-05 -5.20884e-05 -6.0459e-05 -0.000149906 -0.000149709 -0.000150402 0.000664936
internal_weight=80000 70300 42488 26495 14445 12050 15993 27812 19897 7915 9700
internal_count=80000 70300 42488 26495 14445 12050 15993 27812 19897 7915 9700
is_linear=0
shrinkage=0.05


Tree=166
num_leaves=12
num_cat=0
split_feature=2 3 2 2 2 2 2 2 2 2 2
split_gain=1.76185 0.0561869 0.000425723 4.99645e-05 4.91049e-06 3.12214e-06 1.83761e-06 9.81551e-07 1.81916e-06 6.78143e-07 2.44766e-07
threshold=12425.000000000002 1.0000000180025095e-35 17850.000000000004 29925.000000000004 40075.000000000007 19425.000000000004 16275.000000000002 19425.000000000004 15225 19775.000000000004 9625.0000000000018
decision_type=2 2 2 2 2 2 2 2 2 2 2
left_child=10 7 6 5 -5 -4 -3 8 -2 -9 -1
right_child=1 2 3 4 -6 -7 -8 9 -10 -11 -12
leaf_value=0.00063143638511686925 -0.00014269622324154788 -5.6897448524193583e-05 -4.8682933601696276e-05 -4.4192634179669553e-05 -4.6036459565323741e-05 -5.029261735382078e-05 -5.7969379489199661e-05 -0.00014334022766154762 -0.00014174001434472905 -0.00014241458975914687 0.00063193871805673925
leaf_weight=4864 10019 7956 6061 7160 7285 5989 8037 3978 9878 3937 4836
leaf_count=4864 10019 7956 6061 7160 7285 5989 8037 3978 9878 3937 4836
internal_value=5.82649e-10 -8.71595e-05 -5.09942e-05 -4.71057e-05 -4.51225e-05 -4.9483e-05 -5.74361e-05 -0.000142409 -0.000142222 -0.00014288 0.000631687
internal_weight=80000 70300 42488 26495 14445 12050 15993 27812 19897 7915 9700
internal_count=80000 70300 42488 26495 14445 12050 15993 27812 19897 7915 9700
is_linear=0
shrinkage=0.05


Tree=167
num_leaves=12
num_cat=0
split_feature=2 3 2 2 2 2 2 2 2 2 2
split_gain=1.59009 0.0507094 0.00038423 4.50667e-05 4.39406e-06 2.8175e-06 1.66685e-06 8.89078e-07 1.62765e-06 6.00999e-07 2.20181e-07
threshold=12425.000000000002 1.0000000180025095e-35 17850.000000000004 29925.000000000004 40075.000000000007 19425.000000000004 16275.000000000002 19425.000000000004 15225 19775.000000000004 9625.0000000000018
decision_type=2 2 2 2 2 2 2 2 2 2 2
left_child=10 7 6 5 -5 -4 -3 8 -2 -9 -1
right_child=1 2 3 4 -6 -7 -8 9 -10 -11 -12
leaf_value=0.00059986611656708379 -0.00013556192336118631 -5.4053557365526371e-05 -4.6250247525697678e-05 -4.1989397667895914e-05 -4.373357461716829e-05 -4.7779383752768743e-05 -5.5074469605617205e-05 -0.00013617285526820676 -0.00013465744701997585 -0.00013530145610214458 0.00060034255384305011
leaf_weight=4864 10019 7956 6061 7160 7285 5989 8037 3978 9878 3937 4836
leaf_count=4864 10019 7956 6061 7160 7285 5989 8037 3978 9878 3937 4836
internal_value=-1.41892e-09 -8.2804e-05 -4.84466e-05 -4.47525e-05 -4.2869e-05 -4.70102e-05 -5.45666e-05 -0.000135291 -0.000135113 -0.000135739 0.000600104
internal_weight=80000 70300 42488 26495 14445 12050 15993 27812 19897 7915 9700
internal_count=80000 70300 42488 26495 14445 12050 15993 27812 19897 7915 9700
is_linear=0
shrinkage=0.05


Tree=168
num_leaves=12
num_cat=0
split_feature=2 3 2 2 2 2 2 2 2 2 2
split_gain=1.43506 0.0457653 0.000346597 4.06878e-05 3.95288e-06 2.51826e-06 1.53223e-06 7.9413e-07 1.4826e-06 5.41949e-07 2.0276e-07
threshold=12425.000000000002 1.0000000180025095e-35 17850.000000000004 29925.000000000004 40075.000000000007 19425.000000000004 16275.000000000002 19425.000000000004 15225 19775.000000000004 9625.0000000000018
decision_type=2 2 2 2 2 2 2 2 2 2 2
left_child=10 7 6 5 -5 -4 -3 8 -2 -9 -1
right_child=1 2 3 4 -6 -7 -8 9 -10 -11 -12
leaf_value=0.00056987248112100612 -0.00012878535021862726 -5.1343575061267071e-05 -4.3941109342416115e-05 -3.9890426360114612e-05 -4.1544726918650918e-05 -4.5386763898141671e-05 -5.2322393346518089e-05 -0.00012936051419165637 -0.00012792211549487832 -0.00012853303021694026 0.00057032968203056533
leaf_weight=4864 10019 7956 6061 7160 7285 5989 8037 3978 9878 3937 4836
leaf_count=4864 10019 7956 6061 7160 7285 5989 8037 3978 9878 3937 4836
internal_value=8.25599e-11 -7.86624e-05 -4.60229e-05 -4.25143e-05 -4.07247e-05 -4.46596e-05 -5.18355e-05 -0.000128525 -0.000128357 -0.000128949 0.0005701
internal_weight=80000 70300 42488 26495 14445 12050 15993 27812 19897 7915 9700
internal_count=80000 70300 42488 26495 14445 12050 15993 27812 19897 7915 9700
is_linear=0
shrinkage=0.05


Tree=169
num_leaves=12
num_cat=0
split_feature=2 3 2 2 2 2 2 2 2 2 2
split_gain=1.29515 0.0413038 0.000313048 3.67542e-05 3.56405e-06 2.2603e-06 1.36275e-06 7.18253e-07 1.35225e-06 5.00875e-07 1.78177e-07
threshold=12425.000000000002 1.0000000180025095e-35 17850.000000000004 29925.000000000004 40075.000000000007 19425.000000000004 16275.000000000002 19425.000000000004 15225 19775.000000000004 9625.0000000000018
decision_type=2 2 2 2 2 2 2 2 2 2 2
left_child=10 7 6 5 -5 -4 -3 8 -2 -9 -1
right_child=1 2 3 4 -6 -7 -8 9 -10 -11 -12
leaf_value=0.00054138530239781276 -0.00012234752685496216 -4.8780821871268582e-05 -4.1744421659139712e-05 -3.7893080644511303e-05 -3.9463911909295551e-05 -4.3114033978793812e-05 -4.9703921827514179e-05 -0.00012289706151025269 -0.00012152311354886878 -0.00012210155272200681 0.00054181389199519682
leaf_weight=4864 10019 7956 6061 7160 7285 5989 8037 3978 9878 3937 4836
leaf_count=4864 10019 7956 6061 7160 7285 5989 8037 3978 9878 3937 4836
internal_value=1.29998e-09 -7.47284e-05 -4.37206e-05 -4.03862e-05 -3.86853e-05 -4.24251e-05 -4.92447e-05 -0.000122099 -0.000121938 -0.000122501 0.000541599
internal_weight=80000 70300 42488 26495 14445 12050 15993 27812 19897 7915 9700
internal_count=80000 70300 42488 26495 14445 12050 15993 27812 19897 7915 9700
is_linear=0
shrinkage=0.05


Tree=170
num_leaves=12
num_cat=0
split_feature=2 3 2 2 2 2 2 2 2 2 2
split_gain=1.16888 0.0372775 0.000282612 3.32865e-05 3.25288e-06 2.0521e-06 1.22606e-06 6.39532e-07 1.1945e-06 4.48262e-07 1.62584e-07
threshold=12425.000000000002 1.0000000180025095e-35 17850.000000000004 29925.000000000004 40075.000000000007 19425.000000000004 16275.000000000002 19425.000000000004 15225 19775.000000000004 9625.0000000000018
decision_type=2 2 2 2 2 2 2 2 2 2 2
left_child=10 7 6 5 -5 -4 -3 8 -2 -9 -1
right_child=1 2 3 4 -6 -7 -8 9 -10 -11 -12
leaf_value=0.00051431561987316712 -0.00011622925508937336 -4.6344649118007022e-05 -3.9659544001536391e-05 -3.599226618573907e-05 -3.7492958166190365e-05 -4.0964553617674967e-05 -4.7220231315564412e-05 -0.00011675028851818361 -0.00011545441773307412 -0.00011599771959654154 0.00051472502594198993
leaf_weight=4864 10019 7956 6061 7160 7285 5989 8037 3978 9878 3937 4836
leaf_count=4864 10019 7956 6061 7160 7285 5989 8037 3978 9878 3937 4836
internal_value=-1.87197e-10 -7.09937e-05 -4.1536e-05 -3.83678e-05 -3.67491e-05 -4.03082e-05 -4.67847e-05 -0.000115996 -0.000115845 -0.000116376 0.00051452
internal_weight=80000 70300 42488 26495 14445 12050 15993 27812 19897 7915 9700
internal_count=80000 70300 42488 26495 14445 12050 15993 27812 19897 7915 9700
is_linear=0
shrinkage=0.05


Tree=171
num_leaves=12
num_cat=0
split_feature=2 3 2 2 2 2 2 2 2 2 2
split_gain=1.0549 0.0336428 0.000255036 2.9947e-05 2.93013e-06 1.87375e-06 1.10151e-06 5.93862e-07 1.08183e-06 4.01036e-07 1.42051e-07
threshold=12425.000000000002 1.0000000180025095e-35 17850.000000000004 29925.000000000004 40075.000000000007 19425.000000000004 16275.000000000002 19425.000000000004 15225 19775.000000000004 9625.0000000000018
decision_type=2 2 2 2 2 2 2 2 2 2 2
left_child=10 7 6 5 -5 -4 -3 8 -2 -9 -1
right_child=1 2 3 4 -6 -7 -8 9 -10 -11 -12
leaf_value=0.00048859932689274989 -0.0001104143797035071 -4.4026379862802233e-05 -3.7668423600459017e-05 -3.4194094402446152e-05 -3.5618393717978633e-05 -3.8915434878289645e-05 -4.485629773911386e-05 -0.00011091441199168949 -0.00010967699012266162 -0.00011020258918549411 0.00048898200904051628
leaf_weight=4864 10019 7956 6061 7160 7285 5989 8037 3978 9878 3937 4836
leaf_count=4864 10019 7956 6061 7160 7285 5989 8037 3978 9878 3937 4836
internal_value=1.01883e-09 -6.74421e-05 -3.94574e-05 -3.64477e-05 -3.49124e-05 -3.82882e-05 -4.44434e-05 -0.000110194 -0.000110048 -0.00011056 0.00048879
internal_weight=80000 70300 42488 26495 14445 12050 15993 27812 19897 7915 9700
internal_count=80000 70300 42488 26495 14445 12050 15993 27812 19897 7915 9700
is_linear=0
shrinkage=0.05


Tree=172
num_leaves=12
num_cat=0
split_feature=2 3 2 2 2 2 2 2 2 2 2
split_gain=0.952036 0.0303632 0.000229971 2.69861e-05 2.62129e-06 1.67056e-06 1.00741e-06 5.31172e-07 9.8468e-07 3.62775e-07 1.34458e-07
threshold=12425.000000000002 1.0000000180025095e-35 17850.000000000004 29925.000000000004 40075.000000000007 19425.000000000004 16275.000000000002 19425.000000000004 15225 19775.000000000004 9625.0000000000018
decision_type=2 2 2 2 2 2 2 2 2 2 2
left_child=10 7 6 5 -5 -4 -3 8 -2 -9 -1
right_child=1 2 3 4 -6 -7 -8 9 -10 -11 -12
leaf_value=0.00046416268981518344 -0.0001048964382835315 -4.1820398591071447e-05 -3.5788517066583503e-05 -3.2489757833300955e-05 -3.3836905661057595e-05 -3.6965973320620664e-05 -4.2614074663721565e-05 -0.00010536820145172634 -0.00010419293738122182 -0.00010469118547456704 0.0004645350039960675
leaf_weight=4864 10019 7956 6061 7160 7285 5989 8037 3978 9878 3937 4836
leaf_count=4864 10019 7956 6061 7160 7285 5989 8037 3978 9878 3937 4836
internal_value=4.38752e-10 -6.40703e-05 -3.74846e-05 -3.46266e-05 -3.31692e-05 -3.63737e-05 -4.22192e-05 -0.000104685 -0.000104547 -0.000105031 0.000464348
internal_weight=80000 70300 42488 26495 14445 12050 15993 27812 19897 7915 9700
internal_count=80000 70300 42488 26495 14445 12050 15993 27812 19897 7915 9700
is_linear=0
shrinkage=0.05


Tree=173
num_leaves=12
num_cat=0
split_feature=2 3 2 2 2 2 2 2 2 2 2
split_gain=0.859207 0.0274011 0.000207668 2.43262e-05 2.37535e-06 1.52062e-06 8.97084e-07 4.78805e-07 8.89699e-07 3.35445e-07 1.18029e-07
threshold=12425.000000000002 1.0000000180025095e-35 17850.000000000004 29925.000000000004 40075.000000000007 19425.000000000004 16275.000000000002 19425.000000000004 15225 19775.000000000004 9625.0000000000018
decision_type=2 2 2 2 2 2 2 2 2 2 2
left_child=10 7 6 5 -5 -4 -3 8 -2 -9 -1
right_child=1 2 3 4 -6 -7 -8 9 -10 -11 -12
leaf_value=0.00044095471085519851 -9.9651289982764904e-05 -3.9734584809343674e-05 -3.3996342786676246e-05 -3.0865383880927002e-05 -3.2147778447093565e-05 -3.5119716591288966e-05 -4.0483542200765654e-05 -0.00010010290073508058 -9.8982578619415533e-05 -9.9451885693827219e-05 0.00044130353751048831
leaf_weight=4864 10019 7956 6061 7160 7285 5989 8037 3978 9878 3937 4836
leaf_count=4864 10019 7956 6061 7160 7285 5989 8037 3978 9878 3937 4836
internal_value=-3.88679e-10 -6.08674e-05 -3.56117e-05 -3.28959e-05 -3.15121e-05 -3.45547e-05 -4.0111e-05 -9.94502e-05 -9.93193e-05 -9.97791e-05 0.000441129
internal_weight=80000 70300 42488 26495 14445 12050 15993 27812 19897 7915 9700
internal_count=80000 70300 42488 26495 14445 12050 15993 27812 19897 7915 9700
is_linear=0
shrinkage=0.05


Tree=174
num_leaves=12
num_cat=0
split_feature=2 3 2 2 2 2 2 2 2 2 2
split_gain=0.775438 0.0247318 0.000187301 2.20551e-05 2.16536e-06 1.36019e-06 8.05522e-07 4.31913e-07 8.04434e-07 2.95223e-07 1.07685e-07
threshold=12425.000000000002 1.0000000180025095e-35 17850.000000000004 29925.000000000004 40075.000000000007 19425.000000000004 16275.000000000002 19425.000000000004 15225 19775.000000000004 9625.0000000000018
decision_type=2 2 2 2 2 2 2 2 2 2 2
left_child=10 7 6 5 -5 -4 -3 8 -2 -9 -1
right_child=1 2 3 4 -6 -7 -8 9 -10 -11 -12
leaf_value=0.00041890688806377413 -9.4671362338189619e-05 -3.7746823049108157e-05 -3.2302737243705859e-05 -2.9316257554171128e-05 -3.0540655496195933e-05 -3.3365200022317933e-05 -3.8456530491854491e-05 -9.5096153735118574e-05 -9.4035501196770423e-05 -9.4485415209122361e-05 0.00041924007882585945
leaf_weight=4864 10019 7956 6061 7160 7285 5989 8037 3978 9878 3937 4836
leaf_count=4864 10019 7956 6061 7160 7285 5989 8037 3978 9878 3937 4836
internal_value=-7.69088e-10 -5.78246e-05 -3.38306e-05 -3.12513e-05 -2.99338e-05 -3.28308e-05 -3.81035e-05 -9.448e-05 -9.43557e-05 -9.47924e-05 0.000419073
internal_weight=80000 70300 42488 26495 14445 12050 15993 27812 19897 7915 9700
internal_count=80000 70300 42488 26495 14445 12050 15993 27812 19897 7915 9700
is_linear=0
shrinkage=0.05


Tree=175
num_leaves=12
num_cat=0
split_feature=2 3 2 2 2 2 2 2 2 2 2
split_gain=0.699851 0.0223193 0.000169141 1.98727e-05 1.95267e-06 1.23159e-06 7.39806e-07 3.95703e-07 7.26899e-07 2.65168e-07 9.64201e-08
threshold=12425.000000000002 1.0000000180025095e-35 17850.000000000004 29925.000000000004 40075.000000000007 19425.000000000004 16275.000000000002 19425.000000000004 15225 19775.000000000004 9625.0000000000018
decision_type=2 2 2 2 2 2 2 2 2 2 2
left_child=10 7 6 5 -5 -4 -3 8 -2 -9 -1
right_child=1 2 3 4 -6 -7 -8 9 -10 -11 -12
leaf_value=0.00039796761556987664 -8.9936609416571718e-05 -3.5858748423260094e-05 -3.0685848610320965e-05 -2.7851964341861578e-05 -2.9014676056486509e-05 -3.1696841322138444e-05 -3.6538890134777263e-05 -9.0342415775600387e-05 -8.9332168211598165e-05 -8.9763598851310759e-05 0.00039828289804570423
leaf_weight=4864 10019 7956 6061 7160 7285 5989 8037 3978 9878 3937 4836
leaf_count=4864 10019 7956 6061 7160 7285 5989 8037 3978 9878 3937 4836
internal_value=-4.43028e-10 -5.49338e-05 -3.21401e-05 -2.9689e-05 -2.84384e-05 -3.11883e-05 -3.62005e-05 -8.97555e-05 -8.96365e-05 -9.00545e-05 0.000398125
internal_weight=80000 70300 42488 26495 14445 12050 15993 27812 19897 7915 9700
internal_count=80000 70300 42488 26495 14445 12050 15993 27812 19897 7915 9700
is_linear=0
shrinkage=0.05


Tree=176
num_leaves=12
num_cat=0
split_feature=2 3 2 2 2 2 2 2 2 2 2
split_gain=0.631606 0.0201426 0.00015274 1.79402e-05 1.73679e-06 1.10011e-06 6.59803e-07 3.5204e-07 6.5399e-07 2.33638e-07 8.30222e-08
threshold=12425.000000000002 1.0000000180025095e-35 17850.000000000004 29925.000000000004 40075.000000000007 19425.000000000004 16275.000000000002 19425.000000000004 15225 19775.000000000004 9625.0000000000018
decision_type=2 2 2 2 2 2 2 2 2 2 2
left_child=10 7 6 5 -5 -4 -3 8 -2 -9 -1
right_child=1 2 3 4 -6 -7 -8 9 -10 -11 -12
leaf_value=0.00037806874897557325 -8.5440276594461089e-05 -3.4069836729232716e-05 -2.9154494051498889e-05 -2.6463529624857202e-05 -2.7560084918705653e-05 -3.010999957615991e-05 -3.471215139331473e-05 -8.5820137107437655e-05 -8.4866949058252204e-05 -8.5276821210099489e-05 0.0003783613076775299
leaf_weight=4864 10019 7956 6061 7160 7285 5989 8037 3978 9878 3937 4836
leaf_count=4864 10019 7956 6061 7160 7285 5989 8037 3978 9878 3937 4836
internal_value=-1.46217e-09 -5.21877e-05 -3.0534e-05 -2.82049e-05 -2.70166e-05 -2.96294e-05 -3.43926e-05 -8.52678e-05 -8.51556e-05 -8.55499e-05 0.000378215
internal_weight=80000 70300 42488 26495 14445 12050 15993 27812 19897 7915 9700
internal_count=80000 70300 42488 26495 14445 12050 15993 27812 19897 7915 9700
is_linear=0
shrinkage=0.05


Tree=177
num_leaves=12
num_cat=0
split_feature=2 3 2 2 2 2 2 2 2 2 2
split_gain=0.570027 0.0181776 0.000137498 1.61818e-05 1.57369e-06 1.00815e-06 5.98374e-07 3.14716e-07 5.87919e-07 2.15263e-07 8.3802e-08
threshold=12425.000000000002 1.0000000180025095e-35 17850.000000000004 29925.000000000004 40075.000000000007 19425.000000000004 16275.000000000002 19425.000000000004 15225 19775.000000000004 9625.0000000000018
decision_type=2 2 2 2 2 2 2 2 2 2 2
left_child=10 7 6 5 -5 -4 -3 8 -2 -9 -1
right_child=1 2 3 4 -6 -7 -8 9 -10 -11 -12
leaf_value=0.00035915907396165972 -8.1166511727390092e-05 -3.2360668053516683e-05 -2.7695456272717323e-05 -2.5142161442664735e-05 -2.6185962140774923e-05 -2.8610151152392874e-05 -3.2972352064673647e-05 -8.1528803379322441e-05 -8.062291611306555e-05 -8.1007290183967952e-05 0.0003594530033940849
leaf_weight=4864 10019 7956 6061 7160 7285 5989 8037 3978 9878 3937 4836
leaf_count=4864 10019 7956 6061 7160 7285 5989 8037 3978 9878 3937 4836
internal_value=-4.31274e-10 -4.95775e-05 -2.9007e-05 -2.67972e-05 -2.56686e-05 -2.81501e-05 -3.26681e-05 -8.10027e-05 -8.08966e-05 -8.12694e-05 0.000359306
internal_weight=80000 70300 42488 26495 14445 12050 15993 27812 19897 7915 9700
internal_count=80000 70300 42488 26495 14445 12050 15993 27812 19897 7915 9700
is_linear=0
shrinkage=0.05


Tree=178
num_leaves=12
num_cat=0
split_feature=2 3 2 2 2 2 2 2 2 2 2
split_gain=0.514456 0.0164071 0.000124287 1.46713e-05 1.42489e-06 9.08464e-07 5.4616e-07 2.83345e-07 5.30054e-07 1.9546e-07 6.98313e-08
threshold=12425.000000000002 1.0000000180025095e-35 17850.000000000004 29925.000000000004 40075.000000000007 19425.000000000004 16275.000000000002 19425.000000000004 15225 19775.000000000004 9625.0000000000018
decision_type=2 2 2 2 2 2 2 2 2 2 2
left_child=10 7 6 5 -5 -4 -3 8 -2 -9 -1
right_child=1 2 3 4 -6 -7 -8 9 -10 -11 -12
leaf_value=0.00034120908485898614 -7.7109880896370886e-05 -3.0742750626093446e-05 -2.6311342951375414e-05 -2.3879149535868588e-05 -2.4872374687393056e-05 -2.7179639682643042e-05 -3.1327137735616559e-05 -7.7454511331488674e-05 -7.6593729246818439e-05 -7.6957565260015419e-05 0.00034147739748729413
leaf_weight=4864 10019 7956 6061 7160 7285 5989 8037 3978 9878 3937 4836
leaf_count=4864 10019 7956 6061 7160 7285 5989 8037 3978 9878 3937 4836
internal_value=-1.8067e-10 -4.70987e-05 -2.75557e-05 -2.54547e-05 -2.43801e-05 -2.67429e-05 -3.10364e-05 -7.69543e-05 -7.68536e-05 -7.72073e-05 0.000341343
internal_weight=80000 70300 42488 26495 14445 12050 15993 27812 19897 7915 9700
internal_count=80000 70300 42488 26495 14445 12050 15993 27812 19897 7915 9700
is_linear=0
shrinkage=0.05


Tree=179
num_leaves=12
num_cat=0
split_feature=2 3 2 2 2 2 2 2 2 2 2
split_gain=0.464292 0.0148071 0.000112267 1.32009e-05 1.29403e-06 8.17948e-07 4.80603e-07 2.57934e-07 4.73649e-07 1.7762e-07 6.62031e-08
threshold=12425.000000000002 1.0000000180025095e-35 17850.000000000004 29925.000000000004 40075.000000000007 19425.000000000004 16275.000000000002 19425.000000000004 15225 19775.000000000004 9625.0000000000018
decision_type=2 2 2 2 2 2 2 2 2 2 2
left_child=10 7 6 5 -5 -4 -3 8 -2 -9 -1
right_child=1 2 3 4 -6 -7 -8 9 -10 -11 -12
leaf_value=0.00032414414735237526 -7.3251958344627539e-05 -2.9210321098383329e-05 -2.499330935824888e-05 -2.2684136449608775e-05 -2.3630656319633307e-05 -2.5817214248413932e-05 -2.975851470386454e-05 -7.3582823975915413e-05 -7.2764041867992658e-05 -7.3109098459162949e-05 0.00032440539661966685
leaf_weight=4864 10019 7956 6061 7160 7285 5989 8037 3978 9878 3937 4836
leaf_count=4864 10019 7956 6061 7160 7285 5989 8037 3978 9878 3937 4836
internal_value=7.58798e-11 -4.47433e-05 -2.61777e-05 -2.41808e-05 -2.31615e-05 -2.54028e-05 -2.94858e-05 -7.31058e-05 -7.30097e-05 -7.33472e-05 0.000324274
internal_weight=80000 70300 42488 26495 14445 12050 15993 27812 19897 7915 9700
internal_count=80000 70300 42488 26495 14445 12050 15993 27812 19897 7915 9700
is_linear=0
shrinkage=0.05


Tree=180
num_leaves=12
num_cat=0
split_feature=2 3 2 2 2 2 2 2 2 2 2
split_gain=0.419022 0.0133644 0.000101463 1.18741e-05 1.14829e-06 7.35014e-07 4.44028e-07 2.25448e-07 4.32743e-07 1.57188e-07 5.57333e-08
threshold=12425.000000000002 1.0000000180025095e-35 17850.000000000004 29925.000000000004 40075.000000000007 19425.000000000004 16275.000000000002 19425.000000000004 15225 19775.000000000004 9625.0000000000018
decision_type=2 2 2 2 2 2 2 2 2 2 2
left_child=10 7 6 5 -5 -4 -3 8 -2 -9 -1
right_child=1 2 3 4 -6 -7 -8 9 -10 -11 -12
leaf_value=0.00030794057135345178 -6.9593112690371746e-05 -2.774807830308852e-05 -2.3740371068277071e-05 -2.1553187847398249e-05 -2.2444816003969057e-05 -2.4521390733183596e-05 -2.8274999843096633e-05 -6.9898741916104155e-05 -6.9126741101778255e-05 -6.9453095395571244e-05 0.00030818027425046074
leaf_weight=4864 10019 7956 6061 7160 7285 5989 8037 3978 9878 3937 4836
leaf_count=4864 10019 7956 6061 7160 7285 5989 8037 3978 9878 3937 4836
internal_value=1.39704e-10 -4.2506e-05 -2.4868e-05 -2.29696e-05 -2.20029e-05 -2.41285e-05 -2.80129e-05 -6.94514e-05 -6.93616e-05 -6.96771e-05 0.00030806
internal_weight=80000 70300 42488 26495 14445 12050 15993 27812 19897 7915 9700
internal_count=80000 70300 42488 26495 14445 12050 15993 27812 19897 7915 9700
is_linear=0
shrinkage=0.05


Tree=181
num_leaves=12
num_cat=0
split_feature=2 3 2 2 2 2 2 2 2 2 2
split_gain=0.378164 0.0120622 9.14199e-05 1.06927e-05 1.04853e-06 6.65926e-07 4.05152e-07 2.05234e-07 3.85076e-07 1.47911e-07 4.9543e-08
threshold=12425.000000000002 1.0000000180025095e-35 17850.000000000004 29925.000000000004 40075.000000000007 19425.000000000004 16275.000000000002 19425.000000000004 15225 19775.000000000004 9625.0000000000018
decision_type=2 2 2 2 2 2 2 2 2 2 2
left_child=10 7 6 5 -5 -4 -3 8 -2 -9 -1
right_child=1 2 3 4 -6 -7 -8 9 -10 -11 -12
leaf_value=0.00029254288933052997 -6.6112317903098316e-05 -2.6356189103450645e-05 -2.2552254816971756e-05 -2.0474869820976101e-05 -2.1326887017332004e-05 -2.3295663026285743e-05 -2.6859515370341978e-05 -6.6409953766574556e-05 -6.5672381236065182e-05 -6.5977659069444279e-05 0.00029276888867740223
leaf_weight=4864 10019 7956 6061 7160 7285 5989 8037 3978 9878 3937 4836
leaf_count=4864 10019 7956 6061 7160 7285 5989 8037 3978 9878 3937 4836
internal_value=2.34612e-11 -4.03806e-05 -2.36239e-05 -2.1822e-05 -2.09046e-05 -2.29217e-05 -2.66091e-05 -6.59796e-05 -6.58939e-05 -6.61949e-05 0.000292656
internal_weight=80000 70300 42488 26495 14445 12050 15993 27812 19897 7915 9700
internal_count=80000 70300 42488 26495 14445 12050 15993 27812 19897 7915 9700
is_linear=0
shrinkage=0.05


Tree=182
num_leaves=12
num_cat=0
split_feature=2 3 2 2 2 2 2 2 2 2 2
split_gain=0.341287 0.0108844 8.24913e-05 9.67645e-06 9.38456e-07 5.92382e-07 3.54737e-07 1.88413e-07 3.4774e-07 1.30568e-07 4.71715e-08
threshold=12425.000000000002 1.0000000180025095e-35 17850.000000000004 29925.000000000004 40075.000000000007 19425.000000000004 16275.000000000002 19425.000000000004 15225 19775.000000000004 9625.0000000000018
decision_type=2 2 2 2 2 2 2 2 2 2 2
left_child=10 7 6 5 -5 -4 -3 8 -2 -9 -1
right_child=1 2 3 4 -6 -7 -8 9 -10 -11 -12
leaf_value=0.00027790933760343253 -6.2805079059156051e-05 -2.5043841015763549e-05 -2.1430857858839239e-05 -1.9453902884618011e-05 -2.025995724289579e-05 -2.2132014419549465e-05 -2.5514811939060785e-05 -6.3087973725269592e-05 -6.238701331463032e-05 -6.2681812870961777e-05 0.00027812986148500503
leaf_weight=4864 10019 7956 6061 7160 7285 5989 8037 3978 9878 3937 4836
leaf_count=4864 10019 7956 6061 7160 7285 5989 8037 3978 9878 3937 4836
internal_value=-1.17966e-09 -3.83625e-05 -2.24448e-05 -2.07331e-05 -1.98604e-05 -2.17793e-05 -2.52805e-05 -6.26796e-05 -6.25975e-05 -6.28859e-05 0.000278019
internal_weight=80000 70300 42488 26495 14445 12050 15993 27812 19897 7915 9700
internal_count=80000 70300 42488 26495 14445 12050 15993 27812 19897 7915 9700
is_linear=0
shrinkage=0.05


Tree=183
num_leaves=12
num_cat=0
split_feature=2 3 2 2 2 2 2 2 2 2 2
split_gain=0.308024 0.00982191 7.4449e-05 8.73383e-06 8.43016e-07 5.48805e-07 3.23642e-07 1.74358e-07 3.19114e-07 1.16129e-07 4.16209e-08
threshold=12425.000000000002 1.0000000180025095e-35 17850.000000000004 29925.000000000004 40075.000000000007 19425.000000000004 16275.000000000002 19425.000000000004 15225 19775.000000000004 9625.0000000000018
decision_type=2 2 2 2 2 2 2 2 2 2 2
left_child=10 7 6 5 -5 -4 -3 8 -2 -9 -1
right_child=1 2 3 4 -6 -7 -8 9 -10 -11 -12
leaf_value=0.00026402256456776741 -5.9662625614806954e-05 -2.379010342573039e-05 -2.0354659795730992e-05 -1.8481726821348744e-05 -1.9245695056442963e-05 -2.1029534686668105e-05 -2.4239958691644452e-05 -5.99317829916798e-05 -5.9262137016066329e-05 -5.9548737844350539e-05 0.00026422970818191599
leaf_weight=4864 10019 7956 6061 7160 7285 5989 8037 3978 9878 3937 4836
leaf_count=4864 10019 7956 6061 7160 7285 5989 8037 3978 9878 3937 4836
internal_value=9.65426e-10 -3.6443e-05 -2.13223e-05 -1.96962e-05 -1.8867e-05 -2.06901e-05 -2.40162e-05 -5.95428e-05 -5.94638e-05 -5.97413e-05 0.000264126
internal_weight=80000 70300 42488 26495 14445 12050 15993 27812 19897 7915 9700
internal_count=80000 70300 42488 26495 14445 12050 15993 27812 19897 7915 9700
is_linear=0
shrinkage=0.05


Tree=184
num_leaves=12
num_cat=0
split_feature=2 3 2 2 2 2 2 2 2 2 2
split_gain=0.277994 0.008864 6.71304e-05 7.92677e-06 7.82954e-07 4.85057e-07 2.96412e-07 1.58859e-07 2.83242e-07 1.05189e-07 3.9273e-08
threshold=12425.000000000002 1.0000000180025095e-35 17850.000000000004 29925.000000000004 40075.000000000007 19425.000000000004 16275.000000000002 19425.000000000004 15225 19775.000000000004 9625.0000000000018
decision_type=2 2 2 2 2 2 2 2 2 2 2
left_child=10 7 6 5 -5 -4 -3 8 -2 -9 -1
right_child=1 2 3 4 -6 -7 -8 9 -10 -11 -12
leaf_value=0.00025081903630914319 -5.6678482847221931e-05 -2.2599353451231921e-05 -1.9345066747283575e-05 -1.7552302542448892e-05 -1.828855318942554e-05 -1.9979535815736604e-05 -2.3029868324880887e-05 -5.6937333524050148e-05 -5.6301174642059767e-05 -5.657277592221097e-05 0.00025102025251752774
leaf_weight=4864 10019 7956 6061 7160 7285 5989 8037 3978 9878 3937 4836
leaf_count=4864 10019 7956 6061 7160 7285 5989 8037 3978 9878 3937 4836
internal_value=-2.08926e-10 -3.46221e-05 -2.02576e-05 -1.87135e-05 -1.79236e-05 -1.96604e-05 -2.28157e-05 -5.65665e-05 -5.64912e-05 -5.6756e-05 0.000250919
internal_weight=80000 70300 42488 26495 14445 12050 15993 27812 19897 7915 9700
internal_count=80000 70300 42488 26495 14445 12050 15993 27812 19897 7915 9700
is_linear=0
shrinkage=0.05


Tree=185
num_leaves=12
num_cat=0
split_feature=2 3 2 2 2 2 2 2 2 2 2
split_gain=0.250886 0.00800229 6.06339e-05 7.12585e-06 6.96799e-07 4.47901e-07 2.57304e-07 1.37746e-07 2.66317e-07 9.43854e-08 3.40923e-08
threshold=12425.000000000002 1.0000000180025095e-35 17850.000000000004 29925.000000000004 40075.000000000007 19425.000000000004 16275.000000000002 19425.000000000004 15225 19775.000000000004 9625.0000000000018
decision_type=2 2 2 2 2 2 2 2 2 2 2
left_child=10 7 6 5 -5 -4 -3 8 -2 -9 -1
right_child=1 2 3 4 -6 -7 -8 9 -10 -11 -12
leaf_value=0.00023827803747713305 -5.3852743774787784e-05 -2.1471938726841297e-05 -1.8369624781019502e-05 -1.6675645735666973e-05 -1.7370208329217499e-05 -1.8979309713068308e-05 -2.1873048876448254e-05 -5.4089486775844876e-05 -5.3486882059925977e-05 -5.37441579299982e-05 0.00023846551267758733
leaf_weight=4864 10019 7956 6061 7160 7285 5989 8037 3978 9878 3937 4836
leaf_count=4864 10019 7956 6061 7160 7285 5989 8037 3978 9878 3937 4836
internal_value=-2.32582e-10 -3.28908e-05 -1.92424e-05 -1.77749e-05 -1.70259e-05 -1.86726e-05 -2.16735e-05 -5.37413e-05 -5.36711e-05 -5.39177e-05 0.000238372
internal_weight=80000 70300 42488 26495 14445 12050 15993 27812 19897 7915 9700
internal_count=80000 70300 42488 26495 14445 12050 15993 27812 19897 7915 9700
is_linear=0
shrinkage=0.05


Tree=186
num_leaves=12
num_cat=0
split_feature=2 3 2 2 2 2 2 2 2 2 2
split_gain=0.226412 0.00722129 5.46463e-05 6.42562e-06 6.17174e-07 4.04973e-07 2.39041e-07 1.2774e-07 2.40338e-07 8.98641e-08 3.02539e-08
threshold=12425.000000000002 1.0000000180025095e-35 17850.000000000004 29925.000000000004 40075.000000000007 19425.000000000004 16275.000000000002 19425.000000000004 15225 19775.000000000004 9625.0000000000018
decision_type=2 2 2 2 2 2 2 2 2 2 2
left_child=10 7 6 5 -5 -4 -3 8 -2 -9 -1
right_child=1 2 3 4 -6 -7 -8 9 -10 -11 -12
leaf_value=0.00022635977173114213 -5.1156154761768941e-05 -2.0392680269220726e-05 -1.7450214465433169e-05 -1.5844969948680225e-05 -1.6498644295319218e-05 -1.8029946554988676e-05 -2.0779293308379167e-05 -5.1388693537084075e-05 -5.0808595666844956e-05 -5.1051737393016232e-05 0.00022653637808648221
leaf_weight=4864 10019 7956 6061 7160 7285 5989 8037 3978 9878 3937 4836
leaf_count=4864 10019 7956 6061 7160 7285 5989 8037 3978 9878 3937 4836
internal_value=8.88321e-10 -3.12443e-05 -1.8279e-05 -1.68858e-05 -1.61746e-05 -1.77383e-05 -2.0587e-05 -5.10512e-05 -5.09836e-05 -5.12211e-05 0.000226448
internal_weight=80000 70300 42488 26495 14445 12050 15993 27812 19897 7915 9700
internal_count=80000 70300 42488 26495 14445 12050 15993 27812 19897 7915 9700
is_linear=0
shrinkage=0.05


Tree=187
num_leaves=12
num_cat=0
split_feature=2 3 2 2 2 2 2 2 2 2 2
split_gain=0.204346 0.00651748 4.93775e-05 5.81228e-06 5.56853e-07 3.53055e-07 2.1713e-07 1.12937e-07 2.0965e-07 7.75688e-08 2.8563e-08
threshold=12425.000000000002 1.0000000180025095e-35 17850.000000000004 29925.000000000004 40075.000000000007 19425.000000000004 16275.000000000002 19425.000000000004 15225 19775.000000000004 9625.0000000000018
decision_type=2 2 2 2 2 2 2 2 2 2 2
left_child=10 7 6 5 -5 -4 -3 8 -2 -9 -1
right_child=1 2 3 4 -6 -7 -8 9 -10 -11 -12
leaf_value=0.00021504360796598121 -4.8598423176580554e-05 -1.9375313034884225e-05 -1.6584072393263255e-05 -1.5052750104841226e-05 -1.5673659043626279e-05 -1.7125368807603238e-05 -1.9743781699714989e-05 -4.88162835417683e-05 -4.8273810849995129e-05 -4.8503226233096994e-05 0.00021521520818076412
leaf_weight=4864 10019 7956 6061 7160 7285 5989 8037 3978 9878 3937 4836
leaf_count=4864 10019 7956 6061 7160 7285 5989 8037 3978 9878 3937 4836
internal_value=-2.84807e-10 -2.96839e-05 -1.73666e-05 -1.60423e-05 -1.53659e-05 -1.68531e-05 -1.95605e-05 -4.85008e-05 -4.84373e-05 -4.86606e-05 0.000215129
internal_weight=80000 70300 42488 26495 14445 12050 15993 27812 19897 7915 9700
internal_count=80000 70300 42488 26495 14445 12050 15993 27812 19897 7915 9700
is_linear=0
shrinkage=0.05


Tree=188
num_leaves=12
num_cat=0
split_feature=2 3 2 2 2 2 2 2 2 2 2
split_gain=0.184418 0.0058815 4.45451e-05 5.22673e-06 5.25427e-07 3.16438e-07 1.96541e-07 1.06371e-07 1.89092e-07 6.97643e-08 2.69289e-08
threshold=12425.000000000002 1.0000000180025095e-35 17850.000000000004 29925.000000000004 40075.000000000007 19425.000000000004 16275.000000000002 19425.000000000004 15225 19775.000000000004 9625.0000000000018
decision_type=2 2 2 2 2 2 2 2 2 2 2
left_child=10 7 6 5 -5 -4 -3 8 -2 -9 -1
right_child=1 2 3 4 -6 -7 -8 9 -10 -11 -12
leaf_value=0.00020428673367285611 -4.6166695016205285e-05 -1.8406742689596108e-05 -1.5755499821269433e-05 -1.4295711038733688e-05 -1.4898844576084715e-05 -1.6267957799872179e-05 -1.8757306755844518e-05 -4.6378030277628388e-05 -4.5858409177865683e-05 -4.6081139381194535e-05 0.00020445335301429239
leaf_weight=4864 10019 7956 6061 7160 7285 5989 8037 3978 9878 3937 4836
leaf_count=4864 10019 7956 6061 7160 7285 5989 8037 3978 9878 3937 4836
internal_value=-9.30279e-10 -2.82e-05 -1.64991e-05 -1.52413e-05 -1.45999e-05 -1.60102e-05 -1.85829e-05 -4.60753e-05 -4.60136e-05 -4.62304e-05 0.00020437
internal_weight=80000 70300 42488 26495 14445 12050 15993 27812 19897 7915 9700
internal_count=80000 70300 42488 26495 14445 12050 15993 27812 19897 7915 9700
is_linear=0
shrinkage=0.05


Tree=189
num_leaves=12
num_cat=0
split_feature=2 3 2 2 2 2 2 2 2 2 2
split_gain=0.166439 0.00530794 4.02191e-05 4.73642e-06 4.62797e-07 2.91519e-07 1.78998e-07 9.21407e-08 1.78329e-07 6.32296e-08 2.37696e-08
threshold=12425.000000000002 1.0000000180025095e-35 17850.000000000004 29925.000000000004 40075.000000000007 19425.000000000004 16275.000000000002 19425.000000000004 15225 19775.000000000004 9625.0000000000018
decision_type=2 2 2 2 2 2 2 2 2 2 2
left_child=10 7 6 5 -5 -4 -3 8 -2 -9 -1
right_child=1 2 3 4 -6 -7 -8 9 -10 -11 -12
leaf_value=0.00019407663962977639 -4.3860147676409048e-05 -1.7483724757834725e-05 -1.4964118131234039e-05 -1.3580577226561188e-05 -1.4146624585069004e-05 -1.5455985185103192e-05 -1.7818277466645208e-05 -4.4053800776700341e-05 -4.3560764310261311e-05 -4.3771156328950285e-05 0.00019423318030701672
leaf_weight=4864 10019 7956 6061 7160 7285 5989 8037 3978 9878 3937 4836
leaf_count=4864 10019 7956 6061 7160 7285 5989 8037 3978 9878 3937 4836
internal_value=1.68507e-09 -2.67876e-05 -1.56718e-05 -1.44766e-05 -1.38661e-05 -1.52086e-05 -1.76518e-05 -4.37689e-05 -4.37115e-05 -4.39132e-05 0.000194155
internal_weight=80000 70300 42488 26495 14445 12050 15993 27812 19897 7915 9700
internal_count=80000 70300 42488 26495 14445 12050 15993 27812 19897 7915 9700
is_linear=0
shrinkage=0.05


Tree=190
num_leaves=12
num_cat=0
split_feature=2 3 2 2 2 2 2 2 2 2 2
split_gain=0.150218 0.00479026 3.63247e-05 4.26619e-06 4.13012e-07 2.68081e-07 1.5363e-07 8.29918e-08 1.53622e-07 5.67094e-08 2.00473e-08
threshold=12425.000000000002 1.0000000180025095e-35 17850.000000000004 29925.000000000004 40075.000000000007 19425.000000000004 16275.000000000002 19425.000000000004 15225 19775.000000000004 9625.0000000000018
decision_type=2 2 2 2 2 2 2 2 2 2 2
left_child=10 7 6 5 -5 -4 -3 8 -2 -9 -1
right_child=1 2 3 4 -6 -7 -8 9 -10 -11 -12
leaf_value=0.00018437717579720478 -4.1666898973800366e-05 -1.6617577526482912e-05 -1.4215992813279713e-05 -1.2906595188851194e-05 -1.3441330559987015e-05 -1.4687672788746898e-05 -1.6927518314627833e-05 -4.1853511079098978e-05 -4.138902790069344e-05 -4.1585835921253145e-05 0.0001845209377906782
leaf_weight=4864 10019 7956 6061 7160 7285 5989 8037 3978 9878 3937 4836
leaf_count=4864 10019 7956 6061 7160 7285 5989 8037 3978 9878 3937 4836
internal_value=-9.89678e-10 -2.54514e-05 -1.48916e-05 -1.37558e-05 -1.31763e-05 -1.44504e-05 -1.67733e-05 -4.15834e-05 -4.15289e-05 -4.17204e-05 0.000184449
internal_weight=80000 70300 42488 26495 14445 12050 15993 27812 19897 7915 9700
internal_count=80000 70300 42488 26495 14445 12050 15993 27812 19897 7915 9700
is_linear=0
shrinkage=0.05


Tree=191
num_leaves=12
num_cat=0
split_feature=2 3 2 2 2 2 2 2 2 2 2
split_gain=0.135566 0.00432339 3.2804e-05 3.85548e-06 3.71014e-07 2.37293e-07 1.46013e-07 7.56396e-08 1.42171e-07 5.01251e-08 2.10707e-08
threshold=12425.000000000002 1.0000000180025095e-35 17850.000000000004 29925.000000000004 40075.000000000007 19425.000000000004 16275.000000000002 19425.000000000004 15225 19775.000000000004 9625.0000000000018
decision_type=2 2 2 2 2 2 2 2 2 2 2
left_child=10 7 6 5 -5 -4 -3 8 -2 -9 -1
right_child=1 2 3 4 -6 -7 -8 9 -10 -11 -12
leaf_value=0.00017515110230485669 -3.9582713061932757e-05 -1.5780631601105467e-05 -1.350468791687798e-05 -1.2258380559122181e-05 -1.276519904443681e-05 -1.3948457014194454e-05 -1.6082790677477531e-05 -3.9757922700281129e-05 -3.9315398533090893e-05 -3.9506266348801763e-05 0.00017529848819164092
leaf_weight=4864 10019 7956 6061 7160 7285 5989 8037 3978 9878 3937 4836
leaf_count=4864 10019 7956 6061 7160 7285 5989 8037 3978 9878 3937 4836
internal_value=1.08448e-09 -2.41763e-05 -1.41443e-05 -1.30649e-05 -1.2514e-05 -1.37252e-05 -1.59325e-05 -3.9502e-05 -3.945e-05 -3.96327e-05 0.000175225
internal_weight=80000 70300 42488 26495 14445 12050 15993 27812 19897 7915 9700
internal_count=80000 70300 42488 26495 14445 12050 15993 27812 19897 7915 9700
is_linear=0
shrinkage=0.05


Tree=192
num_leaves=12
num_cat=0
split_feature=2 3 2 2 2 2 2 2 2 2 2
split_gain=0.122353 0.00390141 2.95743e-05 3.44966e-06 3.40633e-07 2.24072e-07 1.24766e-07 6.86497e-08 1.21693e-07 4.58269e-08 1.62825e-08
threshold=12425.000000000002 1.0000000180025095e-35 17850.000000000004 29925.000000000004 40075.000000000007 19425.000000000004 16275.000000000002 19425.000000000004 15225 19775.000000000004 9625.0000000000018
decision_type=2 2 2 2 2 2 2 2 2 2 2
left_child=10 7 6 5 -5 -4 -3 8 -2 -9 -1
right_child=1 2 3 4 -6 -7 -8 9 -10 -11 -12
leaf_value=0.00016640064407684614 -3.7601333431908909e-05 -1.4997157575689314e-05 -1.2825064409516981e-05 -1.1648731825267765e-05 -1.2134356410149933e-05 -1.3256293372698173e-05 -1.5276468500625438e-05 -3.7772336576936471e-05 -3.7354018945453606e-05 -3.753171177868191e-05 0.00016653020585046712
leaf_weight=4864 10019 7956 6061 7160 7285 5989 8037 3978 9878 3937 4836
leaf_count=4864 10019 7956 6061 7160 7285 5989 8037 3978 9878 3937 4836
internal_value=-5.17255e-10 -2.29695e-05 -1.34396e-05 -1.24147e-05 -1.18936e-05 -1.30394e-05 -1.51375e-05 -3.75281e-05 -3.74786e-05 -3.76526e-05 0.000166465
internal_weight=80000 70300 42488 26495 14445 12050 15993 27812 19897 7915 9700
internal_count=80000 70300 42488 26495 14445 12050 15993 27812 19897 7915 9700
is_linear=0
shrinkage=0.05


Tree=193
num_leaves=12
num_cat=0
split_feature=2 3 2 2 2 2 2 2 2 2 2
split_gain=0.110419 0.00352202 2.66474e-05 3.16532e-06 3.03212e-07 1.92789e-07 1.18643e-07 5.95513e-08 1.10094e-07 4.46797e-08 1.52171e-08
threshold=12425.000000000002 1.0000000180025095e-35 17850.000000000004 29925.000000000004 40075.000000000007 19425.000000000004 16275.000000000002 19425.000000000004 15225 19775.000000000004 9625.0000000000018
decision_type=2 2 2 2 2 2 2 2 2 2 2
left_child=10 7 6 5 -5 -4 -3 8 -2 -9 -1
right_child=1 2 3 4 -6 -7 -8 9 -10 -11 -12
leaf_value=0.00015807581573222995 -3.5724046654225905e-05 -1.4240948636406386e-05 -1.2192838457120299e-05 -1.1063061712531494e-05 -1.1521236013890198e-05 -1.2592834166134029e-05 -1.4513319676637204e-05 -3.5887593619533321e-05 -3.5488813635555634e-05 -3.5649999576958122e-05 0.00015820106674157888
leaf_weight=4864 10019 7956 6061 7160 7285 5989 8037 3978 9878 3937 4836
leaf_count=4864 10019 7956 6061 7160 7285 5989 8037 3978 9878 3937 4836
internal_value=-7.37941e-10 -2.18208e-05 -1.27661e-05 -1.17933e-05 -1.12941e-05 -1.23916e-05 -1.43778e-05 -3.56534e-05 -3.56073e-05 -3.57694e-05 0.000158138
internal_weight=80000 70300 42488 26495 14445 12050 15993 27812 19897 7915 9700
internal_count=80000 70300 42488 26495 14445 12050 15993 27812 19897 7915 9700
is_linear=0
shrinkage=0.05


Tree=194
num_leaves=12
num_cat=0
split_feature=2 3 2 2 2 2 2 2 2 2 2
split_gain=0.0996521 0.00317785 2.4012e-05 2.81013e-06 2.67998e-07 1.74018e-07 1.04439e-07 5.65871e-08 9.90162e-08 3.59515e-08 1.28767e-08
threshold=12425.000000000002 1.0000000180025095e-35 17850.000000000004 29925.000000000004 40075.000000000007 19425.000000000004 16275.000000000002 19425.000000000004 15225 19775.000000000004 9625.0000000000018
decision_type=2 2 2 2 2 2 2 2 2 2 2
left_child=10 7 6 5 -5 -4 -3 8 -2 -9 -1
right_child=1 2 3 4 -6 -7 -8 9 -10 -11 -12
leaf_value=0.00015017382826047916 -3.3933981627220286e-05 -1.3529436923344873e-05 -1.1579359897253017e-05 -1.0516898877357456e-05 -1.0947646597475734e-05 -1.1959384461965287e-05 -1.3784984045658395e-05 -3.4087302506541193e-05 -3.371089664592398e-05 -3.3874175296425339e-05 0.00015028904586844764
leaf_weight=4864 10019 7956 6061 7160 7285 5989 8037 3978 9878 3937 4836
leaf_count=4864 10019 7956 6061 7160 7285 5989 8037 3978 9878 3937 4836
internal_value=1.07972e-10 -2.07288e-05 -1.21279e-05 -1.12044e-05 -1.07341e-05 -1.17682e-05 -1.36579e-05 -3.38682e-05 -3.38232e-05 -3.39813e-05 0.000150231
internal_weight=80000 70300 42488 26495 14445 12050 15993 27812 19897 7915 9700
internal_count=80000 70300 42488 26495 14445 12050 15993 27812 19897 7915 9700
is_linear=0
shrinkage=0.05


Tree=195
num_leaves=12
num_cat=0
split_feature=2 3 2 2 2 2 2 2 2 2 2
split_gain=0.0899407 0.00286773 2.17385e-05 2.54544e-06 2.53105e-07 1.53875e-07 9.37274e-08 5.17176e-08 9.51806e-08 3.39131e-08 1.19051e-08
threshold=12425.000000000002 1.0000000180025095e-35 17850.000000000004 29925.000000000004 40075.000000000007 19425.000000000004 16275.000000000002 19425.000000000004 15225 19775.000000000004 9625.0000000000018
decision_type=2 2 2 2 2 2 2 2 2 2 2
left_child=10 7 6 5 -5 -4 -3 8 -2 -9 -1
right_child=1 2 3 4 -6 -7 -8 9 -10 -11 -12
leaf_value=0.00014266872025937513 -3.2239719821011988e-05 -1.2855917646410285e-05 -1.1002168310599486e-05 -9.9844673200375167e-06 -1.0403075454646036e-05 -1.1359522290648182e-05 -1.3098005942009084e-05 -3.2385204095123921e-05 -3.2020998400205902e-05 -3.2178206932680561e-05 0.00014277950541260347
leaf_weight=4864 10019 7956 6061 7160 7285 5989 8037 3978 9878 3937 4836
leaf_count=4864 10019 7956 6061 7160 7285 5989 8037 3978 9878 3937 4836
internal_value=6.66993e-10 -1.96923e-05 -1.15219e-05 -1.06432e-05 -1.01956e-05 -1.11798e-05 -1.29776e-05 -3.21741e-05 -3.21311e-05 -3.22822e-05 0.000142724
internal_weight=80000 70300 42488 26495 14445 12050 15993 27812 19897 7915 9700
internal_count=80000 70300 42488 26495 14445 12050 15993 27812 19897 7915 9700
is_linear=0
shrinkage=0.05


Tree=196
num_leaves=12
num_cat=0
split_feature=2 3 2 2 2 2 2 2 2 2 2
split_gain=0.0811692 0.0025891 1.96036e-05 2.27898e-06 2.24561e-07 1.38578e-07 8.85649e-08 4.3642e-08 8.43369e-08 2.99078e-08 1.32968e-08
threshold=12425.000000000002 1.0000000180025095e-35 17850.000000000004 29925.000000000004 40075.000000000007 19425.000000000004 16275.000000000002 19425.000000000004 15225 19775.000000000004 9625.0000000000018
decision_type=2 2 2 2 2 2 2 2 2 2 2
left_child=10 7 6 5 -5 -4 -3 8 -2 -9 -1
right_child=1 2 3 4 -6 -7 -8 9 -10 -11 -12
leaf_value=0.00013552661620912275 -3.0630994700366091e-05 -1.2209042642756213e-05 -1.0449684380236821e-05 -9.4881214090237947e-06 -9.8824196014672851e-06 -1.0788810374017753e-05 -1.2444369392941153e-05 -3.0764282164985352e-05 -3.0425109084259808e-05 -3.0569892718574016e-05 0.00013564369787654251
leaf_weight=4864 10019 7956 6061 7160 7285 5989 8037 3978 9878 3937 4836
leaf_count=4864 10019 7956 6061 7160 7285 5989 8037 3978 9878 3937 4836
internal_value=-2.42498e-10 -1.87083e-05 -1.09449e-05 -1.01105e-05 -9.68698e-06 -1.06182e-05 -1.23273e-05 -3.05683e-05 -3.05288e-05 -3.06676e-05 0.000135585
internal_weight=80000 70300 42488 26495 14445 12050 15993 27812 19897 7915 9700
internal_count=80000 70300 42488 26495 14445 12050 15993 27812 19897 7915 9700
is_linear=0
shrinkage=0.05


Tree=197
num_leaves=12
num_cat=0
split_feature=2 3 2 2 2 2 2 2 2 2 2
split_gain=0.0732541 0.0023356 1.77286e-05 2.07565e-06 2.04306e-07 1.31871e-07 7.85146e-08 3.93476e-08 7.63992e-08 2.7924e-08 1.1237e-08
threshold=12425.000000000002 1.0000000180025095e-35 17850.000000000004 29925.000000000004 40075.000000000007 19425.000000000004 16275.000000000002 19425.000000000004 15225 19775.000000000004 9625.0000000000018
decision_type=2 2 2 2 2 2 2 2 2 2 2
left_child=10 7 6 5 -5 -4 -3 8 -2 -9 -1
right_child=1 2 3 4 -6 -7 -8 9 -10 -11 -12
leaf_value=0.00012875130139311872 -2.9096758441618856e-05 -1.160229553312237e-05 -9.9256517245298855e-06 -9.011652383383613e-06 -9.387747614761763e-06 -1.025646933816911e-05 -1.1823867968754875e-05 -2.9224706801328674e-05 -2.8900801153750956e-05 -2.9036874815879664e-05 0.00012885893322556297
leaf_weight=4864 10019 7956 6061 7160 7285 5989 8037 3978 9878 3937 4836
leaf_count=4864 10019 7956 6061 7160 7285 5989 8037 3978 9878 3937 4836
internal_value=-4.12238e-11 -1.77726e-05 -1.0399e-05 -9.60553e-06 -9.20133e-06 -1.00901e-05 -1.17136e-05 -2.9037e-05 -2.89995e-05 -2.91313e-05 0.000128805
internal_weight=80000 70300 42488 26495 14445 12050 15993 27812 19897 7915 9700
internal_count=80000 70300 42488 26495 14445 12050 15993 27812 19897 7915 9700
is_linear=0
shrinkage=0.05


Tree=198
num_leaves=12
num_cat=0
split_feature=2 3 2 2 2 2 2 2 2 2 2
split_gain=0.0661119 0.00210814 1.59716e-05 1.86978e-06 1.79002e-07 1.12883e-07 6.46735e-08 3.80686e-08 6.65138e-08 2.59254e-08 1.02973e-08
threshold=12425.000000000002 1.0000000180025095e-35 17850.000000000004 29925.000000000004 40075.000000000007 19425.000000000004 16275.000000000002 19425.000000000004 15225 19775.000000000004 9625.0000000000018
decision_type=2 2 2 2 2 2 2 2 2 2 2
left_child=10 7 6 5 -5 -4 -3 8 -2 -9 -1
right_child=1 2 3 4 -6 -7 -8 9 -10 -11 -12
leaf_value=0.00012231415931715243 -2.7638901353954238e-05 -1.1024601953629735e-05 -9.4324943549877882e-06 -8.5635585197430965e-06 -8.9155941973178278e-06 -9.7385697075492218e-06 -1.1225698128417023e-05 -2.7767796015616893e-05 -2.745606056363632e-05 -2.7586810805634116e-05 0.00012241719254794031
leaf_weight=4864 10019 7956 6061 7160 7285 5989 8037 3978 9878 3937 4836
leaf_count=4864 10019 7956 6061 7160 7285 5989 8037 3978 9878 3937 4836
internal_value=7.30431e-10 -1.68832e-05 -9.87791e-06 -9.12473e-06 -8.7411e-06 -9.58462e-06 -1.11257e-05 -2.7585e-05 -2.75481e-05 -2.76778e-05 0.000122366
internal_weight=80000 70300 42488 26495 14445 12050 15993 27812 19897 7915 9700
internal_count=80000 70300 42488 26495 14445 12050 15993 27812 19897 7915 9700
is_linear=0
shrinkage=0.05


Tree=199
num_leaves=12
num_cat=0
split_feature=2 3 2 2 2 2 2 2 2 2 2
split_gain=0.0596662 0.00190254 1.44093e-05 1.68908e-06 1.59419e-07 1.07047e-07 6.10055e-08 3.24402e-08 5.84538e-08 2.33742e-08 7.1971e-09
threshold=12425.000000000002 1.0000000180025095e-35 17850.000000000004 29925.000000000004 40075.000000000007 19425.000000000004 16275.000000000002 19425.000000000004 15225 19775.000000000004 9625.0000000000018
decision_type=2 2 2 2 2 2 2 2 2 2 2
left_child=10 7 6 5 -5 -4 -3 8 -2 -9 -1
right_child=1 2 3 4 -6 -7 -8 9 -10 -11 -12
leaf_value=0.00011620418088413271 -2.6257099485653564e-05 -1.0471539266850764e-05 -8.9581052783764195e-06 -8.1369727892234046e-06 -8.4691946324029422e-06 -9.2561637595439594e-06 -1.0666849569912225e-05 -2.63771605587694e-05 -2.6085694435123851e-05 -2.6205310712472126e-05 0.00011629031884098447
leaf_weight=4864 10019 7956 6061 7160 7285 5989 8037 3978 9878 3937 4836
leaf_count=4864 10019 7956 6061 7160 7285 5989 8037 3978 9878 3937 4836
internal_value=3.00126e-10 -1.60394e-05 -9.38453e-06 -8.66915e-06 -8.30452e-06 -9.10624e-06 -1.05697e-05 -2.62061e-05 -2.6172e-05 -2.62917e-05 0.000116247
internal_weight=80000 70300 42488 26495 14445 12050 15993 27812 19897 7915 9700
internal_count=80000 70300 42488 26495 14445 12050 15993 27812 19897 7915 9700
is_linear=0
shrinkage=0.05


Tree=200
num_leaves=12
num_cat=0
split_feature=2 3 2 2 2 2 2 2 2 2 2
split_gain=0.0538467 0.00171803 1.30327e-05 1.52699e-06 1.4706e-07 9.0418e-08 5.45848e-08 3.08739e-08 5.50637e-08 2.10204e-08 6.62675e-09
threshold=12425.000000000002 1.0000000180025095e-35 17850.000000000004 29925.000000000004 40075.000000000007 19425.000000000004 16275.000000000002 19425.000000000004 15225 19775.000000000004 9625.0000000000018
decision_type=2 2 2 2 2 2 2 2 2 2 2
left_child=10 7 6 5 -5 -4 -3 8 -2 -9 -1
right_child=1 2 3 4 -6 -7 -8 9 -10 -11 -12
leaf_value=0.00011039146373952079 -2.4947550799989284e-05 -9.9474333880807276e-06 -8.5122414042797049e-06 -7.7251808385510393e-06 -8.0442642858577921e-06 -8.7861726872637283e-06 -1.0132179974745304e-05 -2.5062773352867095e-05 -2.4781190470571168e-05 -2.4899805788853692e-05 0.00011047411818013777
leaf_weight=4864 10019 7956 6061 7160 7285 5989 8037 3978 9878 3937 4836
leaf_count=4864 10019 7956 6061 7160 7285 5989 8037 3978 9878 3937 4836
internal_value=3.3253e-10 -1.52371e-05 -8.91315e-06 -8.23279e-06 -7.8861e-06 -8.64839e-06 -1.00403e-05 -2.48982e-05 -2.4865e-05 -2.49817e-05 0.000110433
internal_weight=80000 70300 42488 26495 14445 12050 15993 27812 19897 7915 9700
internal_count=80000 70300 42488 26495 14445 12050 15993 27812 19897 7915 9700
is_linear=0
shrinkage=0.05


Tree=201
num_leaves=12
num_cat=0
split_feature=2 3 2 2 2 2 2 2 2 2 2
split_gain=0.0485982 0.00155 1.17595e-05 1.38848e-06 1.44818e-07 8.13631e-08 5.12083e-08 2.73869e-08 5.18358e-08 1.8627e-08 7.6231e-09
threshold=12425.000000000002 1.0000000180025095e-35 17850.000000000004 29925.000000000004 40075.000000000007 19425.000000000004 16275.000000000002 19425.000000000004 15225 19775.000000000004 9625.0000000000018
decision_type=2 2 2 2 2 2 2 2 2 2 2
left_child=10 7 6 5 -5 -4 -3 8 -2 -9 -1
right_child=1 2 3 4 -6 -7 -8 9 -10 -11 -12
leaf_value=0.00010486641822353704 -2.3702898659587298e-05 -9.4515583859015035e-06 -8.0917098182515525e-06 -7.334277994720027e-06 -7.6509199569665923e-06 -8.3515629244479699e-06 -9.6304998223523716e-06 -2.3809033535052043e-05 -2.3541488063698557e-05 -2.3655624119105382e-05 0.00010495506885114478
leaf_weight=4864 10019 7956 6061 7160 7285 5989 8037 3978 9878 3937 4836
leaf_count=4864 10019 7956 6061 7160 7285 5989 8037 3978 9878 3937 4836
internal_value=-1.77986e-09 -1.44776e-05 -8.47083e-06 -7.82456e-06 -7.49397e-06 -8.22086e-06 -9.54148e-06 -2.36541e-05 -2.36228e-05 -2.37327e-05 0.000104911
internal_weight=80000 70300 42488 26495 14445 12050 15993 27812 19897 7915 9700
internal_count=80000 70300 42488 26495 14445 12050 15993 27812 19897 7915 9700
is_linear=0
shrinkage=0.05


Tree=202
num_leaves=12
num_cat=0
split_feature=2 3 2 2 2 2 2 2 2 2 2
split_gain=0.0438608 0.00139872 1.05885e-05 1.24764e-06 1.18683e-07 7.70095e-08 4.38757e-08 2.43394e-08 4.58778e-08 1.72672e-08 5.88586e-09
threshold=12425.000000000002 1.0000000180025095e-35 17850.000000000004 29925.000000000004 40075.000000000007 19425.000000000004 16275.000000000002 19425.000000000004 15225 19775.000000000004 9625.0000000000018
decision_type=2 2 2 2 2 2 2 2 2 2 2
left_child=10 7 6 5 -5 -4 -3 8 -2 -9 -1
right_child=1 2 3 4 -6 -7 -8 9 -10 -11 -12
leaf_value=9.9628925014066675e-05 -2.2515261598140397e-05 -8.9788097698149174e-06 -7.6828693547210039e-06 -6.9749119721467524e-06 -7.2615617054738958e-06 -7.9356748466503575e-06 -9.1444449766061729e-06 -2.2617005651268072e-05 -2.2363410260644104e-05 -2.2469302158712149e-05 9.9706822068209401e-05
leaf_weight=4864 10019 7956 6061 7160 7285 5989 8037 3978 9878 3937 4836
leaf_count=4864 10019 7956 6061 7160 7285 5989 8037 3978 9878 3937 4836
internal_value=-4.7127e-11 -1.37522e-05 -8.0461e-06 -7.43285e-06 -7.11948e-06 -7.80852e-06 -9.06205e-06 -2.24694e-05 -2.24399e-05 -2.25435e-05 9.96678e-05
internal_weight=80000 70300 42488 26495 14445 12050 15993 27812 19897 7915 9700
internal_count=80000 70300 42488 26495 14445 12050 15993 27812 19897 7915 9700
is_linear=0
shrinkage=0.05


Tree=203
num_leaves=12
num_cat=0
split_feature=2 3 2 2 2 2 2 2 2 2 2
split_gain=0.0395858 0.00126261 9.58972e-06 1.1346e-06 1.10625e-07 7.29727e-08 4.51764e-08 2.27309e-08 4.14922e-08 1.60542e-08 5.68728e-09
threshold=12425.000000000002 1.0000000180025095e-35 17850.000000000004 29925.000000000004 40075.000000000007 19425.000000000004 16275.000000000002 19425.000000000004 15225 19775.000000000004 9625.0000000000018
decision_type=2 2 2 2 2 2 2 2 2 2 2
left_child=10 7 6 5 -5 -4 -3 8 -2 -9 -1
right_child=1 2 3 4 -6 -7 -8 9 -10 -11 -12
leaf_value=9.4650288678478417e-05 -2.1387881321940554e-05 -8.5235243662068762e-06 -7.2934614563627559e-06 -6.6191168513679732e-06 -6.8958646645954845e-06 -7.5395517559723009e-06 -8.6915967171065929e-06 -2.1487207819566988e-05 -2.1243470381270501e-05 -2.1344786808265216e-05 9.472686034999711e-05
leaf_weight=4864 10019 7956 6061 7160 7285 5989 8037 3978 9878 3937 4836
leaf_count=4864 10019 7956 6061 7160 7285 5989 8037 3978 9878 3937 4836
internal_value=2.282e-09 -1.30625e-05 -7.64114e-06 -7.05753e-06 -6.75869e-06 -7.41577e-06 -8.60799e-06 -2.13447e-05 -2.13162e-05 -2.14164e-05 9.46885e-05
internal_weight=80000 70300 42488 26495 14445 12050 15993 27812 19897 7915 9700
internal_count=80000 70300 42488 26495 14445 12050 15993 27812 19897 7915 9700
is_linear=0
shrinkage=0.05


Tree=204
num_leaves=12
num_cat=0
split_feature=2 3 2 2 2 2 2 2 2 2 2
split_gain=0.0357255 0.00113946 8.61626e-06 1.00805e-06 1.01326e-07 6.06339e-08 3.64608e-08 2.02191e-08 3.47159e-08 1.27373e-08 4.30171e-09
threshold=12425.000000000002 1.0000000180025095e-35 17850.000000000004 29925.000000000004 40075.000000000007 19425.000000000004 16275.000000000002 19425.000000000004 15225 19775.000000000004 9625.0000000000018
decision_type=2 2 2 2 2 2 2 2 2 2 2
left_child=10 7 6 5 -5 -4 -3 8 -2 -9 -1
right_child=1 2 3 4 -6 -7 -8 9 -10 -11 -12
leaf_value=8.9917006780045722e-05 -2.0318792082200337e-05 -8.102600274737709e-06 -6.9350038289088337e-06 -6.2935610299191173e-06 -6.5584218728131706e-06 -7.1593258553965991e-06 -8.253592274441326e-06 -2.0410795825942224e-05 -2.018669853328706e-05 -2.0283937249025737e-05 8.998360096594832e-05
leaf_weight=4864 10019 7956 6061 7160 7285 5989 8037 3978 9878 3937 4836
leaf_count=4864 10019 7956 6061 7160 7285 5989 8037 3978 9878 3937 4836
internal_value=-7.73093e-10 -1.24122e-05 -7.26202e-06 -6.70882e-06 -6.42714e-06 -7.04649e-06 -8.17848e-06 -2.02801e-05 -2.02532e-05 -2.03477e-05 8.99502e-05
internal_weight=80000 70300 42488 26495 14445 12050 15993 27812 19897 7915 9700
internal_count=80000 70300 42488 26495 14445 12050 15993 27812 19897 7915 9700
is_linear=0
shrinkage=0.05


Tree=205
num_leaves=12
num_cat=0
split_feature=2 3 2 2 2 2 2 2 2 2 2
split_gain=0.0322411 0.00102824 7.7952e-06 9.18708e-07 8.88427e-08 5.75502e-08 3.11395e-08 1.90924e-08 3.41633e-08 1.22221e-08 4.0181e-09
threshold=12425.000000000002 1.0000000180025095e-35 17850.000000000004 29925.000000000004 40075.000000000007 19425.000000000004 16275.000000000002 19425.000000000004 15225 19775.000000000004 9625.0000000000018
decision_type=2 2 2 2 2 2 2 2 2 2 2
left_child=10 7 6 5 -5 -4 -3 8 -2 -9 -1
right_child=1 2 3 4 -6 -7 -8 9 -10 -11 -12
leaf_value=8.541918163796494e-05 -1.9304340865554302e-05 -7.7005402408689936e-06 -6.5865248614830585e-06 -5.9787923855155543e-06 -6.2268019728803614e-06 -6.8050682346088829e-06 -7.8400794297136451e-06 -1.9392909002266762e-05 -1.9173302998271131e-05 -1.926864275407126e-05 8.548354313601382e-05
leaf_weight=4864 10019 7956 6061 7160 7285 5989 8037 3978 9878 3937 4836
leaf_count=4864 10019 7956 6061 7160 7285 5989 8037 3978 9878 3937 4836
internal_value=-6.93823e-10 -1.17914e-05 -6.89896e-06 -6.37278e-06 -6.10387e-06 -6.69514e-06 -7.77066e-06 -1.92654e-05 -1.92393e-05 -1.93311e-05 8.54513e-05
internal_weight=80000 70300 42488 26495 14445 12050 15993 27812 19897 7915 9700
internal_count=80000 70300 42488 26495 14445 12050 15993 27812 19897 7915 9700
is_linear=0
shrinkage=0.05


Tree=206
num_leaves=12
num_cat=0
split_feature=2 3 2 2 2 2 2 2 2 2 2
split_gain=0.0290968 0.000928008 7.05213e-06 8.30941e-07 7.96231e-08 5.08438e-08 3.18625e-08 1.6705e-08 2.95564e-08 1.12634e-08 3.74694e-09
threshold=12425.000000000002 1.0000000180025095e-35 17850.000000000004 29925.000000000004 40075.000000000007 19425.000000000004 16275.000000000002 19425.000000000004 15225 19775.000000000004 9625.0000000000018
decision_type=2 2 2 2 2 2 2 2 2 2 2
left_child=10 7 6 5 -5 -4 -3 8 -2 -9 -1
right_child=1 2 3 4 -6 -7 -8 9 -10 -11 -12
leaf_value=8.1147704383367552e-05 -1.833702717364494e-05 -7.3108611108659619e-06 -6.2566896887627341e-06 -5.6780520072967783e-06 -5.9128405663949312e-06 -6.462105140289814e-06 -7.4520109822927026e-06 -1.8421734788188409e-05 -1.821514423945091e-05 -1.8302441669270471e-05 8.1209856305214387e-05
leaf_weight=4864 10019 7956 6061 7160 7285 5989 8037 3978 9878 3937 4836
leaf_count=4864 10019 7956 6061 7160 7285 5989 8037 3978 9878 3937 4836
internal_value=4.59903e-10 -1.12005e-05 -6.55268e-06 -6.05221e-06 -5.79646e-06 -6.35878e-06 -7.38179e-06 -1.8301e-05 -1.82765e-05 -1.83624e-05 8.11787e-05
internal_weight=80000 70300 42488 26495 14445 12050 15993 27812 19897 7915 9700
internal_count=80000 70300 42488 26495 14445 12050 15993 27812 19897 7915 9700
is_linear=0
shrinkage=0.05


Tree=207
num_leaves=12
num_cat=0
split_feature=2 3 2 2 2 2 2 2 2 2 2
split_gain=0.0262613 0.000837744 6.32407e-06 7.54384e-07 7.51258e-08 4.54581e-08 2.76727e-08 1.34583e-08 2.70372e-08 1.10639e-08 3.65656e-09
threshold=12425.000000000002 1.0000000180025095e-35 17850.000000000004 29925.000000000004 40075.000000000007 19425.000000000004 16275.000000000002 19425.000000000004 15225 19775.000000000004 9625.0000000000018
decision_type=2 2 2 2 2 2 2 2 2 2 2
left_child=10 7 6 5 -5 -4 -3 8 -2 -9 -1
right_child=1 2 3 4 -6 -7 -8 9 -10 -11 -12
leaf_value=7.7090279071518656e-05 -1.7423938344307941e-05 -6.9447350646942162e-06 -5.9473326626138337e-06 -5.3930590186930164e-06 -5.6211205482449033e-06 -6.1415642842463505e-06 -7.0762775457537514e-06 -1.7501958030514919e-05 -1.7307365392628923e-05 -1.7383726402744131e-05 7.7151676815259674e-05
leaf_weight=4864 10019 7956 6061 7160 7285 5989 8037 3978 9878 3937 4836
leaf_count=4864 10019 7956 6061 7160 7285 5989 8037 3978 9878 3937 4836
internal_value=-4.95242e-10 -1.06417e-05 -6.22569e-06 -5.75176e-06 -5.50808e-06 -6.04387e-06 -7.01084e-06 -1.7388e-05 -1.73661e-05 -1.74431e-05 7.71209e-05
internal_weight=80000 70300 42488 26495 14445 12050 15993 27812 19897 7915 9700
internal_count=80000 70300 42488 26495 14445 12050 15993 27812 19897 7915 9700
is_linear=0
shrinkage=0.05


Tree=208
num_leaves=12
num_cat=0
split_feature=2 3 2 2 2 2 2 2 2 2 2
split_gain=0.0237022 0.000755746 5.74335e-06 6.63653e-07 6.32008e-08 3.97409e-08 2.29092e-08 1.43064e-08 2.58097e-08 8.82526e-09 2.72256e-09
threshold=12425.000000000002 1.0000000180025095e-35 17850.000000000004 29925.000000000004 40075.000000000007 19425.000000000004 16275.000000000002 19425.000000000004 15225 19775.000000000004 9625.0000000000018
decision_type=2 2 2 2 2 2 2 2 2 2 2
left_child=10 7 6 5 -5 -4 -3 8 -2 -9 -1
right_child=1 2 3 4 -6 -7 -8 9 -10 -11 -12
leaf_value=7.3240382559896193e-05 -1.6551582906666628e-05 -6.6037803475288697e-06 -5.6477655936140095e-06 -5.1299923551743646e-06 -5.3391716715543525e-06 -5.8293727228382547e-06 -6.7234670805805209e-06 -1.6627037800283559e-05 -1.6437686943318688e-05 -1.6521442636634834e-05 7.3293361713554391e-05
leaf_weight=4864 10019 7956 6061 7160 7285 5989 8037 3978 9878 3937 4836
leaf_count=4864 10019 7956 6061 7160 7285 5989 8037 3978 9878 3937 4836
internal_value=-5.89394e-10 -1.011e-05 -5.91569e-06 -5.46404e-06 -5.23549e-06 -5.73803e-06 -6.66393e-06 -1.65177e-05 -1.6495e-05 -1.65745e-05 7.32668e-05
internal_weight=80000 70300 42488 26495 14445 12050 15993 27812 19897 7915 9700
internal_count=80000 70300 42488 26495 14445 12050 15993 27812 19897 7915 9700
is_linear=0
shrinkage=0.05


Tree=209
num_leaves=12
num_cat=0
split_feature=2 3 2 2 2 2 2 2 2 2 2
split_gain=0.0213903 0.000681743 5.18198e-06 6.01261e-07 6.25897e-08 3.64138e-08 2.22461e-08 1.2509e-08 2.08642e-08 7.74442e-09 3.21354e-09
threshold=12425.000000000002 1.0000000180025095e-35 17850.000000000004 29925.000000000004 40075.000000000007 19425.000000000004 16275.000000000002 19425.000000000004 15225 19775.000000000004 9625.0000000000018
decision_type=2 2 2 2 2 2 2 2 2 2 2
left_child=10 7 6 5 -5 -4 -3 8 -2 -9 -1
right_child=1 2 3 4 -6 -7 -8 9 -10 -11 -12
leaf_value=6.9574182606103071e-05 -1.5718893229155284e-05 -6.2711376797693439e-06 -5.3650583851221394e-06 -4.8681413045923064e-06 -5.076306864838823e-06 -5.5388973837372837e-06 -6.3890795501177775e-06 -1.579157183980258e-05 -1.5616488990975527e-05 -1.5692653943029801e-05 6.9631740906891297e-05
leaf_weight=4864 10019 7956 6061 7160 7285 5989 8037 3978 9878 3937 4836
leaf_count=4864 10019 7956 6061 7160 7285 5989 8037 3978 9878 3937 4836
internal_value=3.84201e-10 -9.60337e-06 -5.61968e-06 -5.19067e-06 -4.97312e-06 -5.45146e-06 -6.33041e-06 -1.56892e-05 -1.56681e-05 -1.57424e-05 6.96029e-05
internal_weight=80000 70300 42488 26495 14445 12050 15993 27812 19897 7915 9700
internal_count=80000 70300 42488 26495 14445 12050 15993 27812 19897 7915 9700
is_linear=0
shrinkage=0.05


Tree=210
num_leaves=12
num_cat=0
split_feature=2 3 2 2 2 2 2 2 2 2 2
split_gain=0.0193046 0.000615786 4.68199e-06 5.51101e-07 5.22697e-08 3.50989e-08 2.04597e-08 1.00505e-08 1.75022e-08 8.21821e-09 3.13632e-09
threshold=12425.000000000002 1.0000000180025095e-35 17850.000000000004 29925.000000000004 40075.000000000007 19425.000000000004 16275.000000000002 19425.000000000004 15225 19775.000000000004 9625.0000000000018
decision_type=2 2 2 2 2 2 2 2 2 2 2
left_child=10 7 6 5 -5 -4 -3 8 -2 -9 -1
right_child=1 2 3 4 -6 -7 -8 9 -10 -11 -12
leaf_value=6.6093747701463724e-05 -1.4935275408775514e-05 -5.9563701621202569e-06 -5.0946992308273552e-06 -4.6256392190685532e-06 -4.8158706701025067e-06 -5.2653708039024235e-06 -6.0694773456482e-06 -1.5006010612114574e-05 -1.4841483789790756e-05 -1.4904111832140665e-05 6.6150610268345564e-05
leaf_weight=4864 10019 7956 6061 7160 7285 5989 8037 3978 9878 3937 4836
leaf_count=4864 10019 7956 6061 7160 7285 5989 8037 3978 9878 3937 4836
internal_value=-1.68781e-10 -9.12372e-06 -5.33764e-06 -4.92985e-06 -4.72158e-06 -5.17953e-06 -6.01321e-06 -1.49077e-05 -1.48887e-05 -1.49553e-05 6.61221e-05
internal_weight=80000 70300 42488 26495 14445 12050 15993 27812 19897 7915 9700
internal_count=80000 70300 42488 26495 14445 12050 15993 27812 19897 7915 9700
is_linear=0
shrinkage=0.05


Tree=211
num_leaves=12
num_cat=0
split_feature=2 3 2 2 2 2 2 2 2 2 2
split_gain=0.0174199 0.000555569 4.20101e-06 4.9648e-07 4.93704e-08 2.98741e-08 1.71479e-08 9.5616e-09 1.85324e-08 6.60775e-09 2.19551e-09
threshold=12425.000000000002 1.0000000180025095e-35 17850.000000000004 29925.000000000004 40075.000000000007 19425.000000000004 16275.000000000002 19425.000000000004 15225 19775.000000000004 9625.0000000000018
decision_type=2 2 2 2 2 2 2 2 2 2 2
left_child=10 7 6 5 -5 -4 -3 8 -2 -9 -1
right_child=1 2 3 4 -6 -7 -8 9 -10 -11 -12
leaf_value=6.2789513746888819e-05 -1.4188354016788366e-05 -5.6567439644170513e-06 -4.8412958447498913e-06 -4.3916527647525074e-06 -4.576533213759566e-06 -4.998752830985802e-06 -5.7602930827122156e-06 -1.4250861403163355e-05 -1.4091841640505915e-05 -1.4159490660344865e-05 6.283708928509964e-05
leaf_weight=4864 10019 7956 6061 7160 7285 5989 8037 3978 9878 3937 4836
leaf_count=4864 10019 7956 6061 7160 7285 5989 8037 3978 9878 3937 4836
internal_value=1.68441e-09 -8.66506e-06 -5.06885e-06 -4.68258e-06 -4.48489e-06 -4.91955e-06 -5.70878e-06 -1.41589e-05 -1.41404e-05 -1.42054e-05 6.28132e-05
internal_weight=80000 70300 42488 26495 14445 12050 15993 27812 19897 7915 9700
internal_count=80000 70300 42488 26495 14445 12050 15993 27812 19897 7915 9700
is_linear=0
shrinkage=0.05


Tree=212
num_leaves=12
num_cat=0
split_feature=2 3 2 2 2 2 2 2 2 2 2
split_gain=0.0157241 0.000501237 3.76307e-06 4.45533e-07 4.11948e-08 2.9148e-08 1.66739e-08 8.85423e-09 1.56711e-08 5.17377e-09 1.9496e-09
threshold=12425.000000000002 1.0000000180025095e-35 17850.000000000004 29925.000000000004 40075.000000000007 19425.000000000004 16275.000000000002 19425.000000000004 15225 19775.000000000004 9625.0000000000018
decision_type=2 2 2 2 2 2 2 2 2 2 2
left_child=10 7 6 5 -5 -4 -3 8 -2 -9 -1
right_child=1 2 3 4 -6 -7 -8 9 -10 -11 -12
leaf_value=5.9654517798136164e-05 -1.347785722489886e-05 -5.3717786020262928e-06 -4.5990356930384512e-06 -4.1794103756286825e-06 -4.348290658539306e-06 -4.7545673577654546e-06 -5.473886503024182e-06 -1.3536536084151371e-05 -1.3389107421135101e-05 -1.3455685375306583e-05 5.9699349881845432e-05
leaf_weight=4864 10019 7956 6061 7160 7285 5989 8037 3978 9878 3937 4836
leaf_count=4864 10019 7956 6061 7160 7285 5989 8037 3978 9878 3937 4836
internal_value=8.34634e-10 -8.23327e-06 -4.81744e-06 -4.45185e-06 -4.26458e-06 -4.67634e-06 -5.42309e-06 -1.34516e-05 -1.34338e-05 -1.34963e-05 5.96769e-05
internal_weight=80000 70300 42488 26495 14445 12050 15993 27812 19897 7915 9700
internal_count=80000 70300 42488 26495 14445 12050 15993 27812 19897 7915 9700
is_linear=0
shrinkage=0.05


Tree=213
num_leaves=12
num_cat=0
split_feature=2 3 2 2 2 2 2 2 2 2 2
split_gain=0.0141902 0.000452491 3.401e-06 4.06039e-07 3.66214e-08 2.47234e-08 1.54212e-08 8.11176e-09 1.42009e-08 4.98224e-09 2.12272e-09
threshold=12425.000000000002 1.0000000180025095e-35 17850.000000000004 29925.000000000004 40075.000000000007 19425.000000000004 16275.000000000002 19425.000000000004 15225 19775.000000000004 9625.0000000000018
decision_type=2 2 2 2 2 2 2 2 2 2 2
left_child=10 7 6 5 -5 -4 -3 8 -2 -9 -1
right_child=1 2 3 4 -6 -7 -8 9 -10 -11 -12
leaf_value=5.6666850400688422e-05 -1.2805697216786841e-05 -5.1036358501610506e-06 -4.3727628962722092e-06 -3.9705694568546375e-06 -4.1297995015149762e-06 -4.5160042270475319e-06 -5.2018331974075947e-06 -1.286306349479438e-05 -1.2721212961442096e-05 -1.2783723441295608e-05 5.6713630574427212e-05
leaf_weight=4864 10019 7956 6061 7160 7285 5989 8037 3978 9878 3937 4836
leaf_count=4864 10019 7956 6061 7160 7285 5989 8037 3978 9878 3937 4836
internal_value=-5.09027e-10 -7.82269e-06 -4.5772e-06 -4.22965e-06 -4.05087e-06 -4.44396e-06 -5.15298e-06 -1.27808e-05 -1.27638e-05 -1.28236e-05 5.66902e-05
internal_weight=80000 70300 42488 26495 14445 12050 15993 27812 19897 7915 9700
internal_count=80000 70300 42488 26495 14445 12050 15993 27812 19897 7915 9700
is_linear=0
shrinkage=0.05


Tree=214
num_leaves=12
num_cat=0
split_feature=2 3 2 2 2 2 2 2 2 2 2
split_gain=0.0128062 0.000408505 3.0917e-06 3.64531e-07 3.52904e-08 2.54779e-08 1.47039e-08 6.68396e-09 1.4159e-08 5.50625e-09 1.2653e-09
threshold=12425.000000000002 1.0000000180025095e-35 17850.000000000004 29925.000000000004 40075.000000000007 19425.000000000004 16275.000000000002 19425.000000000004 15225 19775.000000000004 9625.0000000000018
decision_type=2 2 2 2 2 2 2 2 2 2 2
left_child=10 7 6 5 -5 -4 -3 8 -2 -9 -1
right_child=1 2 3 4 -6 -7 -8 9 -10 -11 -12
leaf_value=5.3837376891638802e-05 -1.2168008788226765e-05 -4.8477159453343823e-06 -4.1463403931667239e-06 -3.7673312372185921e-06 -3.9236409196616698e-06 -4.2917509336812313e-06 -4.9436023680515721e-06 -1.2221939066372173e-05 -1.2083649459949485e-05 -1.213853091669132e-05 5.3873493942194076e-05
leaf_weight=4864 10019 7956 6061 7160 7285 5989 8037 3978 9878 3937 4836
leaf_count=4864 10019 7956 6061 7160 7285 5989 8037 3978 9878 3937 4836
internal_value=2.89214e-10 -7.43064e-06 -4.34693e-06 -4.01555e-06 -3.84616e-06 -4.21861e-06 -4.8959e-06 -1.21416e-05 -1.21261e-05 -1.21805e-05 5.38554e-05
internal_weight=80000 70300 42488 26495 14445 12050 15993 27812 19897 7915 9700
internal_count=80000 70300 42488 26495 14445 12050 15993 27812 19897 7915 9700
is_linear=0
shrinkage=0.05


Tree=215
num_leaves=12
num_cat=0
split_feature=2 3 2 2 2 2 2 2 2 2 2
split_gain=0.0115574 0.00036869 2.77954e-06 3.29704e-07 3.20447e-08 1.9971e-08 1.16397e-08 6.03015e-09 1.37581e-08 4.18443e-09 1.83458e-09
threshold=12425.000000000002 1.0000000180025095e-35 17850.000000000004 29925.000000000004 40075.000000000007 19425.000000000004 16275.000000000002 19425.000000000004 15225 19775.000000000004 9625.0000000000018
decision_type=2 2 2 2 2 2 2 2 2 2 2
left_child=10 7 6 5 -5 -4 -3 8 -2 -9 -1
right_child=1 2 3 4 -6 -7 -8 9 -10 -11 -12
leaf_value=5.1139966402795258e-05 -1.1561736642394287e-05 -4.6077160061206139e-06 -3.9449944125537266e-06 -3.5796503864187104e-06 -3.7285987501973567e-06 -4.0737344658054814e-06 -4.6930281542780649e-06 -1.1608217884696293e-05 -1.1478580202784098e-05 -1.1535507153068189e-05 5.1183455919876174e-05
leaf_weight=4864 10019 7956 6061 7160 7285 5989 8037 3978 9878 3937 4836
leaf_count=4864 10019 7956 6061 7160 7285 5989 8037 3978 9878 3937 4836
internal_value=-3.18112e-10 -7.05965e-06 -4.13006e-06 -3.81587e-06 -3.65477e-06 -4.00898e-06 -4.65059e-06 -1.15351e-05 -1.15205e-05 -1.15721e-05 5.11616e-05
internal_weight=80000 70300 42488 26495 14445 12050 15993 27812 19897 7915 9700
internal_count=80000 70300 42488 26495 14445 12050 15993 27812 19897 7915 9700
is_linear=0
shrinkage=0.05


Tree=216
num_leaves=12
num_cat=0
split_feature=2 3 2 2 2 2 2 2 2 2 2
split_gain=0.0104315 0.000332956 2.50176e-06 2.92704e-07 2.80218e-08 1.85264e-08 1.09572e-08 5.54184e-09 1.23647e-08 4.0934e-09 1.14653e-09
threshold=12425.000000000002 1.0000000180025095e-35 17850.000000000004 29925.000000000004 40075.000000000007 19425.000000000004 16275.000000000002 19425.000000000004 15225 19775.000000000004 9625.0000000000018
decision_type=2 2 2 2 2 2 2 2 2 2 2
left_child=10 7 6 5 -5 -4 -3 8 -2 -9 -1
right_child=1 2 3 4 -6 -7 -8 9 -10 -11 -12
leaf_value=4.8588675795862836e-05 -1.0984891109674767e-05 -4.374999050333306e-06 -3.7450075736203284e-06 -3.4026453397028651e-06 -3.5419307429248861e-06 -3.8690040986904106e-06 -4.4577724094175501e-06 -1.1030989857388182e-05 -1.0906057970175578e-05 -1.095907439946774e-05 4.8623056045245781e-05
leaf_weight=4864 10019 7956 6061 7160 7285 5989 8037 3978 9878 3937 4836
leaf_count=4864 10019 7956 6061 7160 7285 5989 8037 3978 9878 3937 4836
internal_value=-1.10899e-10 -6.70676e-06 -3.92277e-06 -3.62468e-06 -3.47289e-06 -3.80664e-06 -4.4166e-06 -1.09598e-05 -1.09458e-05 -1.09952e-05 4.86058e-05
internal_weight=80000 70300 42488 26495 14445 12050 15993 27812 19897 7915 9700
internal_count=80000 70300 42488 26495 14445 12050 15993 27812 19897 7915 9700
is_linear=0
shrinkage=0.05


Tree=217
num_leaves=12
num_cat=0
split_feature=2 3 2 2 2 2 2 2 2 2 2
split_gain=0.00941445 0.000300231 2.26295e-06 2.71933e-07 2.69087e-08 1.58619e-08 8.9712e-09 5.77008e-09 7.79841e-09 3.22571e-09 9.70741e-10
threshold=12425.000000000002 1.0000000180025095e-35 17850.000000000004 29925.000000000004 40075.000000000007 19425.000000000004 16275.000000000002 19425.000000000004 15225 19775.000000000004 9625.0000000000018
decision_type=2 2 2 2 2 2 2 2 2 2 2
left_child=10 7 6 5 -5 -4 -3 8 -2 -9 -1
right_child=1 2 3 4 -6 -7 -8 9 -10 -11 -12
leaf_value=4.6160250273810802e-05 -1.042648007330444e-05 -4.1594930653678972e-06 -3.5623173005477879e-06 -3.2288209152604356e-06 -3.3653117647597806e-06 -3.6770513346227469e-06 -4.2343903096554756e-06 -1.0477626113596341e-05 -1.0363873463778074e-05 -1.0413786088032963e-05 4.619188526264185e-05
leaf_weight=4864 10019 7956 6061 7160 7285 5989 8037 3978 9878 3937 4836
leaf_count=4864 10019 7956 6061 7160 7285 5989 8037 3978 9878 3937 4836
internal_value=2.33184e-10 -6.37111e-06 -3.72746e-06 -3.44396e-06 -3.29766e-06 -3.61934e-06 -4.19713e-06 -1.04098e-05 -1.03954e-05 -1.04459e-05 4.6176e-05
internal_weight=80000 70300 42488 26495 14445 12050 15993 27812 19897 7915 9700
internal_count=80000 70300 42488 26495 14445 12050 15993 27812 19897 7915 9700
is_linear=0
shrinkage=0.05


Tree=218
num_leaves=12
num_cat=0
split_feature=2 3 2 2 2 2 2 2 2 2 2
split_gain=0.0084956 0.000271188 2.04564e-06 2.38635e-07 2.26842e-08 1.45968e-08 9.872e-09 5.16858e-09 9.02341e-09 2.9451e-09 1.68636e-09
threshold=12425.000000000002 1.0000000180025095e-35 17850.000000000004 29925.000000000004 40075.000000000007 19425.000000000004 16275.000000000002 19425.000000000004 15225 19775.000000000004 9625.0000000000018
decision_type=2 2 2 2 2 2 2 2 2 2 2
left_child=10 7 6 5 -5 -4 -3 8 -2 -9 -1
right_child=1 2 3 4 -6 -7 -8 9 -10 -11 -12
leaf_value=4.3844787586223041e-05 -9.9096299389246922e-06 -3.9459758031458925e-06 -3.3789531463118558e-06 -3.0691071021449935e-06 -3.1944268406496635e-06 -3.4890164709656978e-06 -4.024543346574349e-06 -9.9543080479164174e-06 -9.8422854090899368e-06 -9.8933079485911132e-06 4.3886483327629675e-05
leaf_weight=4864 10019 7956 6061 7160 7285 5989 8037 3978 9878 3937 4836
leaf_count=4864 10019 7956 6061 7160 7285 5989 8037 3978 9878 3937 4836
internal_value=1.00015e-09 -6.05144e-06 -3.53891e-06 -3.26936e-06 -3.13231e-06 -3.43366e-06 -3.98546e-06 -9.88979e-06 -9.8762e-06 -9.92397e-06 4.38656e-05
internal_weight=80000 70300 42488 26495 14445 12050 15993 27812 19897 7915 9700
internal_count=80000 70300 42488 26495 14445 12050 15993 27812 19897 7915 9700
is_linear=0
shrinkage=0.05


Tree=219
num_leaves=12
num_cat=0
split_feature=2 3 2 2 2 2 2 2 2 2 2
split_gain=0.00766859 0.000244695 1.86158e-06 2.22601e-07 2.09143e-08 1.24108e-08 9.492e-09 4.41897e-09 8.73284e-09 2.77197e-09 8.91946e-10
threshold=12425.000000000002 1.0000000180025095e-35 17850.000000000004 29925.000000000004 40075.000000000007 19425.000000000004 16275.000000000002 19425.000000000004 15225 19775.000000000004 9625.0000000000018
decision_type=2 2 2 2 2 2 2 2 2 2 2
left_child=10 7 6 5 -5 -4 -3 8 -2 -9 -1
right_child=1 2 3 4 -6 -7 -8 9 -10 -11 -12
leaf_value=4.1659982219387437e-05 -9.4164800962414817e-06 -3.750744388239369e-06 -3.2145768765526374e-06 -2.9132839236356444e-06 -3.0336155187080994e-06 -3.3160648878233339e-06 -3.8277849666723289e-06 -9.4571958554760204e-06 -9.3502287156495234e-06 -9.3980158500528076e-06 4.1690306124455363e-05
leaf_weight=4864 10019 7956 6061 7160 7285 5989 8037 3978 9878 3937 4836
leaf_count=4864 10019 7956 6061 7160 7285 5989 8037 3978 9878 3937 4836
internal_value=1.89899e-10 -5.75012e-06 -3.36347e-06 -3.10634e-06 -2.97397e-06 -3.26502e-06 -3.78946e-06 -9.39616e-06 -9.38359e-06 -9.42776e-06 4.16751e-05
internal_weight=80000 70300 42488 26495 14445 12050 15993 27812 19897 7915 9700
internal_count=80000 70300 42488 26495 14445 12050 15993 27812 19897 7915 9700
is_linear=0
shrinkage=0.05


Tree=220
num_leaves=12
num_cat=0
split_feature=2 3 2 2 2 2 2 2 2 2 2
split_gain=0.0069214 0.000220743 1.67374e-06 1.93827e-07 2.01682e-08 1.30725e-08 8.4997e-09 3.73642e-09 6.26513e-09 2.67633e-09 1.00465e-09
threshold=12425.000000000002 1.0000000180025095e-35 17850.000000000004 29925.000000000004 40075.000000000007 19425.000000000004 16275.000000000002 19425.000000000004 15225 19775.000000000004 9625.0000000000018
decision_type=2 2 2 2 2 2 2 2 2 2 2
left_child=10 7 6 5 -5 -4 -3 8 -2 -9 -1
right_child=1 2 3 4 -6 -7 -8 9 -10 -11 -12
leaf_value=3.9576605649926934e-05 -8.9422163406154763e-06 -3.5633679128278249e-06 -3.0485652183352943e-06 -2.769153532975317e-06 -2.8873190967965037e-06 -3.1527232573180896e-06 -3.6362704089847953e-06 -8.9838976689165795e-06 -8.8861009356265774e-06 -8.9257475652121398e-06 3.9608788385425334e-05
leaf_weight=4864 10019 7956 6061 7160 7285 5989 8037 3978 9878 3937 4836
leaf_count=4864 10019 7956 6061 7160 7285 5989 8037 3978 9878 3937 4836
internal_value=7.49272e-11 -5.46291e-06 -3.19608e-06 -2.95227e-06 -2.82875e-06 -3.10033e-06 -3.6e-06 -8.92592e-06 -8.91436e-06 -8.95497e-06 3.95927e-05
internal_weight=80000 70300 42488 26495 14445 12050 15993 27812 19897 7915 9700
internal_count=80000 70300 42488 26495 14445 12050 15993 27812 19897 7915 9700
is_linear=0
shrinkage=0.05


Tree=221
num_leaves=12
num_cat=0
split_feature=2 3 2 2 2 2 2 2 2 2 2
split_gain=0.00624519 0.000199074 1.49299e-06 1.73469e-07 1.70097e-08 1.0822e-08 6.71353e-09 3.05829e-09 6.45868e-09 2.0207e-09 8.49903e-10
threshold=12425.000000000002 1.0000000180025095e-35 17850.000000000004 29925.000000000004 40075.000000000007 19425.000000000004 16275.000000000002 19425.000000000004 15225 19775.000000000004 9625.0000000000018
decision_type=2 2 2 2 2 2 2 2 2 2 2
left_child=10 7 6 5 -5 -4 -3 8 -2 -9 -1
right_child=1 2 3 4 -6 -7 -8 9 -10 -11 -12
leaf_value=3.7593348025965452e-05 -8.4964541628150315e-06 -3.3862116164289604e-06 -2.8999816732757093e-06 -2.6354268089186547e-06 -2.7439458903827174e-06 -2.9947509263553652e-06 -3.4510028101591917e-06 -8.5300470247516833e-06 -8.439478572213083e-06 -8.4795191036163539e-06 3.7622948632035575e-05
leaf_weight=4864 10019 7956 6061 7160 7285 5989 8037 3978 9878 3937 4836
leaf_count=4864 10019 7956 6061 7160 7285 5989 8037 3978 9878 3937 4836
internal_value=-7.12202e-10 -5.18998e-06 -3.03728e-06 -2.80701e-06 -2.69016e-06 -2.94708e-06 -3.41877e-06 -8.47863e-06 -8.46817e-06 -8.50491e-06 3.76081e-05
internal_weight=80000 70300 42488 26495 14445 12050 15993 27812 19897 7915 9700
internal_count=80000 70300 42488 26495 14445 12050 15993 27812 19897 7915 9700
is_linear=0
shrinkage=0.05


Tree=222
num_leaves=12
num_cat=0
split_feature=2 3 2 2 2 2 2 2 2 2 2
split_gain=0.00563764 0.000179766 1.37044e-06 1.64578e-07 1.59181e-08 1.00831e-08 5.15785e-09 2.85266e-09 7.40001e-09 2.28587e-09 8.12217e-10
threshold=12425.000000000002 1.0000000180025095e-35 17850.000000000004 29925.000000000004 40075.000000000007 19425.000000000004 16275.000000000002 19425.000000000004 15225 19775.000000000004 9625.0000000000018
decision_type=2 2 2 2 2 2 2 2 2 2 2
left_child=10 7 6 5 -5 -4 -3 8 -2 -9 -1
right_child=1 2 3 4 -6 -7 -8 9 -10 -11 -12
leaf_value=3.5717545499305981e-05 -8.0763753429893675e-06 -3.2224234654992333e-06 -2.7558166289238318e-06 -2.4980816170026931e-06 -2.6030608379507697e-06 -2.8472933627442363e-06 -3.2792138836140421e-06 -8.1083183858099744e-06 -8.0153889137768633e-06 -8.0545773018948256e-06 3.5746482397497822e-05
leaf_weight=4864 10019 7956 6061 7160 7285 5989 8037 3978 9878 3937 4836
leaf_count=4864 10019 7956 6061 7160 7285 5989 8037 3978 9878 3937 4836
internal_value=-7.0622e-10 -4.9311e-06 -2.88547e-06 -2.66484e-06 -2.55103e-06 -2.80128e-06 -3.25096e-06 -8.0562e-06 -8.0461e-06 -8.08159e-06 3.5732e-05
internal_weight=80000 70300 42488 26495 14445 12050 15993 27812 19897 7915 9700
internal_count=80000 70300 42488 26495 14445 12050 15993 27812 19897 7915 9700
is_linear=0
shrinkage=0.05


Tree=223
num_leaves=12
num_cat=0
split_feature=2 3 2 2 2 2 2 2 2 2 2
split_gain=0.00508658 0.000162244 1.24662e-06 1.46837e-07 1.53761e-08 9.61668e-09 4.92017e-09 3.14812e-09 5.48811e-09 2.16502e-09 7.73786e-10
threshold=12425.000000000002 1.0000000180025095e-35 17850.000000000004 29925.000000000004 40075.000000000007 19425.000000000004 16275.000000000002 19425.000000000004 15225 19775.000000000004 9625.0000000000018
decision_type=2 2 2 2 2 2 2 2 2 2 2
left_child=10 7 6 5 -5 -4 -3 8 -2 -9 -1
right_child=1 2 3 4 -6 -7 -8 9 -10 -11 -12
leaf_value=3.3926302074561186e-05 -7.6686048220978057e-06 -3.0615812701924074e-06 -2.6149155284984769e-06 -2.370898588023971e-06 -2.474075058187814e-06 -2.7042516087887709e-06 -3.1170477603718729e-06 -7.7058272156489815e-06 -7.6160843769991803e-06 -7.6535260916602626e-06 3.3954546090037889e-05
leaf_weight=4864 10019 7956 6061 7160 7285 5989 8037 3978 9878 3937 4836
leaf_count=4864 10019 7956 6061 7160 7285 5989 8037 3978 9878 3937 4836
internal_value=-1.01397e-09 -4.68425e-06 -2.74086e-06 -2.53044e-06 -2.42293e-06 -2.65932e-06 -3.08945e-06 -7.65314e-06 -7.64253e-06 -7.67981e-06 3.39404e-05
internal_weight=80000 70300 42488 26495 14445 12050 15993 27812 19897 7915 9700
internal_count=80000 70300 42488 26495 14445 12050 15993 27812 19897 7915 9700
is_linear=0
shrinkage=0.05


Tree=224
num_leaves=12
num_cat=0
split_feature=2 3 2 2 2 2 2 2 2 2 2
split_gain=0.00459184 0.000146267 1.10845e-06 1.29096e-07 1.20657e-08 7.90939e-09 4.75817e-09 3.04364e-09 3.94688e-09 1.61633e-09 6.47307e-10
threshold=12425.000000000002 1.0000000180025095e-35 17850.000000000004 29925.000000000004 40075.000000000007 19425.000000000004 16275.000000000002 19425.000000000004 15225 19775.000000000004 9625.0000000000018
decision_type=2 2 2 2 2 2 2 2 2 2 2
left_child=10 7 6 5 -5 -4 -3 8 -2 -9 -1
right_child=1 2 3 4 -6 -7 -8 9 -10 -11 -12
leaf_value=3.2236553040906745e-05 -7.2793743858688913e-06 -2.904849591744756e-06 -2.4857075322817994e-06 -2.2582363258584211e-06 -2.349633730089199e-06 -2.5667262975889106e-06 -2.9593953048212195e-06 -7.3163981218808256e-06 -7.234835006915789e-06 -7.2712078683136488e-06 3.2262385812625788e-05
leaf_weight=4864 10019 7956 6061 7160 7285 5989 8037 3978 9878 3937 4836
leaf_count=4864 10019 7956 6061 7160 7285 5989 8037 3978 9878 3937 4836
internal_value=8.83352e-10 -4.44877e-06 -2.60355e-06 -2.40513e-06 -2.30433e-06 -2.52597e-06 -2.93226e-06 -7.26769e-06 -7.25726e-06 -7.29392e-06 3.22494e-05
internal_weight=80000 70300 42488 26495 14445 12050 15993 27812 19897 7915 9700
internal_count=80000 70300 42488 26495 14445 12050 15993 27812 19897 7915 9700
is_linear=0
shrinkage=0.05


Tree=225
num_leaves=12
num_cat=0
split_feature=2 3 2 2 2 2 2 2 2 2 2
split_gain=0.00414318 0.000132215 1.01418e-06 1.19278e-07 9.79532e-09 7.24833e-09 4.21289e-09 1.8909e-09 3.39887e-09 1.55558e-09 7.47747e-10
threshold=12425.000000000002 1.0000000180025095e-35 17850.000000000004 29925.000000000004 40075.000000000007 19425.000000000004 16275.000000000002 19425.000000000004 15225 19775.000000000004 9625.0000000000018
decision_type=2 2 2 2 2 2 2 2 2 2 2
left_child=10 7 6 5 -5 -4 -3 8 -2 -9 -1
right_child=1 2 3 4 -6 -7 -8 9 -10 -11 -12
leaf_value=3.0617996947656043e-05 -6.9198418834229682e-06 -2.7617313979499687e-06 -2.3609164228811593e-06 -2.1448835379193021e-06 -2.227234125984916e-06 -2.4384756059454107e-06 -2.8130566267672355e-06 -6.9502676393960347e-06 -6.8785100563974579e-06 -6.9059347043110541e-06 3.0645761658908221e-05
leaf_weight=4864 10019 7956 6061 7160 7285 5989 8037 3978 9878 3937 4836
leaf_count=4864 10019 7956 6061 7160 7285 5989 8037 3978 9878 3937 4836
internal_value=-7.62374e-10 -4.22745e-06 -2.4731e-06 -2.28331e-06 -2.18642e-06 -2.39946e-06 -2.78752e-06 -6.90755e-06 -6.89932e-06 -6.92822e-06 3.06318e-05
internal_weight=80000 70300 42488 26495 14445 12050 15993 27812 19897 7915 9700
internal_count=80000 70300 42488 26495 14445 12050 15993 27812 19897 7915 9700
is_linear=0
shrinkage=0.05


Tree=226
num_leaves=12
num_cat=0
split_feature=2 3 2 2 2 2 2 2 2 2 2
split_gain=0.00373959 0.000119261 9.02142e-07 1.01093e-07 1.13272e-08 6.87779e-09 4.0398e-09 1.79468e-09 3.46903e-09 1.39291e-09 5.93631e-10
threshold=12425.000000000002 1.0000000180025095e-35 17850.000000000004 29925.000000000004 40075.000000000007 19425.000000000004 16275.000000000002 19425.000000000004 15225 19775.000000000004 9625.0000000000018
decision_type=2 2 2 2 2 2 2 2 2 2 2
left_child=10 7 6 5 -5 -4 -3 8 -2 -9 -1
right_child=1 2 3 4 -6 -7 -8 9 -10 -11 -12
leaf_value=2.9090831577904235e-05 -6.5729150949727378e-06 -2.6198726514755833e-06 -2.2389663611278261e-06 -2.0357173258294328e-06 -2.1242735710959592e-06 -2.3145170786008576e-06 -2.6701323961969096e-06 -6.6012005724833199e-06 -6.5311588605457227e-06 -6.5592496075667683e-06 2.9115570119859049e-05
leaf_weight=4864 10019 7956 6061 7160 7285 5989 8037 3978 9878 3937 4836
leaf_count=4864 10019 7956 6061 7160 7285 5989 8037 3978 9878 3937 4836
internal_value=7.73612e-10 -4.01478e-06 -2.34858e-06 -2.16958e-06 -2.08038e-06 -2.27652e-06 -2.64513e-06 -6.5602e-06 -6.55218e-06 -6.58033e-06 2.91032e-05
internal_weight=80000 70300 42488 26495 14445 12050 15993 27812 19897 7915 9700
internal_count=80000 70300 42488 26495 14445 12050 15993 27812 19897 7915 9700
is_linear=0
shrinkage=0.05


Tree=227
num_leaves=12
num_cat=0
split_feature=2 3 2 2 2 2 2 2 2 2 2
split_gain=0.00337452 0.000107497 8.17676e-07 9.41079e-08 8.58541e-09 5.40428e-09 3.95548e-09 1.98659e-09 3.2829e-09 1.71098e-09 5.89562e-10
threshold=12425.000000000002 1.0000000180025095e-35 17850.000000000004 29925.000000000004 40075.000000000007 19425.000000000004 16275.000000000002 19425.000000000004 15225 19775.000000000004 9625.0000000000018
decision_type=2 2 2 2 2 2 2 2 2 2 2
left_child=10 7 6 5 -5 -4 -3 8 -2 -9 -1
right_child=1 2 3 4 -6 -7 -8 9 -10 -11 -12
leaf_value=2.7632251773244017e-05 -6.2437047170534072e-06 -2.4908010987564511e-06 -2.1329433602680272e-06 -1.9381064302957872e-06 -2.0152035227391227e-06 -2.1999138062575698e-06 -2.5405335584575448e-06 -6.2762809024871802e-06 -6.2030841347565904e-06 -6.2297862933265932e-06 2.7656905399096212e-05
leaf_weight=4864 10019 7956 6061 7160 7285 5989 8037 3978 9878 3937 4836
leaf_count=4864 10019 7956 6061 7160 7285 5989 8037 3978 9878 3937 4836
internal_value=-8.39057e-10 -3.81535e-06 -2.23347e-06 -2.06306e-06 -1.97699e-06 -2.16623e-06 -2.51579e-06 -6.23197e-06 -6.22354e-06 -6.25315e-06 2.76445e-05
internal_weight=80000 70300 42488 26495 14445 12050 15993 27812 19897 7915 9700
internal_count=80000 70300 42488 26495 14445 12050 15993 27812 19897 7915 9700
is_linear=0
shrinkage=0.05


Tree=228
num_leaves=12
num_cat=0
split_feature=2 3 2 2 2 2 2 2 2 2 2
split_gain=0.00304605 9.70854e-05 7.27854e-07 8.3662e-08 8.40195e-09 5.22679e-09 2.82447e-09 1.49176e-09 4.05493e-09 8.71808e-10 2.48027e-10
threshold=12425.000000000002 1.0000000180025095e-35 17850.000000000004 29925.000000000004 40075.000000000007 19425.000000000004 16275.000000000002 19425.000000000004 15225 19775.000000000004 9625.0000000000018
decision_type=2 2 2 2 2 2 2 2 2 2 2
left_child=10 7 6 5 -5 -4 -3 8 -2 -9 -1
right_child=1 2 3 4 -6 -7 -8 9 -10 -11 -12
leaf_value=2.6257939050896981e-05 -5.9353877283292166e-06 -2.3655954428191669e-06 -2.0241111300601717e-06 -1.8399523272128341e-06 -1.9162212201734841e-06 -2.0899726390480338e-06 -2.4076205480072489e-06 -5.9551471345526509e-06 -5.8902428192747203e-06 -5.9219584014640017e-06 2.6273929678984804e-05
leaf_weight=4864 10019 7956 6061 7160 7285 5989 8037 3978 9878 3937 4836
leaf_count=4864 10019 7956 6061 7160 7285 5989 8037 3978 9878 3937 4836
internal_value=4.38851e-10 -3.62367e-06 -2.12035e-06 -1.95957e-06 -1.87842e-06 -2.05685e-06 -2.38671e-06 -5.92028e-06 -5.91298e-06 -5.93864e-06 2.62659e-05
internal_weight=80000 70300 42488 26495 14445 12050 15993 27812 19897 7915 9700
internal_count=80000 70300 42488 26495 14445 12050 15993 27812 19897 7915 9700
is_linear=0
shrinkage=0.05


Tree=229
num_leaves=12
num_cat=0
split_feature=2 3 2 2 2 2 2 2 2 2 2
split_gain=0.00274948 8.75867e-05 6.70047e-07 7.56349e-08 7.56576e-09 5.876e-09 2.65192e-09 1.521e-09 2.8674e-09 1.19413e-09 5.43188e-10
threshold=12425.000000000002 1.0000000180025095e-35 17850.000000000004 29925.000000000004 40075.000000000007 19425.000000000004 16275.000000000002 19425.000000000004 15225 19775.000000000004 9625.0000000000018
decision_type=2 2 2 2 2 2 2 2 2 2 2
left_child=10 7 6 5 -5 -4 -3 8 -2 -9 -1
right_child=1 2 3 4 -6 -7 -8 9 -10 -11 -12
leaf_value=2.4941975291432376e-05 -5.636365904069992e-06 -2.2507444287903937e-06 -1.919159982316571e-06 -1.7477144402166955e-06 -1.8200886272569619e-06 -1.9889920761774233e-06 -2.2914656868135644e-06 -5.6627533165211225e-06 -5.5984028504634977e-06 -5.6239109409046675e-06 2.4965639450303085e-05
leaf_weight=4864 10019 7956 6061 7160 7285 5989 8037 3978 9878 3937 4836
leaf_count=4864 10019 7956 6061 7160 7285 5989 8037 3978 9878 3937 4836
internal_value=-3.55736e-10 -3.44353e-06 -2.01564e-06 -1.86137e-06 -1.78421e-06 -1.95387e-06 -2.27121e-06 -5.62489e-06 -5.61752e-06 -5.64343e-06 2.49538e-05
internal_weight=80000 70300 42488 26495 14445 12050 15993 27812 19897 7915 9700
internal_count=80000 70300 42488 26495 14445 12050 15993 27812 19897 7915 9700
is_linear=0
shrinkage=0.05


Tree=230
num_leaves=12
num_cat=0
split_feature=2 3 2 2 2 2 2 2 2 2 2
split_gain=0.00248096 7.92596e-05 5.92306e-07 6.8973e-08 7.77096e-09 4.60678e-09 2.25139e-09 1.29889e-09 3.41556e-09 8.36023e-10 2.39109e-10
threshold=12425.000000000002 1.0000000180025095e-35 17850.000000000004 29925.000000000004 40075.000000000007 19425.000000000004 16275.000000000002 19425.000000000004 15225 19775.000000000004 9625.0000000000018
decision_type=2 2 2 2 2 2 2 2 2 2 2
left_child=10 7 6 5 -5 -4 -3 8 -2 -9 -1
right_child=1 2 3 4 -6 -7 -8 9 -10 -11 -12
leaf_value=2.3697677593908771e-05 -5.3583190150688435e-06 -2.1325956164635518e-06 -1.8237195836611842e-06 -1.6554498549273718e-06 -1.7287989738512358e-06 -1.8855515053555791e-06 -2.1701158798792565e-06 -5.3778623986723307e-06 -5.3168858780987993e-06 -5.3453619438070964e-06 2.3713378100939069e-05
leaf_weight=4864 10019 7956 6061 7160 7285 5989 8037 3978 9878 3937 4836
leaf_count=4864 10019 7956 6061 7160 7285 5989 8037 3978 9878 3937 4836
internal_value=1.23464e-09 -3.26948e-06 -1.91117e-06 -1.76612e-06 -1.69244e-06 -1.85445e-06 -2.15145e-06 -5.34456e-06 -5.33775e-06 -5.3617e-06 2.37055e-05
internal_weight=80000 70300 42488 26495 14445 12050 15993 27812 19897 7915 9700
internal_count=80000 70300 42488 26495 14445 12050 15993 27812 19897 7915 9700
is_linear=0
shrinkage=0.05


Tree=231
num_leaves=12
num_cat=0
split_feature=2 3 2 2 2 2 2 2 2 2 2
split_gain=0.00223895 7.13498e-05 5.45969e-07 6.2671e-08 7.05953e-09 3.33945e-09 2.22034e-09 1.36635e-09 1.85622e-09 7.49825e-10 2.32451e-10
threshold=12425.000000000002 1.0000000180025095e-35 17850.000000000004 29925.000000000004 40075.000000000007 19425.000000000004 16275.000000000002 19425.000000000004 15225 19775.000000000004 9625.0000000000018
decision_type=2 2 2 2 2 2 2 2 2 2 2
left_child=10 7 6 5 -5 -4 -3 8 -2 -9 -1
right_child=1 2 3 4 -6 -7 -8 9 -10 -11 -12
leaf_value=2.251027849285349e-05 -5.0845996460489087e-06 -2.0308183905638492e-06 -1.7376255615562264e-06 -1.574102049779964e-06 -1.644013050765275e-06 -1.7902699322015979e-06 -2.0680790532707586e-06 -5.1093067848423289e-06 -5.0540552116638399e-06 -5.0785273626604745e-06 2.2525758884240149e-05
leaf_weight=4864 10019 7956 6061 7160 7285 5989 8037 3978 9878 3937 4836
leaf_count=4864 10019 7956 6061 7160 7285 5989 8037 3978 9878 3937 4836
internal_value=-5.02558e-10 -3.10761e-06 -1.81885e-06 -1.6796e-06 -1.60936e-06 -1.76379e-06 -2.04954e-06 -5.07643e-06 -5.06944e-06 -5.094e-06 2.2518e-05
internal_weight=80000 70300 42488 26495 14445 12050 15993 27812 19897 7915 9700
internal_count=80000 70300 42488 26495 14445 12050 15993 27812 19897 7915 9700
is_linear=0
shrinkage=0.05


Tree=232
num_leaves=12
num_cat=0
split_feature=2 3 2 2 2 2 2 2 2 2 2
split_gain=0.0020202 6.44512e-05 5.03619e-07 5.85102e-08 4.98437e-09 3.92509e-09 2.12474e-09 8.38509e-10 2.2883e-09 7.66386e-10 2.35051e-10
threshold=12425.000000000002 1.0000000180025095e-35 17850.000000000004 29925.000000000004 40075.000000000007 19425.000000000004 16275.000000000002 19425.000000000004 15225 19775.000000000004 9625.0000000000018
decision_type=2 2 2 2 2 2 2 2 2 2 2
left_child=10 7 6 5 -5 -4 -3 8 -2 -9 -1
right_child=1 2 3 4 -6 -7 -8 9 -10 -11 -12
leaf_value=2.138115849112709e-05 -4.8352114804524943e-06 -1.9310071585965269e-06 -1.646999950122566e-06 -1.4965243194663285e-06 -1.5552681999398664e-06 -1.7040740559165275e-06 -1.9674567865290995e-06 -4.8530936694637048e-06 -4.8012978791740641e-06 -4.821976208619363e-06 2.1396725196797693e-05
leaf_weight=4864 10019 7956 6061 7160 7285 5989 8037 3978 9878 3937 4836
leaf_count=4864 10019 7956 6061 7160 7285 5989 8037 3978 9878 3937 4836
internal_value=-1.21707e-09 -2.95263e-06 -1.72776e-06 -1.59401e-06 -1.52615e-06 -1.67537e-06 -1.94932e-06 -4.82385e-06 -4.81837e-06 -4.83762e-06 2.13889e-05
internal_weight=80000 70300 42488 26495 14445 12050 15993 27812 19897 7915 9700
internal_count=80000 70300 42488 26495 14445 12050 15993 27812 19897 7915 9700
is_linear=0
shrinkage=0.05


Tree=233
num_leaves=12
num_cat=0
split_feature=2 3 2 2 2 2 2 2 2 2 2
split_gain=0.0018239 5.81542e-05 4.47385e-07 5.46882e-08 4.87345e-09 3.72913e-09 1.30951e-09 1.12839e-09 3.14745e-09 6.63173e-10 2.23725e-10
threshold=12425.000000000002 1.0000000180025095e-35 17850.000000000004 29925.000000000004 40075.000000000007 19425.000000000004 16275.000000000002 15225 19425.000000000004 19775.000000000004 9625.0000000000018
decision_type=2 2 2 2 2 2 2 2 2 2 2
left_child=10 7 6 5 -5 -4 -3 -2 -9 -10 -1
right_child=1 2 3 4 -6 -7 -8 8 9 -11 -12
leaf_value=2.0316733858443943e-05 -4.5952876995475943e-06 -1.8353593128777981e-06 -1.5658543647729897e-06 -1.4199489449910487e-06 -1.478035519065434e-06 -1.6214855432887944e-06 -1.8639743422072662e-06 -4.5554848268463973e-06 -4.6121999215196053e-06 -4.5832535769146507e-06 2.0331920912873305e-05
leaf_weight=4864 10019 7956 6061 7160 7285 5989 8037 9878 3978 3937 4836
leaf_count=4864 10019 7956 6061 7160 7285 5989 8037 9878 3978 3937 4836
internal_value=-5.03511e-11 -2.80441e-06 -1.64091e-06 -1.51485e-06 -1.44924e-06 -1.5935e-06 -1.84974e-06 -4.58187e-06 -4.57431e-06 -4.5978e-06 2.03243e-05
internal_weight=80000 70300 42488 26495 14445 12050 15993 27812 17793 7915 9700
internal_count=80000 70300 42488 26495 14445 12050 15993 27812 17793 7915 9700
is_linear=0
shrinkage=0.05


Tree=234
num_leaves=12
num_cat=0
split_feature=2 3 2 2 2 2 2 2 2 2 2
split_gain=0.00164594 5.2447e-05 4.05885e-07 4.44823e-08 4.64645e-09 2.48959e-09 1.99596e-09 1.0956e-09 2.12921e-09 3.94387e-10 1.36004e-10
threshold=12425.000000000002 1.0000000180025095e-35 17850.000000000004 29925.000000000004 40075.000000000007 19425.000000000004 16275.000000000002 19425.000000000004 15225 19775.000000000004 9625.0000000000018
decision_type=2 2 2 2 2 2 2 2 2 2 2
left_child=10 7 6 5 -5 -4 -3 8 -2 -9 -1
right_child=1 2 3 4 -6 -7 -8 9 -10 -11 -12
leaf_value=1.9300559563960537e-05 -4.3629304788318753e-06 -1.7411826104599198e-06 -1.4883013882351134e-06 -1.3521839694644186e-06 -1.4089015776715924e-06 -1.5337560035065651e-06 -1.7765104202040284e-06 -4.3797865256846475e-06 -4.3302170436449467e-06 -4.3574640849853119e-06 1.931240063645385e-05
leaf_weight=4864 10019 7956 6061 7160 7285 5989 8037 3978 9878 3937 4836
leaf_count=4864 10019 7956 6061 7160 7285 5989 8037 3978 9878 3937 4836
internal_value=-9.24098e-10 -2.66496e-06 -1.56003e-06 -1.43996e-06 -1.38079e-06 -1.51089e-06 -1.75894e-06 -4.35295e-06 -4.34669e-06 -4.36868e-06 1.93065e-05
internal_weight=80000 70300 42488 26495 14445 12050 15993 27812 19897 7915 9700
internal_count=80000 70300 42488 26495 14445 12050 15993 27812 19897 7915 9700
is_linear=0
shrinkage=0.05


Tree=235
num_leaves=12
num_cat=0
split_feature=2 3 2 2 2 2 2 2 2 2 2
split_gain=0.00148489 4.73934e-05 3.64981e-07 4.43048e-08 4.59951e-09 1.87407e-09 1.86884e-09 7.43107e-10 1.09948e-09 8.07281e-10 1.5209e-10
threshold=12425.000000000002 1.0000000180025095e-35 17850.000000000004 29925.000000000004 40075.000000000007 16275.000000000002 19425.000000000004 19425.000000000004 15225 19775.000000000004 9625.0000000000018
decision_type=2 2 2 2 2 2 2 2 2 2 2
left_child=10 7 5 6 -5 -3 -4 8 -2 -9 -1
right_child=1 2 3 4 -6 -7 -8 9 -10 -11 -12
leaf_value=1.8332439678584038e-05 -4.1413112495511729e-06 -1.6512574858061528e-06 -1.4172017234456699e-06 -1.2784708892391973e-06 -1.3349012904557579e-06 -1.6854896067138874e-06 -1.4565839464991594e-06 -4.1636394999315893e-06 -4.1178035187173599e-06 -4.1317025946814199e-06 1.8344961479277335e-05
leaf_weight=4864 10019 7956 6061 7160 7285 8037 5989 3978 9878 3937 4836
leaf_count=4864 10019 7956 6061 7160 7285 8037 5989 3978 9878 3937 4836
internal_value=1.60698e-10 -2.53019e-06 -1.47984e-06 -1.36598e-06 -1.30693e-06 -1.66846e-06 -1.43678e-06 -4.1348e-06 -4.12964e-06 -4.14775e-06 1.83387e-05
internal_weight=80000 70300 42488 26495 14445 15993 12050 27812 19897 7915 9700
internal_count=80000 70300 42488 26495 14445 15993 12050 27812 19897 7915 9700
is_linear=0
shrinkage=0.05


Tree=236
num_leaves=12
num_cat=0
split_feature=2 3 2 2 2 2 2 2 2 2 2
split_gain=0.00134053 4.27403e-05 3.19797e-07 3.74619e-08 2.92426e-09 2.54756e-09 1.14916e-09 7.23211e-10 1.28618e-09 4.81225e-10 3.57239e-10
threshold=12425.000000000002 1.0000000180025095e-35 17850.000000000004 29925.000000000004 40075.000000000007 19425.000000000004 16275.000000000002 19425.000000000004 15225 9625.0000000000018 19775.000000000004
decision_type=2 2 2 2 2 2 2 2 2 2 2
left_child=9 7 6 5 -5 -4 -3 8 -2 -1 -9
right_child=1 2 3 4 -6 -7 -8 10 -10 -11 -12
leaf_value=1.7413349594694171e-05 -3.935384484810534e-06 -1.5696796391198636e-06 -1.3422578580103135e-06 -1.2230212877760772e-06 -1.2680164015933094e-06 -1.3882386473116821e-06 -1.5964855564994809e-06 -3.9511983919197619e-06 -3.909959117802521e-06 1.7435623172678694e-05 -3.9299532525919819e-06
leaf_weight=4864 10019 7956 6061 7160 7285 5989 8037 3978 9878 4836 3937
leaf_count=4864 10019 7956 6061 7160 7285 5989 8037 3978 9878 4836 3937
internal_value=1.58449e-10 -2.40405e-06 -1.40659e-06 -1.30002e-06 -1.24571e-06 -1.36511e-06 -1.58315e-06 -3.92785e-06 -3.92276e-06 1.74245e-05 -3.94063e-06
internal_weight=80000 70300 42488 26495 14445 12050 15993 27812 19897 9700 7915
internal_count=80000 70300 42488 26495 14445 12050 15993 27812 19897 9700 7915
is_linear=0
shrinkage=0.05


Tree=237
num_leaves=12
num_cat=0
split_feature=2 3 2 2 2 2 2 2 2 2 2
split_gain=0.00121015 3.86254e-05 2.87794e-07 3.61165e-08 3.16848e-09 2.27885e-09 8.97115e-10 4.23664e-10 1.11462e-09 5.32969e-10 1.40755e-10
threshold=12425.000000000002 1.0000000180025095e-35 17850.000000000004 29925.000000000004 40075.000000000007 19425.000000000004 16275.000000000002 15225 19425.000000000004 19775.000000000004 9625.0000000000018
decision_type=2 2 2 2 2 2 2 2 2 2 2
left_child=10 7 6 5 -5 -4 -3 -2 -9 -10 -1
right_child=1 2 3 4 -6 -7 -8 8 9 -11 -12
leaf_value=1.6548707457044849e-05 -3.7416930989341294e-06 -1.4922422865884958e-06 -1.2778514663155185e-06 -1.1586111709449505e-06 -1.2054475157057604e-06 -1.3213397370625551e-06 -1.5159268099622295e-06 -3.7176363306161242e-06 -3.7557264193112868e-06 -3.7297767814455078e-06 1.656075358326101e-05
leaf_weight=4864 10019 7956 6061 7160 7285 5989 8037 9878 3978 3937 4836
leaf_count=4864 10019 7956 6061 7160 7285 5989 8037 9878 3978 3937 4836
internal_value=-5.77678e-10 -2.28488e-06 -1.33665e-06 -1.23555e-06 -1.18223e-06 -1.29947e-06 -1.50414e-06 -3.73347e-06 -3.72884e-06 -3.74282e-06 1.65547e-05
internal_weight=80000 70300 42488 26495 14445 12050 15993 27812 17793 7915 9700
internal_count=80000 70300 42488 26495 14445 12050 15993 27812 17793 7915 9700
is_linear=0
shrinkage=0.05


Tree=238
num_leaves=12
num_cat=0
split_feature=2 3 2 2 2 2 2 2 2 2 2
split_gain=0.00109162 3.4856e-05 2.64964e-07 3.06321e-08 2.80738e-09 1.4506e-09 1.41688e-09 6.29006e-10 1.13495e-09 2.56126e-10 3.09648e-11
threshold=12425.000000000002 1.0000000180025095e-35 17850.000000000004 29925.000000000004 40075.000000000007 19425.000000000004 16275.000000000002 19425.000000000004 15225 19775.000000000004 9625.0000000000018
decision_type=2 2 2 2 2 2 2 2 2 2 2
left_child=10 7 6 5 -5 -4 -3 8 -2 -9 -1
right_child=1 2 3 4 -6 -7 -8 9 -10 -11 -12
leaf_value=1.5721140727308872e-05 -3.5524235526594791e-06 -1.4141979841511179e-06 -1.2130530794931559e-06 -1.1000973690338902e-06 -1.1441841111972279e-06 -1.2477497147785904e-06 -1.4439630550151017e-06 -3.5661786982015645e-06 -3.5285396146460093e-06 -3.5481896867492072e-06 1.5726790750342228e-05
leaf_weight=4864 10019 7956 6061 7160 7285 5989 8037 3978 9878 3937 4836
leaf_count=4864 10019 7956 6061 7160 7285 5989 8037 3978 9878 3937 4836
internal_value=3.32558e-10 -2.16921e-06 -1.26844e-06 -1.17143e-06 -1.12233e-06 -1.2303e-06 -1.42916e-06 -3.54531e-06 -3.54057e-06 -3.55723e-06 1.5724e-05
internal_weight=80000 70300 42488 26495 14445 12050 15993 27812 19897 7915 9700
internal_count=80000 70300 42488 26495 14445 12050 15993 27812 19897 7915 9700
is_linear=0
shrinkage=0.05


Tree=239
num_leaves=12
num_cat=0
split_feature=2 3 2 2 2 2 2 2 2 2 2
split_gain=0.000985068 3.13902e-05 2.3713e-07 2.96033e-08 3.71519e-09 2.005e-09 8.35484e-10 4.99118e-10 4.74181e-10 4.19952e-10 1.81321e-10
threshold=12425.000000000002 1.0000000180025095e-35 17850.000000000004 29925.000000000004 40075.000000000007 19425.000000000004 16275.000000000002 19425.000000000004 19775.000000000004 15225 9625.0000000000018
decision_type=2 2 2 2 2 2 2 2 2 2 2
left_child=10 7 6 5 -5 -4 -3 9 -9 -2 -1
right_child=1 2 3 4 -6 -7 -8 8 -10 -11 -12
leaf_value=1.4930226768085146e-05 -3.3693180036306629e-06 -1.3461750894304546e-06 -1.1514441858202027e-06 -1.0400027157472156e-06 -1.0907190982345045e-06 -1.1922358322965121e-06 -1.3690315864234421e-06 -3.3891248381418039e-06 -3.3646481571038247e-06 -3.3547896348588346e-06 1.4943899035051689e-05
leaf_weight=4864 10019 7956 6061 7160 7285 5989 8037 3978 3937 9878 4836
leaf_count=4864 10019 7956 6061 7160 7285 5989 8037 3978 3937 9878 4836
internal_value=5.04546e-10 -2.06044e-06 -1.20562e-06 -1.11385e-06 -1.06558e-06 -1.17172e-06 -1.35766e-06 -3.36633e-06 -3.37695e-06 -3.36211e-06 1.4937e-05
internal_weight=80000 70300 42488 26495 14445 12050 15993 27812 7915 19897 9700
internal_count=80000 70300 42488 26495 14445 12050 15993 27812 7915 19897 9700
is_linear=0
shrinkage=0.05


Tree=240
num_leaves=12
num_cat=0
split_feature=2 3 2 2 2 2 2 2 2 2 2
split_gain=0.000889027 2.84093e-05 2.16815e-07 2.60244e-08 2.30646e-09 1.98139e-09 1.41329e-09 6.79594e-10 8.1657e-10 4.2964e-10 1.36782e-10
threshold=12425.000000000002 1.0000000180025095e-35 17850.000000000004 29925.000000000004 40075.000000000007 19425.000000000004 16275.000000000002 19425.000000000004 15225 19775.000000000004 9625.0000000000018
decision_type=2 2 2 2 2 2 2 2 2 2 2
left_child=10 7 6 5 -5 -4 -3 8 -2 -9 -1
right_child=1 2 3 4 -6 -7 -8 9 -10 -11 -12
leaf_value=1.4184386119316179e-05 -3.2047970366944684e-06 -1.2745552018424633e-06 -1.090464002110594e-06 -9.909498829826423e-07 -1.0309103493148545e-06 -1.1310148320185221e-06 -1.3042825229382066e-06 -3.2236501879748023e-06 -3.1845382373438902e-06 -3.200351438138058e-06 1.4196261053188876e-05
leaf_weight=4864 10019 7956 6061 7160 7285 5989 8037 3978 9878 3937 4836
leaf_count=4864 10019 7956 6061 7160 7285 5989 8037 3978 9878 3937 4836
internal_value=5.69565e-10 -1.95733e-06 -1.14412e-06 -1.05636e-06 -1.0111e-06 -1.11062e-06 -1.28949e-06 -3.19967e-06 -3.19474e-06 -3.21206e-06 1.41903e-05
internal_weight=80000 70300 42488 26495 14445 12050 15993 27812 19897 7915 9700
internal_count=80000 70300 42488 26495 14445 12050 15993 27812 19897 7915 9700
is_linear=0
shrinkage=0.05


Tree=241
num_leaves=12
num_cat=0
split_feature=2 3 2 2 2 2 2 2 2 2 2
split_gain=0.00080251 2.55471e-05 1.98102e-07 2.39666e-08 2.48833e-09 1.34212e-09 7.73259e-10 3.79849e-10 8.38147e-10 4.28603e-10 3.60484e-11
threshold=12425.000000000002 1.0000000180025095e-35 17850.000000000004 29925.000000000004 40075.000000000007 19425.000000000004 16275.000000000002 19425.000000000004 15225 19775.000000000004 9625.0000000000018
decision_type=2 2 2 2 2 2 2 2 2 2 2
left_child=10 7 6 5 -5 -4 -3 8 -2 -9 -1
right_child=1 2 3 4 -6 -7 -8 9 -10 -11 -12
leaf_value=1.3479045523318316e-05 -3.0443240719795233e-06 -1.2164762821331854e-06 -1.0401613372191357e-06 -9.4031624843277993e-07 -9.8182227200136242e-07 -1.0735354851076054e-06 -1.238465161657586e-06 -3.0586595576274775e-06 -3.0237993568384321e-06 -3.035388929686129e-06 1.3485141717647785e-05
leaf_weight=4864 10019 7956 6061 7160 7285 5989 8037 3978 9878 3937 4836
leaf_count=4864 10019 7956 6061 7160 7285 5989 8037 3978 9878 3937 4836
internal_value=4.68558e-10 -1.85973e-06 -1.08856e-06 -1.00468e-06 -9.61249e-07 -1.05675e-06 -1.22753e-06 -3.03782e-06 -3.03413e-06 -3.04708e-06 1.34821e-05
internal_weight=80000 70300 42488 26495 14445 12050 15993 27812 19897 7915 9700
internal_count=80000 70300 42488 26495 14445 12050 15993 27812 19897 7915 9700
is_linear=0
shrinkage=0.05


Tree=242
num_leaves=12
num_cat=0
split_feature=2 3 2 2 2 2 2 2 2 2 2
split_gain=0.000724175 2.31101e-05 1.80471e-07 2.01824e-08 2.45124e-09 7.75055e-10 7.36684e-10 2.52668e-10 3.63025e-10 2.1979e-10 1.19245e-10
threshold=12425.000000000002 1.0000000180025095e-35 17850.000000000004 29925.000000000004 40075.000000000007 19425.000000000004 16275.000000000002 19425.000000000004 15225 19775.000000000004 9625.0000000000018
decision_type=2 2 2 2 2 2 2 2 2 2 2
left_child=10 7 6 5 -5 -4 -3 8 -2 -9 -1
right_child=1 2 3 4 -6 -7 -8 9 -10 -11 -12
leaf_value=1.2801329495759043e-05 -2.8911511955823856e-06 -1.1553461028443114e-06 -9.8860969207965789e-07 -8.9280218640069215e-07 -9.3399773459074874e-07 -1.0139715176611881e-06 -1.1768086537423514e-06 -2.9032959805519631e-06 -2.877643371613628e-06 -2.8866317903455978e-06 1.2812417056164038e-05
leaf_weight=4864 10019 7956 6061 7160 7285 5989 8037 3978 9878 3937 4836
leaf_count=4864 10019 7956 6061 7160 7285 5989 8037 3978 9878 3937 4836
internal_value=1.18863e-10 -1.76696e-06 -1.0335e-06 -9.53436e-07 -9.13578e-07 -1.00121e-06 -1.16613e-06 -2.88745e-06 -2.88445e-06 -2.89501e-06 1.28069e-05
internal_weight=80000 70300 42488 26495 14445 12050 15993 27812 19897 7915 9700
internal_count=80000 70300 42488 26495 14445 12050 15993 27812 19897 7915 9700
is_linear=0
shrinkage=0.05


Tree=243
num_leaves=12
num_cat=0
split_feature=2 3 2 2 2 2 2 2 2 2 2
split_gain=0.000653689 2.08743e-05 1.57396e-07 1.90899e-08 2.10096e-09 7.3187e-10 7.18801e-10 3.037e-10 5.18662e-10 1.8852e-10 1.15504e-10
threshold=12425.000000000002 1.0000000180025095e-35 17850.000000000004 29925.000000000004 40075.000000000007 16275.000000000002 19425.000000000004 19425.000000000004 15225 19775.000000000004 9625.0000000000018
decision_type=2 2 2 2 2 2 2 2 2 2 2
left_child=10 7 5 6 -5 -3 -4 8 -2 -9 -1
right_child=1 2 3 4 -6 -7 -8 9 -10 -11 -12
leaf_value=1.2163008336516981e-05 -2.7475938559956932e-06 -1.0939935536784086e-06 -9.4043927147647697e-07 -8.4811229707202333e-07 -8.862510114743943e-07 -1.1153858636722712e-06 -9.6486336931040122e-07 -2.7588343259711297e-06 -2.7314480699953861e-06 -2.743401031518686e-06 1.2173920584590475e-05
leaf_weight=4864 10019 7956 6061 7160 7285 8037 5989 3978 9878 3937 4836
leaf_count=4864 10019 7956 6061 7160 7285 8037 5989 3978 9878 3937 4836
internal_value=9.19901e-10 -1.67796e-06 -9.80878e-07 -9.0611e-07 -8.67347e-07 -1.10474e-06 -9.52578e-07 -2.74287e-06 -2.73958e-06 -2.75116e-06 1.21684e-05
internal_weight=80000 70300 42488 26495 14445 15993 12050 27812 19897 7915 9700
internal_count=80000 70300 42488 26495 14445 15993 12050 27812 19897 7915 9700
is_linear=0
shrinkage=0.05


Tree=244
num_leaves=12
num_cat=0
split_feature=2 3 2 2 2 2 2 2 2 2 2
split_gain=0.000589901 1.88559e-05 1.41445e-07 1.68241e-08 1.30468e-09 1.0155e-09 7.08513e-10 3.38072e-10 2.8384e-10 7.6212e-10 3.23738e-10
threshold=12425.000000000002 1.0000000180025095e-35 17850.000000000004 29925.000000000004 40075.000000000007 16275.000000000002 19425.000000000004 9625.0000000000018 15225 19425.000000000004 19775.000000000004
decision_type=2 2 2 2 2 2 2 2 2 2 2
left_child=7 8 5 6 -5 -3 -4 -1 -2 -10 -11
right_child=1 2 3 4 -6 -7 -8 -9 9 10 -12
leaf_value=1.1549206754735727e-05 -2.6138260994414776e-06 -1.0372127131058307e-06 -8.9314724202671174e-07 -8.1002798626347644e-07 -8.4008252716066505e-07 -1.0624115436833968e-06 -9.17395928627047e-07 1.1567875737351511e-05 -2.5940414724160534e-06 -2.6249244699758923e-06 -2.6047000122321157e-06
leaf_weight=4864 10019 7956 6061 7160 7285 8037 5989 4836 9878 3978 3937
leaf_count=4864 10019 7956 6061 7160 7285 8037 5989 4836 9878 3978 3937
internal_value=-1.13091e-10 -1.59497e-06 -9.32454e-07 -8.61576e-07 -8.25185e-07 -1.04988e-06 -9.05199e-07 1.15585e-05 -2.60709e-06 -2.6033e-06 -2.61486e-06
internal_weight=80000 70300 42488 26495 14445 15993 12050 9700 27812 17793 7915
internal_count=80000 70300 42488 26495 14445 15993 12050 9700 27812 17793 7915
is_linear=0
shrinkage=0.05


Tree=245
num_leaves=12
num_cat=0
split_feature=2 3 2 2 2 2 2 2 2 2 2
split_gain=0.000532342 1.70633e-05 1.26852e-07 1.57175e-08 1.22189e-09 6.77965e-10 5.77677e-10 2.6321e-10 6.77148e-10 2.76632e-10 1.06634e-10
threshold=12425.000000000002 1.0000000180025095e-35 17850.000000000004 29925.000000000004 40075.000000000007 16275.000000000002 19425.000000000004 19425.000000000004 15225 19775.000000000004 9625.0000000000018
decision_type=2 2 2 2 2 2 2 2 2 2 2
left_child=10 7 5 6 -5 -3 -4 8 -2 -9 -1
right_child=1 2 3 4 -6 -7 -8 9 -10 -11 -12
leaf_value=1.0975524910942401e-05 -2.483450933469716e-06 -9.8515952238396027e-07 -8.484666146277444e-07 -7.673428106439097e-07 -7.9642808205923018e-07 -1.0057489503396582e-06 -8.7036220159330016e-07 -2.4943712894145033e-06 -2.4650025285336269e-06 -2.4756760417065281e-06 1.0986009795776037e-05
leaf_weight=4864 10019 7956 6061 7160 7285 8037 5989 3978 9878 3937 4836
leaf_count=4864 10019 7956 6061 7160 7285 8037 5989 3978 9878 3937 4836
internal_value=5.06489e-10 -1.51455e-06 -8.84307e-07 -8.17185e-07 -7.82011e-07 -9.95506e-07 -8.59349e-07 -2.47736e-06 -2.47429e-06 -2.48507e-06 1.09808e-05
internal_weight=80000 70300 42488 26495 14445 15993 12050 27812 19897 7915 9700
internal_count=80000 70300 42488 26495 14445 15993 12050 27812 19897 7915 9700
is_linear=0
shrinkage=0.05


Tree=246
num_leaves=12
num_cat=0
split_feature=2 3 2 2 2 2 2 2 2 2 2
split_gain=0.000480477 1.53563e-05 1.12897e-07 1.2868e-08 1.22037e-09 9.71246e-10 5.938e-10 3.73099e-10 6.90955e-10 1.76657e-10 2.39148e-11
threshold=12425.000000000002 1.0000000180025095e-35 17850.000000000004 29925.000000000004 40075.000000000007 19425.000000000004 16275.000000000002 19425.000000000004 15225 19775.000000000004 9625.0000000000018
decision_type=2 2 2 2 2 2 2 2 2 2 2
left_child=10 7 6 5 -5 -4 -3 8 -2 -9 -1
right_child=1 2 3 4 -6 -7 -8 9 -10 -11 -12
leaf_value=1.0428439380025099e-05 -2.3590804749393969e-06 -9.3743374945266684e-07 -8.0293015646583063e-07 -7.324044279853018e-07 -7.6147160093653525e-07 -8.3132103855425735e-07 -9.5670281820063176e-07 -2.3700944515862424e-06 -2.3404449400497484e-06 -2.3551546240339928e-06 1.0433404727987608e-05
leaf_weight=4864 10019 7956 6061 7160 7285 5989 8037 3978 9878 3937 4836
leaf_count=4864 10019 7956 6061 7160 7285 5989 8037 3978 9878 3937 4836
internal_value=-7.38358e-10 -1.4401e-06 -8.42212e-07 -7.7889e-07 -7.47064e-07 -8.17041e-07 -9.47117e-07 -2.35348e-06 -2.34983e-06 -2.36266e-06 1.04309e-05
internal_weight=80000 70300 42488 26495 14445 12050 15993 27812 19897 7915 9700
internal_count=80000 70300 42488 26495 14445 12050 15993 27812 19897 7915 9700
is_linear=0
shrinkage=0.05


Tree=247
num_leaves=12
num_cat=0
split_feature=2 3 2 2 2 2 2 2 2 2 2
split_gain=0.000433726 1.37862e-05 1.01869e-07 1.02945e-08 9.53988e-10 9.29927e-10 6.10262e-10 3.80863e-10 6.8775e-10 1.66373e-10 9.47753e-11
threshold=12425.000000000002 1.0000000180025095e-35 17850.000000000004 29925.000000000004 40075.000000000007 19425.000000000004 16275.000000000002 19425.000000000004 15225 19775.000000000004 9625.0000000000018
decision_type=2 2 2 2 2 2 2 2 2 2 2
left_child=10 7 6 5 -5 -4 -3 8 -2 -9 -1
right_child=1 2 3 4 -6 -7 -8 9 -10 -11 -12
leaf_value=9.9073909376257742e-06 -2.2373540626595447e-06 -8.897179411355474e-07 -7.6005096301682899e-07 -6.9830754965962586e-07 -7.2400729747536407e-07 -7.878313688796134e-07 -9.0925228500758915e-07 -2.248302819690765e-06 -2.2187617901434712e-06 -2.2338043711109647e-06 9.9172756407628307e-06
leaf_weight=4864 10019 7956 6061 7160 7285 5989 8037 3978 9878 3937 4836
leaf_count=4864 10019 7956 6061 7160 7285 5989 8037 3978 9878 3937 4836
internal_value=1.15945e-09 -1.36638e-06 -7.99885e-07 -7.39735e-07 -7.11269e-07 -7.73858e-07 -8.99535e-07 -2.23181e-06 -2.22812e-06 -2.24109e-06 9.91232e-06
internal_weight=80000 70300 42488 26495 14445 12050 15993 27812 19897 7915 9700
internal_count=80000 70300 42488 26495 14445 12050 15993 27812 19897 7915 9700
is_linear=0
shrinkage=0.05


Tree=248
num_leaves=12
num_cat=0
split_feature=2 3 2 2 2 2 2 2 2 2 2
split_gain=0.000391505 1.24842e-05 9.10442e-08 1.08076e-08 1.59255e-09 7.69246e-10 4.52214e-10 1.88191e-10 1.84045e-10 1.31109e-10 1.04723e-10
threshold=12425.000000000002 1.0000000180025095e-35 17850.000000000004 29925.000000000004 40075.000000000007 19425.000000000004 16275.000000000002 19425.000000000004 15225 19775.000000000004 9625.0000000000018
decision_type=2 2 2 2 2 2 2 2 2 2 2
left_child=10 7 6 5 -5 -4 -3 8 -2 -9 -1
right_child=1 2 3 4 -6 -7 -8 9 -10 -11 -12
leaf_value=9.4115910446577659e-06 -2.1246483752223544e-06 -8.4559350425172988e-07 -7.2537842648040221e-07 -6.5705947241064313e-07 -6.9026448563356201e-07 -7.5064502809010729e-07 -8.6240910751036159e-07 -2.1353906523349684e-06 -2.1150305055693833e-06 -2.1225201285174289e-06 9.42198154282532e-06
leaf_weight=4864 10019 7956 6061 7160 7285 5989 8037 3978 9878 3937 4836
leaf_count=4864 10019 7956 6061 7160 7285 5989 8037 3978 9878 3937 4836
internal_value=3.57927e-10 -1.29892e-06 -7.59838e-07 -7.02972e-07 -6.73806e-07 -7.37936e-07 -8.54044e-07 -2.12247e-06 -2.11987e-06 -2.12899e-06 9.41677e-06
internal_weight=80000 70300 42488 26495 14445 12050 15993 27812 19897 7915 9700
internal_count=80000 70300 42488 26495 14445 12050 15993 27812 19897 7915 9700
is_linear=0
shrinkage=0.05


Tree=249
num_leaves=12
num_cat=0
split_feature=2 3 2 2 2 2 2 2 2 2 2
split_gain=0.000353317 1.12727e-05 8.73297e-08 1.17492e-08 8.96908e-10 7.20101e-10 4.72195e-10 3.40967e-10 4.51592e-10 1.02163e-10 9.72792e-11
threshold=12425.000000000002 1.0000000180025095e-35 17850.000000000004 29925.000000000004 40075.000000000007 19425.000000000004 16275.000000000002 19425.000000000004 15225 9625.0000000000018 19775.000000000004
decision_type=2 2 2 2 2 2 2 2 2 2 2
left_child=9 7 6 5 -5 -4 -3 8 -2 -1 -9
right_child=1 2 3 4 -6 -7 -8 10 -10 -11 -12
leaf_value=8.9391821467487679e-06 -2.0219278297347932e-06 -8.0674112915550175e-07 -6.9172365584092205e-07 -6.2444053821827615e-07 -6.4935959065710141e-07 -7.161698269516747e-07 -8.2392422058832202e-07 -2.0322322145386756e-06 -2.0068621028003125e-06 8.949444866752694e-06 -2.0211458200321989e-06
leaf_weight=4864 10019 7956 6061 7160 7285 5989 8037 3978 9878 4836 3937
leaf_count=4864 10019 7956 6061 7160 7285 5989 8037 3978 9878 4836 3937
internal_value=-1.08526e-09 -1.23537e-06 -7.23112e-07 -6.67419e-07 -6.37008e-07 -7.03874e-07 -8.15376e-07 -2.01794e-06 -2.01445e-06 8.9443e-06 -2.02672e-06
internal_weight=80000 70300 42488 26495 14445 12050 15993 27812 19897 9700 7915
internal_count=80000 70300 42488 26495 14445 12050 15993 27812 19897 9700 7915
is_linear=0
shrinkage=0.05


Tree=250
num_leaves=12
num_cat=0
split_feature=2 3 2 2 2 2 2 2 2 2 2
split_gain=0.000318811 1.01442e-05 7.54802e-08 8.65008e-09 5.50447e-10 4.01831e-10 3.74819e-10 2.20934e-10 2.16e-10 1.05688e-10 1.0556e-10
threshold=12425.000000000002 1.0000000180025095e-35 17850.000000000004 29925.000000000004 40075.000000000007 16275.000000000002 19425.000000000004 19425.000000000004 15225 9625.0000000000018 19775.000000000004
decision_type=2 2 2 2 2 2 2 2 2 2 2
left_child=9 7 5 6 -5 -3 -4 8 -2 -1 -9
right_child=1 2 3 4 -6 -7 -8 10 -10 -11 -12
leaf_value=8.4919109978823389e-06 -1.9174334471752028e-06 -7.6457236562834182e-07 -6.5749818554421288e-07 -5.9904546415766276e-07 -6.1856705088784586e-07 -7.8042357872869816e-07 -6.7513519293918026e-07 -1.927881424707188e-06 -1.9070140146302001e-06 8.5023492890284182e-06 -1.9163328248596802e-06
leaf_weight=4864 10019 7956 6061 7160 7285 8037 5989 3978 9878 4836 3937
leaf_count=4864 10019 7956 6061 7160 7285 8037 5989 3978 9878 4836 3937
internal_value=-2.38228e-10 -1.1727e-06 -6.86761e-07 -6.34984e-07 -6.08891e-07 -7.72538e-07 -6.66264e-07 -1.91507e-06 -1.91226e-06 8.49712e-06 -1.92214e-06
internal_weight=80000 70300 42488 26495 14445 15993 12050 27812 19897 9700 7915
internal_count=80000 70300 42488 26495 14445 15993 12050 27812 19897 9700 7915
is_linear=0
shrinkage=0.05


Tree=251
num_leaves=12
num_cat=0
split_feature=2 3 2 2 2 2 2 2 2 2 2
split_gain=0.000287651 9.1764e-06 6.98204e-08 7.00811e-09 1.46607e-09 6.93358e-10 2.01188e-10 2.12897e-10 1.2766e-10 9.09833e-11 8.11228e-11
threshold=12425.000000000002 1.0000000180025095e-35 17850.000000000004 29925.000000000004 40075.000000000007 19425.000000000004 19425.000000000004 15225 16275.000000000002 19775.000000000004 9625.0000000000018
decision_type=2 2 2 2 2 2 2 2 2 2 2
left_child=10 6 8 5 -5 -4 7 -2 -3 -8 -1
right_child=1 2 3 4 -6 -7 9 -9 -10 -11 -12
leaf_value=8.0670845459520171e-06 -1.8219911354078589e-06 -7.2929970001647153e-07 -6.1772593283696043e-07 -5.6193913594889845e-07 -5.9379835323192185e-07 -6.4171387119342183e-07 -1.8316133860805361e-06 -1.8116468244411752e-06 -7.3823414464140835e-07 -1.8208917450779095e-06 8.076229625478976e-06
leaf_weight=4864 10019 7956 6061 7160 7285 5989 3978 9878 8037 3937 4836
leaf_count=4864 10019 7956 6061 7160 7285 5989 3978 9878 8037 3937 4836
internal_value=2.2372e-10 -1.11347e-06 -6.51291e-07 -6.01493e-07 -5.78007e-07 -6.29648e-07 -1.81954e-06 -1.81686e-06 -7.3379e-07 -1.82628e-06 8.07164e-06
internal_weight=80000 70300 42488 26495 14445 12050 27812 19897 15993 7915 9700
internal_count=80000 70300 42488 26495 14445 12050 27812 19897 15993 7915 9700
is_linear=0
shrinkage=0.05


Tree=252
num_leaves=12
num_cat=0
split_feature=2 3 2 2 2 2 2 2 2 2 2
split_gain=0.000259626 8.3002e-06 6.18699e-08 7.66086e-09 4.90402e-10 3.6763e-10 1.63433e-10 4.0688e-10 2.51377e-10 1.31007e-10 9.23754e-13
threshold=12425.000000000002 1.0000000180025095e-35 17850.000000000004 29925.000000000004 40075.000000000007 19425.000000000004 15225 19425.000000000004 19775.000000000004 16275.000000000002 9625.0000000000018
decision_type=2 2 2 2 2 2 2 2 2 2 2
left_child=10 6 9 5 -5 -4 -2 -8 -9 -3 -1
right_child=1 2 3 4 -6 -7 7 8 -10 -11 -12
leaf_value=7.6668433298197525e-06 -1.7354978516514576e-06 -6.9242747838536142e-07 -5.9319504402160549e-07 -5.3859049366206959e-07 -5.5701660490757803e-07 -6.1066210858360878e-07 -1.7207457307640067e-06 -1.7448251615355685e-06 -1.7270037061590413e-06 -7.0147831132571738e-07 7.6678192046402767e-06
leaf_weight=4864 10019 7956 6061 7160 7285 5989 9878 3978 3937 8037 4836
leaf_count=4864 10019 7956 6061 7160 7285 5989 9878 3978 3937 8037 4836
internal_value=-8.2533e-10 -1.05888e-06 -6.19316e-07 -5.72439e-07 -5.47883e-07 -6.01876e-07 -1.73039e-06 -1.72751e-06 -1.73596e-06 -6.96976e-07 7.66733e-06
internal_weight=80000 70300 42488 26495 14445 12050 27812 17793 7915 15993 9700
internal_count=80000 70300 42488 26495 14445 12050 27812 17793 7915 15993 9700
is_linear=0
shrinkage=0.05


Tree=253
num_leaves=12
num_cat=0
split_feature=2 3 2 2 2 2 2 2 2 2 2
split_gain=0.000234372 7.48635e-06 5.59078e-08 6.41651e-09 7.87596e-10 3.89549e-10 2.9645e-10 1.45872e-10 1.0586e-10 8.24523e-11 1.02385e-12
threshold=12425.000000000002 1.0000000180025095e-35 17850.000000000004 29925.000000000004 40075.000000000007 16275.000000000002 19425.000000000004 19425.000000000004 15225 19775.000000000004 9625.0000000000018
decision_type=2 2 2 2 2 2 2 2 2 2 2
left_child=10 7 5 6 -5 -3 -4 8 -2 -9 -1
right_child=1 2 3 4 -6 -7 -8 9 -10 -11 -12
leaf_value=7.2843374135501157e-06 -1.6451796380084815e-06 -6.5462512324450381e-07 -5.6322889938468665e-07 -5.0983410237575547e-07 -5.331853044768393e-07 -6.7023221153408552e-07 -5.7891408263135435e-07 -1.6546603710127948e-06 -1.6378853536791922e-06 -1.6444537537347489e-06 7.2853648008879226e-06
leaf_weight=4864 10019 7956 6061 7160 7285 8037 5989 3978 9878 3937 4836
leaf_count=4864 10019 7956 6061 7160 7285 8037 5989 3978 9878 3937 4836
internal_value=-8.23325e-10 -1.0061e-06 -5.88645e-07 -5.44084e-07 -5.21611e-07 -6.62468e-07 -5.71025e-07 -1.64384e-06 -1.64156e-06 -1.64958e-06 7.28485e-06
internal_weight=80000 70300 42488 26495 14445 15993 12050 27812 19897 7915 9700
internal_count=80000 70300 42488 26495 14445 15993 12050 27812 19897 7915 9700
is_linear=0
shrinkage=0.05


Tree=254
num_leaves=12
num_cat=0
split_feature=2 3 2 2 2 2 2 2 2 2 2
split_gain=0.000211533 6.73751e-06 5.21199e-08 5.91263e-09 7.73765e-10 3.8516e-10 3.77342e-10 2.27791e-10 2.73386e-10 9.761e-11 8.2815e-11
threshold=12425.000000000002 1.0000000180025095e-35 17850.000000000004 29925.000000000004 40075.000000000007 19425.000000000004 16275.000000000002 15225 19425.000000000004 19775.000000000004 9625.0000000000018
decision_type=2 2 2 2 2 2 2 2 2 2 2
left_child=10 7 6 5 -5 -4 -3 -2 -9 -10 -1
right_child=1 2 3 4 -6 -7 -8 8 9 -11 -12
leaf_value=6.9181844968338021e-06 -1.5648710320947974e-06 -6.2136740912409693e-07 -5.3175847470020324e-07 -4.8153759307142188e-07 -5.0468285783470785e-07 -5.4963713953926812e-07 -6.3672799996441171e-07 -1.5498974043465335e-06 -1.567892876911165e-06 -1.5567876495255817e-06 6.927424463858663e-06
leaf_weight=4864 10019 7956 6061 7160 7285 5989 8037 9878 3978 3937 4836
leaf_count=4864 10019 7956 6061 7160 7285 5989 8037 9878 3978 3937 4836
internal_value=1.20529e-09 -9.53836e-07 -5.57809e-07 -5.14783e-07 -4.9321e-07 -5.40644e-07 -6.29087e-07 -1.55884e-06 -1.55545e-06 -1.56237e-06 6.92279e-06
internal_weight=80000 70300 42488 26495 14445 12050 15993 27812 17793 7915 9700
internal_count=80000 70300 42488 26495 14445 12050 15993 27812 17793 7915 9700
is_linear=0
shrinkage=0.05


Tree=255
num_leaves=12
num_cat=0
split_feature=2 3 2 2 2 2 2 2 2 2 2
split_gain=0.000191156 6.08421e-06 4.72363e-08 6.27342e-09 3.37406e-10 2.82935e-10 1.20216e-10 1.04453e-10 2.07182e-10 7.35581e-11 1.34664e-12
threshold=12425.000000000002 1.0000000180025095e-35 17850.000000000004 29925.000000000004 40075.000000000007 19425.000000000004 16275.000000000002 19425.000000000004 15225 19775.000000000004 9625.0000000000018
decision_type=2 2 2 2 2 2 2 2 2 2 2
left_child=10 7 6 5 -5 -4 -3 8 -2 -9 -1
right_child=1 2 3 4 -6 -7 -8 9 -10 -11 -12
leaf_value=6.578291138219739e-06 -1.48683550389457e-06 -5.9593863083797259e-07 -5.1050152527968959e-07 -4.6154957618460315e-07 -4.768334641939511e-07 -5.2582500553783975e-07 -6.0460868241612828e-07 -1.4933555286231111e-06 -1.4766309775430845e-06 -1.4837151144318717e-06 6.5794693982963137e-06
leaf_weight=4864 10019 7956 6061 7160 7285 5989 8037 3978 9878 3937 4836
leaf_count=4864 10019 7956 6061 7160 7285 5989 8037 3978 9878 3937 4836
internal_value=-8.98356e-10 -9.08777e-07 -5.32439e-07 -4.91479e-07 -4.69258e-07 -5.18117e-07 -6.00296e-07 -1.4837e-06 -1.48177e-06 -1.48856e-06 6.57888e-06
internal_weight=80000 70300 42488 26495 14445 12050 15993 27812 19897 7915 9700
internal_count=80000 70300 42488 26495 14445 12050 15993 27812 19897 7915 9700
is_linear=0
shrinkage=0.05


Tree=256
num_leaves=12
num_cat=0
split_feature=2 3 2 2 2 2 2 2 2 2 2
split_gain=0.000172248 5.48787e-06 4.12181e-08 5.25343e-09 7.17476e-10 3.73726e-10 2.59001e-10 1.43591e-10 1.34453e-10 7.07308e-11 1.58553e-12
threshold=12425.000000000002 1.0000000180025095e-35 17850.000000000004 29925.000000000004 40075.000000000007 16275.000000000002 19425.000000000004 19425.000000000004 15225 19775.000000000004 9625.0000000000018
decision_type=2 2 2 2 2 2 2 2 2 2 2
left_child=10 7 5 6 -5 -3 -4 8 -2 -9 -1
right_child=1 2 3 4 -6 -7 -8 9 -10 -11 -12
leaf_value=6.2457839943051925e-06 -1.4091139371506497e-06 -5.5956076980753898e-07 -4.8268455710840427e-07 -4.3401939675079237e-07 -4.5630688453540615e-07 -5.7484758629049812e-07 -4.9734560459121971e-07 -1.4176971180520882e-06 -1.400893353717562e-06 -1.4082437901808991e-06 6.2470625010864059e-06
leaf_weight=4864 10019 7956 6061 7160 7285 8037 5989 3978 9878 3937 4836
leaf_count=4864 10019 7956 6061 7160 7285 8037 5989 3978 9878 3937 4836
internal_value=5.33145e-10 -8.61275e-07 -5.03856e-07 -4.65595e-07 -4.4526e-07 -5.67243e-07 -4.89971e-07 -1.4073e-06 -1.40503e-06 -1.41299e-06 6.24642e-06
internal_weight=80000 70300 42488 26495 14445 15993 12050 27812 19897 7915 9700
internal_count=80000 70300 42488 26495 14445 15993 12050 27812 19897 7915 9700
is_linear=0
shrinkage=0.05


Tree=257
num_leaves=12
num_cat=0
split_feature=2 3 2 2 2 2 2 2 2 2 2
split_gain=0.000155615 4.96788e-06 3.65559e-08 5.97798e-09 2.98701e-10 2.61931e-10 1.30979e-10 9.80482e-11 9.41301e-11 8.96905e-11 7.95061e-11
threshold=12425.000000000002 1.0000000180025095e-35 17850.000000000004 29925.000000000004 40075.000000000007 19425.000000000004 19425.000000000004 15225 16275.000000000002 9625.0000000000018 19775.000000000004
decision_type=2 2 2 2 2 2 2 2 2 2 2
left_child=9 6 8 5 -5 -4 7 -2 -3 -1 -8
right_child=1 2 3 4 -6 -7 10 -9 -10 -11 -12
leaf_value=5.9312871790576826e-06 -1.3405674661026602e-06 -5.3551032632937043e-07 -4.6231423444262911e-07 -4.1469410172398285e-07 -4.2907465809403926e-07 -4.7705797993279915e-07 -1.3496721308077174e-06 -1.3335474702643408e-06 -5.4318226097598701e-07 5.9409030594751689e-06 -1.3396495273457413e-06
leaf_weight=4864 10019 7956 6061 7160 7285 5989 3978 9878 8037 4836 3937
leaf_count=4864 10019 7956 6061 7160 7285 5989 3978 9878 8037 4836 3937
internal_value=-5.92709e-10 -8.19735e-07 -4.79671e-07 -4.43639e-07 -4.21947e-07 -4.69642e-07 -1.33925e-06 -1.33708e-06 -5.39366e-07 5.93608e-06 -1.34469e-06
internal_weight=80000 70300 42488 26495 14445 12050 27812 19897 15993 9700 7915
internal_count=80000 70300 42488 26495 14445 12050 27812 19897 15993 9700 7915
is_linear=0
shrinkage=0.05


Tree=258
num_leaves=12
num_cat=0
split_feature=2 3 2 2 2 2 2 2 2 2 2
split_gain=0.000140234 4.45754e-06 3.24729e-08 4.11565e-09 2.84052e-10 2.65115e-10 9.39739e-11 8.68735e-11 1.07079e-10 8.52108e-11 4.57561e-11
threshold=12425.000000000002 1.0000000180025095e-35 17850.000000000004 29925.000000000004 40075.000000000007 19425.000000000004 16275.000000000002 19425.000000000004 15225 9625.0000000000018 19775.000000000004
decision_type=2 2 2 2 2 2 2 2 2 2 2
left_child=9 7 6 5 -5 -4 -3 8 -2 -1 -9
right_child=1 2 3 4 -6 -7 -8 10 -10 -11 -12
leaf_value=5.6317508049113192e-06 -1.2708084242927249e-06 -5.0711037837732389e-07 -4.3494350131603556e-07 -3.9566845623984437e-07 -4.0969196424161794e-07 -4.4977656923424801e-07 -5.1477594471794874e-07 -1.2771414557802916e-06 -1.2634722653593124e-06 5.6411234760008734e-06 -1.2695381062976773e-06
leaf_weight=4864 10019 7956 6061 7160 7285 5989 8037 3978 9878 4836 3937
leaf_count=4864 10019 7956 6061 7160 7285 5989 8037 3978 9878 4836 3937
internal_value=7.8174e-10 -7.76825e-07 -4.54701e-07 -4.2074e-07 -4.02741e-07 -4.42316e-07 -5.10963e-07 -1.26893e-06 -1.26717e-06 5.63642e-06 -1.27336e-06
internal_weight=80000 70300 42488 26495 14445 12050 15993 27812 19897 9700 7915
internal_count=80000 70300 42488 26495 14445 12050 15993 27812 19897 9700 7915
is_linear=0
shrinkage=0.05


Tree=259
num_leaves=12
num_cat=0
split_feature=2 3 2 2 2 2 2 2 2 2 2
split_gain=0.000126653 4.03912e-06 3.22103e-08 4.44169e-09 5.03637e-10 2.65917e-10 7.24594e-11 6.86722e-11 3.67562e-11 1.01747e-10 5.01816e-12
threshold=12425.000000000002 1.0000000180025095e-35 17850.000000000004 29925.000000000004 40075.000000000007 19425.000000000004 16275.000000000002 9625.0000000000018 15225 19425.000000000004 19775.000000000004
decision_type=2 2 2 2 2 2 2 2 2 2 2
left_child=7 8 6 5 -5 -4 -3 -1 -2 -10 -11
right_child=1 2 3 4 -6 -7 -8 -9 9 10 -12
leaf_value=5.3499728006787148e-06 -1.2114985023511511e-06 -4.8665572030823966e-07 -4.1521200796887662e-07 -3.7206557167007188e-07 -3.9073866035363538e-07 -4.3006751453542845e-07 -4.933868520436013e-07 5.3583868783863989e-06 -1.2043276872726603e-06 -1.213188592649813e-06 -1.2106706112055954e-06
leaf_weight=4864 10019 7956 6061 7160 7285 5989 8037 4836 9878 3978 3937
leaf_count=4864 10019 7956 6061 7160 7285 5989 8037 4836 9878 3978 3937
internal_value=-1.64223e-09 -7.40637e-07 -4.34004e-07 -4.00181e-07 -3.81483e-07 -4.22595e-07 -4.90038e-07 5.35417e-06 -1.20908e-06 -1.20771e-06 -1.21194e-06
internal_weight=80000 70300 42488 26495 14445 12050 15993 9700 27812 17793 7915
internal_count=80000 70300 42488 26495 14445 12050 15993 9700 27812 17793 7915
is_linear=0
shrinkage=0.05


Tree=260
num_leaves=12
num_cat=0
split_feature=2 3 2 2 2 2 2 2 2 2 2
split_gain=0.00011428 3.6578e-06 2.77405e-08 2.66647e-09 2.44216e-10 8.98442e-11 6.39394e-11 4.215e-11 8.62657e-11 9.77718e-12 1.10922e-14
threshold=12425.000000000002 1.0000000180025095e-35 17850.000000000004 29925.000000000004 19425.000000000004 16275.000000000002 40075.000000000007 19425.000000000004 15225 19775.000000000004 9625.0000000000018
decision_type=2 2 2 2 2 2 2 2 2 2 2
left_child=10 7 5 4 -4 -3 -5 8 -2 -9 -1
right_child=1 2 3 6 -6 -7 -8 9 -10 -11 -12
leaf_value=5.0875672466071068e-06 -1.1496308479750067e-06 -4.5824523659855175e-07 -3.8891315820994625e-07 -3.6077904443428253e-07 -4.0314958827676759e-07 -4.6574047855157724e-07 -3.674324147972773e-07 -1.152423926112427e-06 -1.1430461455925941e-06 -1.1489092350949491e-06 5.0876741828826373e-06
leaf_weight=4864 10019 7956 6061 7160 5989 8037 7285 3978 9878 3937 4836
leaf_count=4864 10019 7956 6061 7160 5989 8037 7285 3978 9878 3937 4836
internal_value=1.57702e-10 -7.01811e-07 -4.10011e-07 -3.78622e-07 -3.95989e-07 -4.62012e-07 -3.64135e-07 -1.14759e-06 -1.14636e-06 -1.15068e-06 5.08762e-06
internal_weight=80000 70300 42488 26495 12050 15993 14445 27812 19897 7915 9700
internal_count=80000 70300 42488 26495 12050 15993 14445 27812 19897 7915 9700
is_linear=0
shrinkage=0.05


Tree=261
num_leaves=12
num_cat=0
split_feature=2 3 2 2 2 2 2 2 2 2 2
split_gain=0.000103084 3.2719e-06 2.58548e-08 2.83125e-09 5.13564e-10 2.49091e-10 8.30534e-11 1.64781e-10 8.15293e-11 7.62351e-11 7.107e-11
threshold=12425.000000000002 1.0000000180025095e-35 17850.000000000004 29925.000000000004 40075.000000000007 19425.000000000004 19425.000000000004 15225 16275.000000000002 9625.0000000000018 19775.000000000004
decision_type=2 2 2 2 2 2 2 2 2 2 2
left_child=9 6 8 5 -5 -4 7 -2 -3 -1 -8
right_child=1 2 3 4 -6 -7 10 -9 -10 -11 -12
leaf_value=4.8259951582670183e-06 -1.0925288977606568e-06 -4.3876163667153667e-07 -3.7259347603152814e-07 -3.3740594354848375e-07 -3.5626217530332074e-07 -3.8697129521487221e-07 -1.0987797092335919e-06 -1.0834282721348215e-06 -4.4590162384003137e-07 4.8348604562512094e-06 -1.0893037431519258e-06
leaf_weight=4864 10019 7956 6061 7160 7285 5989 3978 9878 8037 4836 3937
leaf_count=4864 10019 7956 6061 7160 7285 5989 3978 9878 8037 4836 3937
internal_value=-1.4277e-09 -6.68126e-07 -3.92147e-07 -3.61844e-07 -3.46916e-07 -3.79739e-07 -1.08973e-06 -1.08801e-06 -4.4235e-07 4.83042e-06 -1.09407e-06
internal_weight=80000 70300 42488 26495 14445 12050 27812 19897 15993 9700 7915
internal_count=80000 70300 42488 26495 14445 12050 27812 19897 15993 9700 7915
is_linear=0
shrinkage=0.05


Tree=262
num_leaves=12
num_cat=0
split_feature=2 3 2 2 2 2 2 2 2 2 2
split_gain=9.29866e-05 2.93929e-06 2.13158e-08 3.1211e-09 2.48261e-10 2.1317e-10 9.03122e-11 7.68418e-11 7.08259e-11 7.22948e-11 4.03918e-11
threshold=12425.000000000002 1.0000000180025095e-35 17850.000000000004 29925.000000000004 40075.000000000007 19425.000000000004 16275.000000000002 9625.0000000000018 19425.000000000004 15225 19775.000000000004
decision_type=2 2 2 2 2 2 2 2 2 2 2
left_child=7 8 6 5 -5 -4 -3 -1 9 -2 -10
right_child=1 2 3 4 -6 -7 -8 -9 10 -11 -12
leaf_value=4.5862712484353998e-06 -1.0325950077332947e-06 -4.1182047839358818e-07 -3.54677048040687e-07 -3.2021279229558797e-07 -3.3332307826358174e-07 -3.6797781958821511e-07 -4.1933521429994326e-07 4.5951717543329842e-06 -1.0387477100451741e-06 -1.0265670421673038e-06 -1.0316039437103089e-06
leaf_weight=4864 10019 7956 6061 7160 7285 5989 8037 4836 3978 9878 3937
leaf_count=4864 10019 7956 6061 7160 7285 5989 8037 4836 3978 9878 3937
internal_value=1.61466e-09 -6.31589e-07 -3.70014e-07 -3.42499e-07 -3.26825e-07 -3.61288e-07 -4.15597e-07 4.59071e-06 -1.03119e-06 -1.0296e-06 -1.03519e-06
internal_weight=80000 70300 42488 26495 14445 12050 15993 9700 27812 19897 7915
internal_count=80000 70300 42488 26495 14445 12050 15993 9700 27812 19897 7915
is_linear=0
shrinkage=0.05


Tree=263
num_leaves=12
num_cat=0
split_feature=2 3 2 2 2 2 2 2 2 2 2
split_gain=8.39845e-05 2.67915e-06 2.16628e-08 2.08704e-09 2.12392e-10 1.69991e-10 8.93324e-11 7.83545e-11 4.93859e-11 7.70823e-11 7.00667e-11
threshold=12425.000000000002 1.0000000180025095e-35 17850.000000000004 29925.000000000004 19425.000000000004 40075.000000000007 16275.000000000002 9625.0000000000018 19425.000000000004 15225 19775.000000000004
decision_type=2 2 2 2 2 2 2 2 2 2 2
left_child=7 8 6 4 -4 -5 -3 -1 9 -2 -10
right_child=1 2 3 5 -6 -7 -8 -9 10 -11 -12
leaf_value=4.3582734298596685e-06 -9.835946789513412e-07 -3.9278706858140063e-07 -3.3161805820035336e-07 -3.0456384476118165e-07 -3.4489453705529988e-07 -3.1541237006265626e-07 -4.0026093101138439e-07 4.3672611168287214e-06 -9.8985408258597689e-07 -9.7737032241317576e-07 -9.8044524162204391e-07
leaf_weight=4864 10019 7956 6061 7160 5989 7285 8037 4836 3978 9878 3937
leaf_count=4864 10019 7956 6061 7160 5989 7285 8037 4836 3978 9878 3937
internal_value=1.45109e-09 -6.00322e-07 -3.5059e-07 -3.22852e-07 -3.38217e-07 -3.10035e-07 -3.96543e-07 4.36275e-06 -9.81833e-07 -9.80505e-07 -9.85174e-07
internal_weight=80000 70300 42488 26495 12050 14445 15993 9700 27812 19897 7915
internal_count=80000 70300 42488 26495 12050 14445 15993 9700 27812 19897 7915
is_linear=0
shrinkage=0.05


Tree=264
num_leaves=12
num_cat=0
split_feature=2 3 2 2 2 2 2 2 2 2 2
split_gain=7.59107e-05 2.38901e-06 1.614e-08 2.15447e-09 4.72908e-10 2.06836e-10 1.99596e-10 1.08978e-10 6.65699e-11 5.43656e-11 6.28431e-13
threshold=12425.000000000002 1.0000000180025095e-35 17850.000000000004 29925.000000000004 40075.000000000007 16275.000000000002 19425.000000000004 19425.000000000004 15225 19775.000000000004 9625.0000000000018
decision_type=2 2 2 2 2 2 2 2 2 2 2
left_child=10 7 5 6 -5 -3 -4 8 -2 -9 -1
right_child=1 2 3 4 -6 -7 -8 9 -10 -11 -12
leaf_value=4.1465755035268994e-06 -9.3267208646689361e-07 -3.6964097802769329e-07 -3.2096250338663963e-07 -2.8960047616212314e-07 -3.076949502870712e-07 -3.8101341674113371e-07 -3.3383284511794469e-07 -9.4085928749048679e-07 -9.2688771640158e-07 -9.3257142611605884e-07 4.1473804084977754e-06
leaf_weight=4864 10019 7956 6061 7160 7285 8037 5989 3978 9878 3937 4836
leaf_count=4864 10019 7956 6061 7160 7285 8037 5989 3978 9878 3937 4836
internal_value=6.04003e-10 -5.71513e-07 -3.35691e-07 -3.11748e-07 -2.98726e-07 -3.75356e-07 -3.27359e-07 -9.31774e-07 -9.298e-07 -9.36737e-07 4.14698e-06
internal_weight=80000 70300 42488 26495 14445 15993 12050 27812 19897 7915 9700
internal_count=80000 70300 42488 26495 14445 15993 12050 27812 19897 7915 9700
is_linear=0
shrinkage=0.05


Tree=265
num_leaves=12
num_cat=0
split_feature=2 3 2 2 2 2 2 2 2 2 2
split_gain=6.84156e-05 2.17728e-06 1.67603e-08 2.29243e-09 2.46114e-10 6.68209e-11 4.05631e-11 3.28267e-11 7.61286e-11 5.14321e-11 1.65864e-12
threshold=12425.000000000002 1.0000000180025095e-35 17850.000000000004 29925.000000000004 40075.000000000007 9625.0000000000018 19425.000000000004 19425.000000000004 15225 19775.000000000004 16275.000000000002
decision_type=2 2 2 2 2 2 2 2 2 2 2
left_child=5 7 10 6 -5 -1 -4 8 -2 -9 -3
right_child=1 2 3 4 -6 -7 -8 9 -10 -11 -12
leaf_value=3.9330690326192107e-06 -8.8820315582275405e-07 -3.5809027318041853e-07 -3.0597934055387498e-07 -2.7274405175635291e-07 -2.8579752308501261e-07 3.941368916324425e-06 -3.1178136505304743e-07 -8.9294888955822368e-07 -8.8201742596736645e-07 -8.848877295159544e-07 -3.5707187576733253e-07
leaf_weight=4864 10019 7956 6061 7160 7285 4836 5989 3978 9878 3937 8037
leaf_count=4864 10019 7956 6061 7160 7285 4836 5989 3978 9878 3937 8037
internal_value=8.5055e-10 -5.42288e-07 -3.17159e-07 -2.9276e-07 -2.79327e-07 3.93721e-06 -3.08863e-07 -8.86216e-07 -8.85132e-07 -8.88939e-07 -3.57578e-07
internal_weight=80000 70300 42488 26495 14445 9700 12050 27812 19897 7915 15993
internal_count=80000 70300 42488 26495 14445 9700 12050 27812 19897 7915 15993
is_linear=0
shrinkage=0.05


Tree=266
num_leaves=12
num_cat=0
split_feature=2 3 2 2 2 2 2 2 2 2 2
split_gain=6.17819e-05 1.95145e-06 1.57812e-08 1.09511e-09 1.97584e-10 1.213e-10 6.90112e-11 6.83727e-11 6.54554e-11 3.73291e-11 3.1291e-11
threshold=12425.000000000002 1.0000000180025095e-35 17850.000000000004 29925.000000000004 16275.000000000002 19425.000000000004 19425.000000000004 9625.0000000000018 15225 19775.000000000004 40075.000000000007
decision_type=2 2 2 2 2 2 2 2 2 2 2
left_child=7 6 4 5 -3 -4 8 -1 -2 -8 -5
right_child=1 2 3 10 -6 -7 9 -9 -10 -11 -12
leaf_value=3.7379139724323884e-06 -8.4156908160137834e-07 -3.3519142037062503e-07 -2.8402363702303271e-07 -2.6624897105018376e-07 -3.4630660969322263e-07 -2.9405696610836938e-07 -8.4765737910477313e-07 3.7463096806157857e-06 -8.3583333793475827e-07 -8.4078979337455955e-07 -2.7090341153004263e-07
leaf_weight=4864 10019 7956 6061 7160 8037 5989 3978 4836 9878 3937 7285
leaf_count=4864 10019 7956 6061 7160 8037 5989 3978 4836 9878 3937 7285
internal_value=1.44571e-09 -5.1469e-07 -3.01556e-07 -2.77881e-07 -3.40777e-07 -2.8901e-07 -8.40292e-07 3.7421e-06 -8.38722e-07 -8.44241e-07 -2.68596e-07
internal_weight=80000 70300 42488 26495 15993 12050 27812 9700 19897 7915 14445
internal_count=80000 70300 42488 26495 15993 12050 27812 9700 19897 7915 14445
is_linear=0
shrinkage=0.05


Tree=267
num_leaves=12
num_cat=0
split_feature=2 3 2 2 2 2 2 2 2 2 2
split_gain=5.57721e-05 1.77184e-06 1.119e-08 1.60815e-09 1.36152e-10 1.29639e-10 7.12614e-11 3.65119e-11 2.91345e-11 6.32615e-11 2.9097e-12
threshold=12425.000000000002 1.0000000180025095e-35 17850.000000000004 29925.000000000004 40075.000000000007 19425.000000000004 16275.000000000002 9625.0000000000018 15225 19425.000000000004 19775.000000000004
decision_type=2 2 2 2 2 2 2 2 2 2 2
left_child=7 8 6 5 -5 -4 -3 -1 -2 -10 -11
right_child=1 2 3 4 -6 -7 -8 -9 9 10 -12
leaf_value=3.5506739622130558e-06 -8.0313684341830226e-07 -3.1730595435425392e-07 -2.7602948272971702e-07 -2.5155034162398097e-07 -2.6125922988794682e-07 -2.8640196183912541e-07 -3.2398120800970213e-07 3.556809225971822e-06 -7.9709714812500575e-07 -8.0405021808707192e-07 -8.0213285345089276e-07
leaf_weight=4864 10019 7956 6061 7160 7285 5989 8037 4836 9878 3978 3937
leaf_count=4864 10019 7956 6061 7160 7285 5989 8037 4836 9878 3978 3937
internal_value=-3.3285e-10 -4.90723e-07 -2.87634e-07 -2.67698e-07 -2.56447e-07 -2.81185e-07 -3.2066e-07 3.55373e-06 -8.0098e-07 -7.99766e-07 -8.03097e-07
internal_weight=80000 70300 42488 26495 14445 12050 15993 9700 27812 17793 7915
internal_count=80000 70300 42488 26495 14445 12050 15993 9700 27812 17793 7915
is_linear=0
shrinkage=0.05


Tree=268
num_leaves=12
num_cat=0
split_feature=2 3 2 2 2 2 2 2 2 2 2
split_gain=5.02625e-05 1.58307e-06 1.1977e-08 1.45485e-09 1.92116e-10 1.33995e-10 7.50198e-11 6.54157e-11 2.69564e-11 1.55613e-11 9.0123e-12
threshold=12425.000000000002 1.0000000180025095e-35 17850.000000000004 29925.000000000004 19425.000000000004 40075.000000000007 19425.000000000004 15225 19775.000000000004 16275.000000000002 9625.0000000000018
decision_type=2 2 2 2 2 2 2 2 2 2 2
left_child=10 6 9 4 -4 -5 7 -2 -8 -3 -1
right_child=1 2 3 5 -6 -7 8 -9 -10 -11 -12
leaf_value=3.3753051339820229e-06 -7.6017945502372598e-07 -3.094757018331971e-07 -2.5966696447627201e-07 -2.3755585986473104e-07 -2.722938438215943e-07 -2.4718753205690285e-07 -7.6599075197199589e-07 -7.5444544743009753e-07 -7.6015480424511439e-07 -3.0635636066003971e-07 3.3722570026563014e-06
leaf_weight=4864 10019 7956 6061 7160 5989 7285 3978 9878 3937 8037 4836
leaf_count=4864 10019 7956 6061 7160 5989 7285 3978 9878 3937 8037 4836
internal_value=-1.67711e-10 -4.65706e-07 -2.7374e-07 -2.53115e-07 -2.65943e-07 -2.42413e-07 -7.58971e-07 -7.57333e-07 -7.63088e-07 -3.07908e-07 3.37379e-06
internal_weight=80000 70300 42488 26495 12050 14445 27812 19897 7915 15993 9700
internal_count=80000 70300 42488 26495 12050 14445 27812 19897 7915 15993 9700
is_linear=0
shrinkage=0.05


Tree=269
num_leaves=12
num_cat=0
split_feature=2 3 2 2 2 2 2 2 2 2 2
split_gain=4.53881e-05 1.45589e-06 1.21379e-08 9.81441e-10 2.04555e-10 1.40796e-10 5.49384e-11 6.88426e-11 3.35785e-11 3.14362e-11 2.8559e-11
threshold=12425.000000000002 1.0000000180025095e-35 17850.000000000004 29925.000000000004 16275.000000000002 40075.000000000007 19425.000000000004 15225 19425.000000000004 9625.0000000000018 19775.000000000004
decision_type=2 2 2 2 2 2 2 2 2 2 2
left_child=9 6 4 8 -3 -5 7 -2 -4 -1 -8
right_child=1 2 3 5 -6 -7 10 -9 -10 -11 -12
leaf_value=3.2033460325022279e-06 -7.2514044780033001e-07 -2.870036430843532e-07 -2.4543906789214021e-07 -2.237579504980097e-07 -2.9831319609122728e-07 -2.336310379430217e-07 -7.301330389178701e-07 -7.1925816877711294e-07 -2.5071798906036282e-07 3.2090388945058506e-06 -7.2412611393280217e-07
leaf_weight=4864 10019 7956 6061 7160 8037 7285 3978 9878 5989 4836 3937
leaf_count=4864 10019 7956 6061 7160 8037 7285 3978 9878 5989 4836 3937
internal_value=5.12142e-12 -4.42384e-07 -2.5829e-07 -2.37527e-07 -2.92687e-07 -2.28737e-07 -7.23622e-07 -7.2222e-07 -2.48063e-07 3.20618e-06 -7.27145e-07
internal_weight=80000 70300 42488 26495 15993 14445 27812 19897 12050 9700 7915
internal_count=80000 70300 42488 26495 15993 14445 27812 19897 12050 9700 7915
is_linear=0
shrinkage=0.05


Tree=270
num_leaves=12
num_cat=0
split_feature=2 3 2 2 2 2 2 2 2 2 2
split_gain=4.0989e-05 1.32647e-06 8.93805e-09 9.6209e-10 1.71228e-10 6.22677e-11 5.20082e-11 4.61312e-11 2.25565e-11 1.68457e-11 7.66914e-12
threshold=12425.000000000002 1.0000000180025095e-35 17850.000000000004 29925.000000000004 19425.000000000004 19425.000000000004 9625.0000000000018 15225 19775.000000000004 16275.000000000002 40075.000000000007
decision_type=2 2 2 2 2 2 2 2 2 2 2
left_child=6 5 9 4 -4 7 -1 -2 -7 -3 -5
right_child=1 2 3 10 -6 8 -8 -9 -10 -11 -12
leaf_value=3.0499692839887425e-06 -6.902781107624407e-07 -2.7309762906745845e-07 -2.3190124612885491e-07 -2.1752980882405986e-07 -2.4382195379171382e-07 -6.957862002280147e-07 3.0426469137426083e-06 -6.8546291089611392e-07 -6.9044773719527332e-07 -2.7634315952868167e-07 -2.1983406529010786e-07
leaf_weight=4864 10019 7956 6061 7160 5989 3978 4836 9878 3937 8037 7285
leaf_count=4864 10019 7956 6061 7160 5989 3978 4836 9878 3937 8037 7285
internal_value=-5.28508e-10 -4.20933e-07 -2.45211e-07 -2.27394e-07 -2.37826e-07 -6.8938e-07 3.04632e-06 -6.87888e-07 -6.93131e-07 -2.74729e-07 -2.18692e-07
internal_weight=80000 70300 42488 26495 12050 27812 9700 19897 7915 15993 14445
internal_count=80000 70300 42488 26495 12050 27812 9700 19897 7915 15993 14445
is_linear=0
shrinkage=0.05


Tree=271
num_leaves=12
num_cat=0
split_feature=2 3 2 2 2 2 2 2 2 2 2
split_gain=3.69655e-05 1.15833e-06 7.98555e-09 8.93786e-10 1.19773e-10 5.54317e-11 5.95098e-11 2.81396e-11 2.58112e-11 2.67409e-12 5.02826e-14
threshold=12425.000000000002 1.0000000180025095e-35 17850.000000000004 29925.000000000004 40075.000000000007 19425.000000000004 15225 19775.000000000004 19425.000000000004 16275.000000000002 9625.0000000000018
decision_type=2 2 2 2 2 2 2 2 2 2 2
left_child=10 5 9 8 -5 6 -2 -7 -4 -3 -1
right_child=1 2 3 4 -6 7 -8 -9 -10 -11 -12
leaf_value=2.8941427444806323e-06 -6.5081557722812243e-07 -2.6299440339713641e-07 -2.2535768705636086e-07 -2.0462313028606562e-07 -2.1372934149459322e-07 -6.5601336059327693e-07 -6.4534653501520458e-07 -6.5005071125763731e-07 -2.2998595391620197e-07 -2.6170131465920955e-07 2.8939150644807534e-06
leaf_weight=4864 10019 7956 6061 7160 7285 3978 9878 3937 5989 8037 4836
leaf_count=4864 10019 7956 6061 7160 7285 3978 9878 3937 5989 8037 4836
internal_value=5.86035e-10 -3.98652e-07 -2.34444e-07 -2.17603e-07 -2.09216e-07 -6.49508e-07 -6.481e-07 -6.53047e-07 -2.27658e-07 -2.62345e-07 2.89403e-06
internal_weight=80000 70300 42488 26495 14445 27812 19897 7915 12050 15993 9700
internal_count=80000 70300 42488 26495 14445 27812 19897 7915 12050 15993 9700
is_linear=0
shrinkage=0.05


Tree=272
num_leaves=12
num_cat=0
split_feature=2 3 2 2 2 2 2 2 2 2 2
split_gain=3.34195e-05 1.06679e-06 8.92135e-09 7.78505e-10 1.96305e-10 5.90964e-11 5.79895e-11 2.3751e-11 7.75828e-12 2.8368e-11 4.19857e-14
threshold=12425.000000000002 1.0000000180025095e-35 17850.000000000004 29925.000000000004 40075.000000000007 15225 16275.000000000002 19425.000000000004 19775.000000000004 19425.000000000004 9625.0000000000018
decision_type=2 2 2 2 2 2 2 2 2 2 2
left_child=10 5 6 7 -5 -2 -3 -4 9 -7 -1
right_child=1 2 3 4 -6 8 -8 -9 -10 -11 -12
leaf_value=2.7504065273158057e-06 -6.2407421033945833e-07 -2.4914173067292278e-07 -2.1205487884405921e-07 -1.9117007732804988e-07 -2.0282806693745668e-07 -6.1839406718950631e-07 -2.5516337688089429e-07 -2.1649459121124605e-07 -6.1731454608183676e-07 -6.2339482778054003e-07 2.7506145767529012e-06
leaf_weight=4864 10019 7956 6061 7160 7285 9878 8037 5989 3937 3978 4836
leaf_count=4864 10019 7956 6061 7160 7285 9878 8037 5989 3937 3978 4836
internal_value=-6.56616e-10 -3.80263e-07 -2.22678e-07 -2.04878e-07 -1.9705e-07 -6.21003e-07 -2.52168e-07 -2.14261e-07 -6.19273e-07 -6.1983e-07 2.75051e-06
internal_weight=80000 70300 42488 26495 14445 27812 15993 12050 17793 13856 9700
internal_count=80000 70300 42488 26495 14445 27812 15993 12050 17793 13856 9700
is_linear=0
shrinkage=0.05


Tree=273
num_leaves=12
num_cat=0
split_feature=2 3 2 2 2 2 2 2 2 2 2
split_gain=3.00948e-05 9.76605e-07 8.19573e-09 7.62303e-10 1.25802e-10 7.26391e-11 8.5792e-12 1.10423e-11 5.21247e-12 5.18772e-12 5.16256e-13
threshold=12425.000000000002 1.0000000180025095e-35 17850.000000000004 29925.000000000004 40075.000000000007 16275.000000000002 19425.000000000004 15225 9625.0000000000018 19425.000000000004 19775.000000000004
decision_type=2 2 2 2 2 2 2 2 2 2 2
left_child=8 6 5 9 -5 -3 7 -2 -1 -4 -8
right_child=1 2 3 4 -6 -7 10 -9 -10 -11 -12
leaf_value=2.6115817754065286e-06 -5.9148971528215137e-07 -2.3463557944377146e-07 -2.0095059492039396e-07 -1.8024329132174126e-07 -1.8957584348328888e-07 -2.4137505172201766e-07 -5.9266807613875615e-07 -5.8913386923670033e-07 2.6092636466615224e-06 -2.0302552119485873e-07 -5.9186044537171573e-07
leaf_weight=4864 10019 7956 6061 7160 7285 8037 3978 9878 4836 5989 3937
leaf_count=4864 10019 7956 6061 7160 7285 8037 3978 9878 4836 5989 3937
internal_value=-3.05382e-10 -3.60534e-07 -2.09757e-07 -1.92696e-07 -1.8495e-07 -2.38022e-07 -5.90874e-07 -5.9032e-07 2.61043e-06 -2.01982e-07 -5.92266e-07
internal_weight=80000 70300 42488 26495 14445 15993 27812 19897 9700 12050 7915
internal_count=80000 70300 42488 26495 14445 15993 27812 19897 9700 12050 7915
is_linear=0
shrinkage=0.05


Tree=274
num_leaves=12
num_cat=0
split_feature=2 3 2 2 2 2 2 2 2 2 2
split_gain=2.71525e-05 8.63247e-07 6.75366e-09 7.04982e-10 1.0683e-10 5.07787e-11 1.49444e-11 1.36001e-11 1.53787e-11 4.20703e-12 4.10055e-12
threshold=12425.000000000002 1.0000000180025095e-35 17850.000000000004 29925.000000000004 19425.000000000004 16275.000000000002 15225 19775.000000000004 19425.000000000004 9625.0000000000018 40075.000000000007
decision_type=2 2 2 2 2 2 2 2 2 2 2
left_child=9 6 5 4 -4 -3 -2 8 -8 -1 -5
right_child=1 2 3 10 -6 -7 7 -9 -10 -11 -12
leaf_value=2.482266140041726e-06 -5.5578458909197607e-07 -2.2183972774278775e-07 -1.877755881052829e-07 -1.7522658683507908e-07 -1.9719145160605692e-07 -2.274745661872873e-07 -5.5787864064567565e-07 -5.5560556795459427e-07 -5.6156062620189533e-07 2.4801835498776031e-06 -1.7691150362147613e-07
leaf_weight=4864 10019 7956 6061 7160 5989 8037 9878 3937 3978 4836 7285
leaf_count=4864 10019 7956 6061 7160 5989 8037 9878 3937 3978 4836 7285
internal_value=1.3974e-09 -3.4077e-07 -1.99013e-07 -1.83526e-07 -1.92455e-07 -2.24671e-07 -5.57329e-07 -5.58199e-07 -5.58936e-07 2.48123e-06 -1.76076e-07
internal_weight=80000 70300 42488 26495 12050 15993 27812 17793 13856 9700 14445
internal_count=80000 70300 42488 26495 12050 15993 27812 17793 13856 9700 14445
is_linear=0
shrinkage=0.05


Tree=275
num_leaves=12
num_cat=0
split_feature=2 3 2 2 2 2 2 2 2 2 2
split_gain=2.45883e-05 7.76877e-07 5.40234e-09 6.70017e-10 9.71959e-11 6.3118e-11 2.23133e-11 3.60905e-11 3.5464e-12 2.71852e-12 1.92339e-13
threshold=12425.000000000002 1.0000000180025095e-35 17850.000000000004 29925.000000000004 19425.000000000004 9625.0000000000018 15225 19425.000000000004 40075.000000000007 16275.000000000002 19775.000000000004
decision_type=2 2 2 2 2 2 2 2 2 2 2
left_child=5 6 9 4 -4 -1 -2 -8 -5 -3 -9
right_child=1 2 3 8 -6 -7 7 10 -10 -11 -12
leaf_value=2.3552626747627265e-06 -5.3348651146464145e-07 -2.1528399770260388e-07 -1.8207060157480738e-07 -1.6977644867560302e-07 -1.9105188072718014e-07 2.3633293126780244e-06 -5.2852071810405163e-07 -5.3280689697403625e-07 -1.7134338534547702e-07 -2.1398021108128434e-07 -5.3329985930139884e-07
leaf_weight=4864 10019 7956 6061 7160 5989 4836 9878 3978 7285 8037 3937
leaf_count=4864 10019 7956 6061 7160 5989 4836 9878 3978 7285 8037 3937
internal_value=-5.48902e-10 -3.26159e-07 -1.91681e-07 -1.77829e-07 -1.86534e-07 2.35928e-06 -5.31599e-07 -5.30536e-07 -1.70567e-07 -2.14629e-07 -5.33052e-07
internal_weight=80000 70300 42488 26495 12050 9700 27812 17793 14445 15993 7915
internal_count=80000 70300 42488 26495 12050 9700 27812 17793 14445 15993 7915
is_linear=0
shrinkage=0.05


Tree=276
num_leaves=12
num_cat=0
split_feature=2 3 2 2 2 2 2 2 2 2 2
split_gain=2.21658e-05 6.93372e-07 5.12156e-09 6.62898e-10 1.03811e-10 4.90743e-11 4.59626e-11 3.77837e-11 1.79303e-11 4.73162e-12 5.70361e-16
threshold=12425.000000000002 1.0000000180025095e-35 17850.000000000004 29925.000000000004 40075.000000000007 19425.000000000004 16275.000000000002 19775.000000000004 15225 19425.000000000004 9625.0000000000018
decision_type=2 2 2 2 2 2 2 2 2 2 2
left_child=10 5 6 9 -5 8 -3 -7 -2 -4 -1
right_child=1 2 3 4 -6 7 -8 -9 -10 -11 -12
leaf_value=2.2403554052480583e-06 -5.0362924808062403e-07 -2.0198275810919982e-07 -1.765202202002437e-07 -1.5734690792699912e-07 -1.6582463771282513e-07 -5.1023035187062577e-07 -2.0734372223601446e-07 -5.0332107026946553e-07 -5.0062724643739846e-07 -1.7850183377048324e-07 2.2403311563657276e-06
leaf_weight=4864 10019 7956 6061 7160 7285 3978 8037 3937 9878 5989 4836
leaf_count=4864 10019 7956 6061 7160 7285 3978 8037 3937 9878 5989 4836
internal_value=-2.24598e-10 -3.09378e-07 -1.82333e-07 -1.68846e-07 -1.61622e-07 -5.03464e-07 -2.04677e-07 -5.06794e-07 -5.02139e-07 -1.77505e-07 2.24034e-06
internal_weight=80000 70300 42488 26495 14445 27812 15993 7915 19897 12050 9700
internal_count=80000 70300 42488 26495 14445 27812 15993 7915 19897 12050 9700
is_linear=0
shrinkage=0.05


Tree=277
num_leaves=12
num_cat=0
split_feature=2 3 2 2 2 2 2 2 2 2 2
split_gain=2.00355e-05 6.47002e-07 4.89726e-09 5.98914e-10 1.06669e-10 1.8498e-11 1.72602e-11 5.73787e-12 1.0758e-11 2.62573e-12 2.48385e-13
threshold=12425.000000000002 1.0000000180025095e-35 17850.000000000004 29925.000000000004 40075.000000000007 19425.000000000004 16275.000000000002 19425.000000000004 15225 19775.000000000004 9625.0000000000018
decision_type=2 2 2 2 2 2 2 2 2 2 2
left_child=10 7 6 5 -5 -4 -3 8 -2 -9 -1
right_child=1 2 3 4 -6 -7 -8 9 -10 -11 -12
leaf_value=2.1300004247773596e-06 -4.8203889781774452e-07 -1.9132863883184834e-07 -1.6422541722556343e-07 -1.4674207898033732e-07 -1.5533570630550027e-07 -1.6814353121614086e-07 -1.9461385598894048e-07 -4.8338209022287897e-07 -4.7971357848110758e-07 -4.8156069066604487e-07 2.1305064577291545e-06
leaf_weight=4864 10019 7956 6061 7160 7285 5989 8037 3978 9878 3937 4836
leaf_count=4864 10019 7956 6061 7160 7285 5989 8037 3978 9878 3937 4836
internal_value=6.8706e-11 -2.93854e-07 -1.71131e-07 -1.57942e-07 -1.51076e-07 -1.66173e-07 -1.9298e-07 -4.81337e-07 -4.80884e-07 -4.82476e-07 2.13025e-06
internal_weight=80000 70300 42488 26495 14445 12050 15993 27812 19897 7915 9700
internal_count=80000 70300 42488 26495 14445 12050 15993 27812 19897 7915 9700
is_linear=0
shrinkage=0.05


Tree=278
num_leaves=12
num_cat=0
split_feature=2 3 2 3 2 2 2 2 2 2 2
split_gain=1.8022e-05 5.71537e-07 4.5466e-09 2.40015e-10 1.66779e-10 7.76495e-11 5.61774e-11 4.51958e-11 2.84573e-11 5.45259e-12 1.52488e-12
threshold=12425.000000000002 1.0000000180025095e-35 17850.000000000004 0.13974065598779559 16275.000000000002 19425.000000000004 15225 19775.000000000004 40075.000000000007 19425.000000000004 9625.0000000000018
decision_type=2 2 2 2 2 2 2 2 2 2 2
left_child=10 5 4 8 -3 6 -2 -7 9 -4 -1
right_child=1 2 3 -5 -6 7 -8 -9 -10 -11 -12
leaf_value=2.0201921319982687e-06 -4.5543970295204548e-07 -1.7883336575592354e-07 -1.5353560814936059e-07 -1.4238516198843198e-07 -1.8904536510116057e-07 -4.6241555614382885e-07 -4.5012598979968701e-07 -4.5485890053869323e-07 -1.5063436961411285e-07 -1.5566284361014403e-07 2.0214459470831818e-06
leaf_weight=4864 10019 7956 6061 7160 8037 3978 9878 3937 7285 5989 4836
leaf_count=4864 10019 7956 6061 7160 8037 3978 9878 3937 7285 5989 4836
internal_value=5.05182e-10 -2.78258e-07 -1.62913e-07 -1.50205e-07 -1.83965e-07 -4.54468e-07 -4.52802e-07 -4.58657e-07 -1.53101e-07 -1.54593e-07 2.02082e-06
internal_weight=80000 70300 42488 26495 15993 27812 19897 7915 19335 12050 9700
internal_count=80000 70300 42488 26495 15993 27812 19897 7915 19335 12050 9700
is_linear=0
shrinkage=0.05


Tree=279
num_leaves=12
num_cat=0
split_feature=2 3 2 2 2 2 2 2 2 2 2
split_gain=1.62584e-05 5.25419e-07 4.17792e-09 5.33538e-10 5.16093e-11 3.35955e-11 8.46022e-12 5.81926e-12 1.59469e-11 5.45949e-12 3.63662e-12
threshold=12425.000000000002 1.0000000180025095e-35 17850.000000000004 29925.000000000004 40075.000000000007 9625.0000000000018 16275.000000000002 15225 19425.000000000004 19425.000000000004 19775.000000000004
decision_type=2 2 2 2 2 2 2 2 2 2 2
left_child=5 7 6 9 -5 -1 -3 -2 -9 -4 -10
right_child=1 2 3 4 -6 -7 -8 8 10 -11 -12
leaf_value=1.9158939961160189e-06 -4.347720799170273e-07 -1.7328832048252087e-07 -1.4879261821906691e-07 -1.325869948867261e-07 -1.3856452332992382e-07 1.9217791358392989e-06 -1.7558833908883439e-07 -4.3192562359289922e-07 -4.3600396315912283e-07 -1.5092120031733051e-07 -4.3386043363896828e-07
leaf_weight=4864 10019 7956 6061 7160 7285 4836 8037 9878 3978 5989 3937
leaf_count=4864 10019 7956 6061 7160 7285 4836 8037 9878 3978 5989 3937
internal_value=-8.49087e-11 -2.64857e-07 -1.54264e-07 -1.42082e-07 -1.35602e-07 1.91883e-06 -1.74444e-07 -4.33808e-07 -4.33266e-07 -1.49851e-07 -4.34938e-07
internal_weight=80000 70300 42488 26495 14445 9700 15993 27812 17793 12050 7915
internal_count=80000 70300 42488 26495 14445 9700 15993 27812 17793 12050 7915
is_linear=0
shrinkage=0.05


Tree=280
num_leaves=12
num_cat=0
split_feature=2 3 2 3 2 2 2 2 2 2 2
split_gain=1.46627e-05 4.67331e-07 3.75163e-09 5.23277e-10 1.24136e-10 3.4846e-11 2.82595e-11 2.19551e-11 4.76059e-11 4.3688e-11 2.01581e-12
threshold=12425.000000000002 1.0000000180025095e-35 17850.000000000004 0.12613636363636363 29925.000000000004 9625.0000000000018 16275.000000000002 19425.000000000004 15225 19775.000000000004 40075.000000000007
decision_type=2 2 2 2 2 2 2 2 2 2 2
left_child=5 7 6 -4 -5 -1 -3 8 -2 -9 -6
right_child=1 2 3 4 10 -7 -8 9 -10 -11 -12
leaf_value=1.8203464629837792e-06 -4.1130683818009012e-07 -1.6736047963480588e-07 -1.4758361347198818e-07 -1.3678967033852015e-07 -1.2766822478955082e-07 1.8263401265895094e-06 -1.6315686296872332e-07 -4.1568731146856637e-07 -4.0641527594158419e-07 -4.0825777624444911e-07 -1.2884958382400603e-07
leaf_weight=4864 10019 7956 5989 6061 7160 4836 8037 3978 9878 3937 7285
leaf_count=4864 10019 7956 5989 6061 7160 4836 8037 3978 9878 3937 7285
internal_value=1.0179e-09 -2.50426e-07 -1.46125e-07 -1.34581e-07 -1.30784e-07 1.82333e-06 -1.65248e-07 -4.09764e-07 -4.08878e-07 -4.11992e-07 -1.28264e-07
internal_weight=80000 70300 42488 26495 20506 9700 15993 27812 19897 7915 14445
internal_count=80000 70300 42488 26495 20506 9700 15993 27812 19897 7915 14445
is_linear=0
shrinkage=0.05


Tree=281
num_leaves=12
num_cat=0
split_feature=2 3 3 2 2 2 2 2 2 2 2
split_gain=1.32453e-05 4.25028e-07 3.22111e-09 4.50032e-10 1.85477e-10 5.86582e-11 1.96724e-11 1.29353e-11 1.54279e-11 6.6344e-12 1.62509e-12
threshold=12425.000000000002 1.0000000180025095e-35 0.12613636363636363 19425.000000000004 29925.000000000004 9625.0000000000018 16275.000000000002 15225 19775.000000000004 19425.000000000004 40075.000000000007
decision_type=2 2 2 2 2 2 2 2 2 2 2
left_child=5 7 3 6 -4 -1 -3 -2 9 -9 -6
right_child=1 2 4 -5 10 -7 -8 8 -10 -11 -12
leaf_value=1.7263779730120932e-06 -3.9124387445590879e-07 -1.5716882220335764e-07 -1.3434382495429627e-07 -1.4286254550362842e-07 -1.2338751512085345e-07 1.7341544056156029e-06 -1.6067608968684206e-07 -3.935805184200225e-07 -3.9072794850857952e-07 -3.9599888841914228e-07 -1.2444822432814638e-07
leaf_weight=4864 10019 7956 6061 5989 7160 4836 8037 9878 3937 3978 7285
leaf_count=4864 10019 7956 6061 5989 7160 4836 8037 9878 3937 3978 7285
internal_value=-1.74347e-09 -2.40725e-07 -1.41257e-07 -1.54553e-07 -1.27003e-07 1.73025e-06 -1.58931e-07 -3.92681e-07 -3.9349e-07 -3.94275e-07 -1.23922e-07
internal_weight=80000 70300 42488 21982 20506 9700 15993 27812 17793 13856 14445
internal_count=80000 70300 42488 21982 20506 9700 15993 27812 17793 13856 14445
is_linear=0
shrinkage=0.05


Tree=282
num_leaves=12
num_cat=0
split_feature=2 3 2 2 2 2 2 2 2 2 2
split_gain=1.19739e-05 3.78953e-07 2.80081e-09 3.84157e-10 1.81735e-10 1.07125e-10 3.53469e-11 2.09135e-11 2.18152e-11 3.62073e-12 5.8779e-13
threshold=12425.000000000002 1.0000000180025095e-35 17850.000000000004 29925.000000000004 16275.000000000002 40075.000000000007 9625.0000000000018 15225 19425.000000000004 19775.000000000004 19425.000000000004
decision_type=2 2 2 2 2 2 2 2 2 2 2
left_child=6 7 4 10 -3 -5 -1 -2 -9 -10 -4
right_child=1 2 3 5 -6 -7 -8 8 9 -11 -12
leaf_value=1.6434181337612436e-06 -3.7287789876035044e-07 -1.4481118338590608e-07 -1.2991586706228154e-07 -1.1382898147993165e-07 -1.5547125726239266e-07 -1.2244095970852865e-07 1.6494547188315908e-06 -3.684546980206002e-07 -3.7091383090675396e-07 -3.730526718481096e-07 -1.3061430074938861e-07
leaf_weight=4864 10019 7956 6061 7160 8037 7285 4836 9878 3978 3937 5989
leaf_count=4864 10019 7956 6061 7160 8037 7285 4836 9878 3978 3937 5989
internal_value=-3.45265e-10 -2.27567e-07 -1.33645e-07 -1.23671e-07 -1.50168e-07 -1.18172e-07 1.64643e-06 -3.71051e-07 -3.70022e-07 -3.71978e-07 -1.30263e-07
internal_weight=80000 70300 42488 26495 15993 14445 9700 27812 17793 7915 12050
internal_count=80000 70300 42488 26495 15993 14445 9700 27812 17793 7915 12050
is_linear=0
shrinkage=0.05


Tree=283
num_leaves=12
num_cat=0
split_feature=2 3 2 3 2 2 2 2 2 2 2
split_gain=1.07814e-05 3.49268e-07 2.42666e-09 2.11361e-10 3.64454e-11 1.47921e-11 1.22625e-11 9.87234e-12 9.61573e-12 2.55011e-12 5.69088e-13
threshold=12425.000000000002 1.0000000180025095e-35 17850.000000000004 0.13974065598779559 15225 16275.000000000002 40075.000000000007 9625.0000000000018 19425.000000000004 19425.000000000004 19775.000000000004
decision_type=2 2 2 2 2 2 2 2 2 2 2
left_child=7 4 5 6 -2 -3 9 -1 -6 -4 -10
right_child=1 2 3 -5 8 -7 -8 -9 10 -11 -12
leaf_value=1.5634166629752145e-06 -3.5656826206336915e-07 -1.4009052182910427e-07 -1.1992863482523528e-07 -1.0961636827085376e-07 -3.5175753997960656e-07 -1.431317958879752e-07 -1.1805316495473256e-07 1.5602264038105691e-06 -3.5451829483542482e-07 -1.2138340351451547e-07 -3.536703450151558e-07
leaf_weight=4864 10019 7956 6061 7160 9878 8037 7285 4836 3978 5989 3937
leaf_count=4864 10019 7956 6061 7160 9878 8037 7285 4836 3978 5989 3937
internal_value=-7.96405e-10 -2.16407e-07 -1.26239e-07 -1.16955e-07 -3.54156e-07 -1.41619e-07 -1.19673e-07 1.56183e-06 -3.52798e-07 -1.20652e-07 -3.54097e-07
internal_weight=80000 70300 42488 26495 27812 15993 19335 9700 17793 12050 7915
internal_count=80000 70300 42488 26495 27812 15993 19335 9700 17793 12050 7915
is_linear=0
shrinkage=0.05


Tree=284
num_leaves=12
num_cat=0
split_feature=2 3 2 2 2 2 2 2 2 2 2
split_gain=9.71012e-06 3.20189e-07 1.93687e-09 3.69243e-10 1.04261e-10 2.13984e-11 2.93073e-11 1.79123e-11 2.39983e-12 8.58687e-13 2.04358e-13
threshold=12425.000000000002 1.0000000180025095e-35 17850.000000000004 29925.000000000004 40075.000000000007 15225 19425.000000000004 16275.000000000002 19425.000000000004 19775.000000000004 9625.0000000000018
decision_type=2 2 2 2 2 2 2 2 2 2 2
left_child=10 5 7 8 -5 -2 -7 -3 -4 -8 -1
right_child=1 2 3 4 -6 6 9 -9 -10 -11 -12
leaf_value=1.4833653925674491e-06 -3.3817942044188771e-07 -1.3016637692303257e-07 -1.1557473972328519e-07 -1.0013760432702432e-07 -1.0863367606986088e-07 -3.3347402065548286e-07 -3.370393273388324e-07 -1.3351307298765152e-07 -1.1698599210598967e-07 -3.38080919997997e-07 1.4829063940484375e-06
leaf_weight=4864 10019 7956 6061 7160 7285 9878 3978 8037 5989 3937 4836
leaf_count=4864 10019 7956 6061 7160 7285 9878 3978 8037 5989 3937 4836
internal_value=1.77802e-10 -2.04441e-07 -1.18108e-07 -1.09814e-07 -1.04422e-07 -3.36331e-07 -3.3529e-07 -1.31848e-07 -1.16276e-07 -3.37557e-07 1.48314e-06
internal_weight=80000 70300 42488 26495 14445 27812 17793 15993 12050 7915 9700
internal_count=80000 70300 42488 26495 14445 27812 17793 15993 12050 7915 9700
is_linear=0
shrinkage=0.05


Tree=285
num_leaves=12
num_cat=0
split_feature=2 3 2 3 2 2 2 2 2 2 2
split_gain=8.82172e-06 2.82456e-07 2.15619e-09 1.17096e-10 1.69408e-11 1.52095e-11 1.40907e-11 1.47252e-11 3.27611e-12 9.57356e-13 5.65736e-13
threshold=12425.000000000002 1.0000000180025095e-35 17850.000000000004 0.13974065598779559 16275.000000000002 40075.000000000007 15225 19775.000000000004 19425.000000000004 19425.000000000004 9625.0000000000018
decision_type=2 2 2 2 2 2 2 2 2 2 2
left_child=10 6 4 5 -3 9 -2 8 -8 -4 -1
right_child=1 2 3 -5 -6 -7 7 -9 -10 -11 -12
leaf_value=1.4149676548856261e-06 -3.1631509504442821e-07 -1.2571478429813884e-07 -1.0677173471262974e-07 -9.8639329379637774e-08 -1.2896945771894617e-07 -1.0432079661312829e-07 -3.1893823863671634e-07 -3.1596096800268837e-07 -3.2063766029467194e-07 -1.0766309002869354e-07 1.4142039544611549e-06
leaf_weight=4864 10019 7956 6061 7160 8037 7285 9878 3937 3978 5989 4836
leaf_count=4864 10019 7956 6061 7160 8037 7285 9878 3937 3978 5989 4836
internal_value=1.09423e-09 -1.9394e-07 -1.12853e-07 -1.04102e-07 -1.2735e-07 -1.06124e-07 -3.17815e-07 -3.18659e-07 -3.19426e-07 -1.07215e-07 1.41459e-06
internal_weight=80000 70300 42488 26495 15993 19335 27812 17793 13856 12050 9700
internal_count=80000 70300 42488 26495 15993 19335 27812 17793 13856 12050 9700
is_linear=0
shrinkage=0.05


Tree=286
num_leaves=12
num_cat=0
split_feature=2 3 2 2 2 2 2 2 2 2 2
split_gain=7.9228e-06 2.61817e-07 2.10514e-09 1.64965e-10 2.31417e-11 4.15234e-12 9.92807e-12 9.02047e-13 8.00874e-13 1.39999e-13 6.94922e-14
threshold=12425.000000000002 1.0000000180025095e-35 17850.000000000004 29925.000000000004 16275.000000000002 19425.000000000004 15225 19425.000000000004 40075.000000000007 9625.0000000000018 19775.000000000004
decision_type=2 2 2 2 2 2 2 2 2 2 2
left_child=9 5 4 7 -3 6 -2 -4 -5 -1 -7
right_child=1 2 3 8 -6 10 -8 -9 -10 -11 -12
leaf_value=1.3392601503207853e-06 -3.0528861533953428e-07 -1.2346956651282675e-07 -1.0247566360618254e-07 -9.4607036350055615e-08 -1.1966558995694794e-07 -3.0538621277217332e-07 -3.030547888034007e-07 -1.0334088789424467e-07 -9.5351664835233028e-08 1.3388802417872877e-06 -3.056825241057407e-07
leaf_weight=4864 10019 7956 6061 7160 8037 3978 9878 5989 7285 4836 3937
leaf_count=4864 10019 7956 6061 7160 8037 3978 9878 5989 7285 4836 3937
internal_value=-4.71089e-10 -1.85301e-07 -1.07233e-07 -9.8586e-08 -1.21558e-07 -3.04565e-07 -3.0418e-07 -1.02906e-07 -9.49826e-08 1.33907e-06 -3.05534e-07
internal_weight=80000 70300 42488 26495 15993 27812 19897 12050 14445 9700 7915
internal_count=80000 70300 42488 26495 15993 27812 19897 12050 14445 9700 7915
is_linear=0
shrinkage=0.05


Tree=287
num_leaves=12
num_cat=0
split_feature=2 3 2 3 3 2 2 2 2 2 2
split_gain=7.16615e-06 2.31842e-07 2.39077e-09 2.5553e-10 7.26995e-11 3.93348e-11 2.19935e-11 1.23248e-11 1.12402e-11 1.08389e-11 8.303e-12
threshold=12425.000000000002 1.0000000180025095e-35 17850.000000000004 0.12613636363636363 0.13974065598779559 15225 16275.000000000002 19775.000000000004 9625.0000000000018 19425.000000000004 40075.000000000007
decision_type=2 2 2 2 2 2 2 2 2 2 2
left_child=8 5 6 -4 10 -2 -3 9 -1 -7 -5
right_child=1 2 3 4 -6 7 -8 -9 -10 -11 -12
leaf_value=1.2760920071741566e-06 -2.9009474220383834e-07 -1.1902588342818107e-07 -1.0176750731471435e-07 -9.3575715613787313e-08 -8.5963277967631115e-08 -2.8599189187747569e-07 -1.153174769624658e-07 -2.8370916907284536e-07 1.2726879070735961e-06 -2.8908300125019042e-07 -9.1070897470361967e-08
leaf_weight=4864 10019 7956 5989 6061 7160 9878 8037 3937 4836 3978 7285
leaf_count=4864 10019 7956 5989 6061 7160 9878 8037 3937 4836 3978 7285
internal_value=4.22936e-10 -1.7536e-07 -1.01896e-07 -9.26815e-08 -9.00278e-08 -2.87589e-07 -1.17162e-07 -2.86178e-07 1.27439e-06 -2.86879e-07 -9.22084e-08
internal_weight=80000 70300 42488 26495 20506 27812 15993 17793 9700 13856 13346
internal_count=80000 70300 42488 26495 20506 27812 15993 17793 9700 13856 13346
is_linear=0
shrinkage=0.05


Tree=288
num_leaves=12
num_cat=0
split_feature=2 3 3 2 3 2 2 2 2 2 2
split_gain=6.46184e-06 2.01533e-07 1.93262e-09 2.33274e-10 1.04546e-10 1.31939e-11 1.30538e-11 1.17314e-11 6.70034e-12 4.345e-13 1.06885e-13
threshold=12425.000000000002 1.0000000180025095e-35 0.12613636363636363 19425.000000000004 0.13974065598779559 15225 16275.000000000002 19775.000000000004 19425.000000000004 9625.0000000000018 40075.000000000007
decision_type=2 2 2 2 2 2 2 2 2 2 2
left_child=9 5 3 6 10 -2 -3 8 -7 -1 -4
right_child=1 2 4 -5 -6 7 -8 -9 -10 -11 -12
leaf_value=1.2099397664362761e-06 -2.6958089873706137e-07 -1.0991813971940012e-07 -8.9321327185225398e-08 -9.9784893542465958e-08 -8.198733092936059e-08 -2.7183599450751959e-07 -1.1277513334492153e-07 -2.6944082435897032e-07 -2.7426635383409646e-07 1.2106090509452118e-06 -8.9605523202396993e-08
leaf_weight=4864 10019 7956 6061 5989 7160 9878 8037 3937 3978 4836 7285
leaf_count=4864 10019 7956 6061 5989 7160 9878 8037 3937 3978 4836 7285
internal_value=5.25363e-10 -1.66396e-07 -9.79024e-08 -1.08202e-07 -8.68615e-08 -2.71032e-07 -1.11354e-07 -2.71849e-07 -2.72534e-07 1.21027e-06 -8.94765e-08
internal_weight=80000 70300 42488 21982 20506 27812 15993 17793 13856 9700 13346
internal_count=80000 70300 42488 21982 20506 27812 15993 17793 13856 9700 13346
is_linear=0
shrinkage=0.05


Tree=289
num_leaves=12
num_cat=0
split_feature=2 3 3 2 2 2 2 2 2 2 2
split_gain=5.83109e-06 1.86287e-07 1.91924e-09 2.25274e-10 9.12448e-11 2.50624e-11 1.40393e-11 1.28973e-11 2.91334e-12 4.05704e-14 3.14457e-15
threshold=12425.000000000002 1.0000000180025095e-35 0.12613636363636363 19425.000000000004 29925.000000000004 15225 16275.000000000002 19775.000000000004 19425.000000000004 9625.0000000000018 40075.000000000007
decision_type=2 2 2 2 2 2 2 2 2 2 2
left_child=9 5 3 6 -4 -2 -3 8 -7 -1 -6
right_child=1 2 4 -5 10 7 -8 -9 -10 -11 -12
leaf_value=1.148330707828312e-06 -2.6212675576041098e-07 -1.0554655384360103e-07 -8.7820640339497205e-08 -9.56666242660316e-08 -8.0534740866229529e-08 -2.5782258547563427e-07 -1.0850942724706397e-07 -2.6152564328237671e-07 -2.5942515911484798e-07 1.1481261950134893e-06 -8.0488081540472628e-08
leaf_weight=4864 10019 7956 6061 5989 7160 9878 8037 3937 3978 4836 7285
leaf_count=4864 10019 7956 6061 5989 7160 9878 8037 3937 3978 4836 7285
internal_value=-9.60647e-10 -1.59526e-07 -9.36742e-08 -1.03938e-07 -8.26717e-08 -2.60127e-07 -1.07035e-07 -2.59e-07 -2.58283e-07 1.14823e-06 -8.05112e-08
internal_weight=80000 70300 42488 21982 20506 27812 15993 17793 13856 9700 14445
internal_count=80000 70300 42488 21982 20506 27812 15993 17793 13856 9700 14445
is_linear=0
shrinkage=0.05


Tree=290
num_leaves=12
num_cat=0
split_feature=2 3 2 2 2 2 2 2 2 2 2
split_gain=5.25928e-06 1.67051e-07 1.06e-09 1.83051e-10 6.09756e-11 1.99688e-11 2.96998e-11 8.19958e-12 4.73787e-12 2.97101e-12 5.38215e-13
threshold=12425.000000000002 1.0000000180025095e-35 17850.000000000004 29925.000000000004 9625.0000000000018 15225 19425.000000000004 16275.000000000002 40075.000000000007 19425.000000000004 19775.000000000004
decision_type=2 2 2 2 2 2 2 2 2 2 2
left_child=4 5 7 9 -1 -2 -7 -3 -5 -4 -8
right_child=1 2 3 8 -6 6 10 -9 -10 -11 -12
leaf_value=1.0956005026903431e-06 -2.4738323629647569e-07 -9.7000553387192289e-08 -8.5607458015412427e-08 -7.8955157295743521e-08 1.087671948884359e-06 -2.427638813112298e-07 -2.4646436083287398e-07 -9.9264865827347964e-08 -7.7144030047556316e-08 -8.7177699278137544e-08 -2.4728898899542186e-07
leaf_weight=4864 10019 7956 6061 7160 4836 9878 3978 8037 7285 5989 3937
leaf_count=4864 10019 7956 6061 7160 4836 9878 3978 8037 7285 5989 3937
internal_value=2.5751e-10 -1.50333e-07 -8.79734e-08 -8.18376e-08 1.09165e-06 -2.45598e-07 -2.44592e-07 -9.81384e-08 -7.80418e-08 -8.63879e-08 -2.46875e-07
internal_weight=80000 70300 42488 26495 9700 27812 17793 15993 14445 12050 7915
internal_count=80000 70300 42488 26495 9700 27812 17793 15993 14445 12050 7915
is_linear=0
shrinkage=0.05


Tree=291
num_leaves=12
num_cat=0
split_feature=2 3 2 2 2 2 2 2 2 2 2
split_gain=4.74718e-06 1.47065e-07 8.9798e-10 1.26601e-10 2.16382e-11 2.58514e-11 1.02911e-11 6.25562e-12 2.06574e-12 6.48502e-13 1.45733e-15
threshold=12425.000000000002 1.0000000180025095e-35 17850.000000000004 29925.000000000004 15225 19425.000000000004 16275.000000000002 9625.0000000000018 19775.000000000004 19425.000000000004 40075.000000000007
decision_type=2 2 2 2 2 2 2 2 2 2 2
left_child=7 4 6 9 -2 -6 -3 -1 -7 -4 -5
right_child=1 2 3 10 5 8 -8 -9 -10 -11 -12
leaf_value=1.0381472245506685e-06 -2.3432801263720134e-07 -9.2655550157605357e-08 -8.2346493618142109e-08 -7.5786200536716761e-08 -2.2971692624592205e-07 -2.3274843813617358e-07 -9.5192264749046165e-08 1.0356077081779969e-06 -2.3436397862882521e-07 -8.3080111264294243e-08 -7.5754436401250172e-08
leaf_weight=4864 10019 7956 6061 7160 9878 3978 8037 4836 3937 5989 7285
leaf_count=4864 10019 7956 6061 7160 9878 3978 8037 4836 3937 5989 7285
internal_value=-1.36298e-11 -1.43084e-07 -8.45744e-08 -7.89269e-08 -2.32469e-07 -2.31423e-07 -9.39303e-08 1.03688e-06 -2.33552e-07 -8.27111e-08 -7.57702e-08
internal_weight=80000 70300 42488 26495 27812 17793 15993 9700 7915 12050 14445
internal_count=80000 70300 42488 26495 27812 17793 15993 9700 7915 12050 14445
is_linear=0
shrinkage=0.05


Tree=292
num_leaves=12
num_cat=0
split_feature=2 3 3 2 2 2 2 2 2 2 2
split_gain=4.30771e-06 1.32892e-07 5.63164e-10 2.05427e-10 1.41979e-11 1.46542e-11 1.26875e-11 2.29264e-12 7.26156e-13 7.83993e-14 2.57877e-14
threshold=12425.000000000002 1.0000000180025095e-35 0.10753931544865862 29925.000000000004 15225 19775.000000000004 17850.000000000004 19425.000000000004 19425.000000000004 9625.0000000000018 40075.000000000007
decision_type=2 2 2 2 2 2 2 2 2 2 2
left_child=9 4 -3 6 -2 7 -4 -6 -8 -1 -5
right_child=1 2 3 10 5 -7 8 -9 -10 -11 -12
leaf_value=9.867684758845778e-07 -2.2085760260408528e-07 -9.3693351936250233e-08 -8.3825263697464967e-08 -7.4383673939708229e-08 -2.2356754526340181e-07 -2.2051889764096284e-07 -8.0866681243913923e-08 -2.2498918500578602e-07 -8.1642980735993471e-08 9.8648417904369091e-07 -7.4517291695053401e-08
leaf_weight=4864 10019 8037 7956 7160 9878 3937 6061 3978 5989 4836 7285
leaf_count=4864 10019 8037 7956 7160 9878 3937 6061 3978 5989 4836 7285
internal_value=-1.10686e-09 -1.37394e-07 -8.17752e-08 -7.89949e-08 -2.22363e-07 -2.23211e-07 -8.22756e-08 -2.23976e-07 -8.12525e-08 9.86627e-07 -7.44511e-08
internal_weight=80000 70300 42488 34451 27812 17793 20006 13856 12050 9700 14445
internal_count=80000 70300 42488 34451 27812 17793 20006 13856 12050 9700 14445
is_linear=0
shrinkage=0.05


Tree=293
num_leaves=12
num_cat=0
split_feature=2 3 2 3 2 2 2 2 2 2 2
split_gain=3.88632e-06 1.25805e-07 7.05479e-10 6.98137e-11 1.36493e-11 1.58442e-11 6.74544e-12 6.58304e-12 2.08454e-12 5.9626e-13 1.83271e-16
threshold=12425.000000000002 1.0000000180025095e-35 17850.000000000004 0.13974065598779559 15225 19775.000000000004 40075.000000000007 16275.000000000002 19425.000000000004 19425.000000000004 9625.0000000000018
decision_type=2 2 2 2 2 2 2 2 2 2 2
left_child=10 4 7 6 -2 8 9 -3 -6 -4 -1
right_child=1 2 3 -5 5 -7 -8 -9 -10 -11 -12
leaf_value=9.3835695368302133e-07 -2.1342791378764302e-07 -8.243707093176544e-08 -7.2096663295474072e-08 -6.5940594191366399e-08 -2.099361040448872e-07 -2.1391970425175215e-07 -7.0519031836621223e-08 -8.4465939940483075e-08 -2.1129168961370387e-07 -7.2800111572018233e-08 9.3834320810447073e-07
leaf_weight=4864 10019 7956 6061 7160 9878 3937 7285 8037 3978 5989 4836
leaf_count=4864 10019 7956 6061 7160 9878 3937 7285 8037 3978 5989 4836
internal_value=1.70338e-10 -1.2928e-07 -7.51639e-08 -7.01583e-08 -2.11952e-07 -2.11121e-07 -7.17201e-08 -8.34566e-08 -2.10325e-07 -7.24463e-08 9.3835e-07
internal_weight=80000 70300 42488 26495 27812 17793 19335 15993 13856 12050 9700
internal_count=80000 70300 42488 26495 27812 17793 19335 15993 13856 12050 9700
is_linear=0
shrinkage=0.05


Tree=294
num_leaves=12
num_cat=0
split_feature=2 3 2 3 2 2 2 2 2 2 2
split_gain=3.50534e-06 1.11975e-07 6.45926e-10 1.07535e-10 1.28843e-11 1.39715e-11 6.21701e-12 1.08622e-12 5.0008e-13 2.17774e-13 1.04945e-13
threshold=12425.000000000002 1.0000000180025095e-35 17850.000000000004 0.13974065598779559 19425.000000000004 15225 16275.000000000002 19775.000000000004 19425.000000000004 9625.0000000000018 40075.000000000007
decision_type=2 2 2 2 2 2 2 2 2 2 2
left_child=9 4 6 8 5 -2 -3 -6 -4 -1 -10
right_child=1 2 3 -5 7 -7 -8 -9 10 -11 -12
leaf_value=8.9056978284038222e-07 -2.0050354669011305e-07 -7.9034044373916983e-08 -6.8862265927203563e-08 -6.2065632567043781e-08 -1.9885137214926119e-07 -2.0315350250381164e-07 -8.1005701995691708e-08 -2.0002286472202393e-07 -6.9565457719696808e-08 8.9104360928454709e-07 -6.9282931432590738e-08
leaf_weight=4864 10019 7956 6061 7160 3978 9878 8037 3937 5989 4836 7285
leaf_count=4864 10019 7956 6061 7160 3978 9878 8037 3937 5989 4836 7285
internal_value=-2.03166e-10 -1.23145e-07 -7.20899e-08 -6.73002e-08 -2.0114e-07 -2.01819e-07 -8.00249e-08 -1.99434e-07 -6.92386e-08 8.90806e-07 -6.94104e-08
internal_weight=80000 70300 42488 26495 27812 19897 15993 7915 19335 9700 13274
internal_count=80000 70300 42488 26495 27812 19897 15993 7915 19335 9700 13274
is_linear=0
shrinkage=0.05


Tree=295
num_leaves=12
num_cat=0
split_feature=2 3 2 2 2 2 2 2 2 2 2
split_gain=3.15253e-06 9.94612e-08 4.39873e-10 1.16503e-10 3.40116e-11 1.53717e-11 1.00164e-11 9.82093e-12 6.69464e-12 8.72998e-13 1.86435e-15
threshold=12425.000000000002 1.0000000180025095e-35 29925.000000000004 17850.000000000004 16275.000000000002 15225 9625.0000000000018 19775.000000000004 19425.000000000004 19425.000000000004 40075.000000000007
decision_type=2 2 2 2 2 2 2 2 2 2 2
left_child=6 5 3 4 -3 -2 -1 8 -7 -5 -4
right_child=1 2 10 9 -6 7 -8 -9 -10 -11 -12
leaf_value=8.4711488948653966e-07 -1.8799947780050463e-07 -7.6706506206620712e-08 -6.0869943153492938e-08 -6.7455802792601818e-08 -7.209487970771483e-08 -1.9037674286459192e-07 8.4390144136455453e-07 -1.8824430428358286e-07 -1.9280606759159583e-07 -6.8306981654808814e-08 -6.0834016142107478e-08
leaf_weight=4864 10019 7956 7160 6061 8037 9878 4836 3937 3978 5989 7285
leaf_count=4864 10019 7956 7160 6061 8037 9878 4836 3937 3978 5989 7285
internal_value=5.32717e-10 -1.16058e-07 -6.79403e-08 -7.15916e-08 -7.4389e-08 -1.89566e-07 8.45513e-07 -1.90448e-07 -1.91074e-07 -6.78788e-08 -6.08518e-08
internal_weight=80000 70300 42488 28043 15993 27812 9700 17793 13856 12050 14445
internal_count=80000 70300 42488 28043 15993 27812 9700 17793 13856 12050 14445
is_linear=0
shrinkage=0.05


Tree=296
num_leaves=12
num_cat=0
split_feature=2 3 2 3 2 2 2 2 2 2 2
split_gain=2.82752e-06 9.33982e-08 9.51195e-10 1.03583e-10 3.23482e-11 4.00229e-12 4.20896e-12 9.45849e-13 2.28733e-13 1.3996e-13 1.31066e-13
threshold=12425.000000000002 1.0000000180025095e-35 17850.000000000004 0.13974065598779559 16275.000000000002 15225 19775.000000000004 19425.000000000004 19425.000000000004 9625.0000000000018 40075.000000000007
decision_type=2 2 2 2 2 2 2 2 2 2 2
left_child=9 5 4 7 -3 -2 8 -4 -7 -1 -9
right_child=1 2 3 -5 -6 6 -8 10 -10 -11 -12
leaf_value=8.0073427852767056e-07 -1.8214272872548267e-07 -7.5372372955486709e-08 -5.905564550268579e-08 -5.2533259855286752e-08 -7.0874933465106413e-08 -1.8061232285527503e-07 -1.8233599901532414e-07 -5.9982768116410935e-08 -1.8016328169978769e-07 8.0035442340139964e-07 -5.966703244149378e-08
leaf_weight=4864 10019 7956 6061 7160 8037 9878 3937 5989 3978 4836 7285
leaf_count=4864 10019 7956 6061 7160 8037 9878 3937 5989 3978 4836 7285
internal_value=3.06158e-10 -1.10111e-07 -6.34831e-08 -5.76707e-08 -7.31123e-08 -1.81343e-07 -1.80893e-07 -5.95732e-08 -1.80483e-07 8.00545e-07 -5.98095e-08
internal_weight=80000 70300 42488 26495 15993 27812 17793 19335 13856 9700 13274
internal_count=80000 70300 42488 26495 15993 27812 17793 19335 13856 9700 13274
is_linear=0
shrinkage=0.05


Tree=297
num_leaves=12
num_cat=0
split_feature=2 3 2 3 2 2 2 2 2 2 2
split_gain=2.57198e-06 7.98513e-08 7.59956e-10 8.153e-11 3.88137e-11 3.52573e-11 3.22188e-11 6.42002e-12 4.5759e-12 4.19708e-12 1.05059e-12
threshold=12425.000000000002 1.0000000180025095e-35 17850.000000000004 0.13974065598779559 19425.000000000004 19775.000000000004 16275.000000000002 40075.000000000007 9625.0000000000018 15225 19425.000000000004
decision_type=2 2 2 2 2 2 2 2 2 2 2
left_child=8 4 6 7 9 -6 -3 10 -1 -2 -4
right_child=1 2 3 -5 5 -7 -8 -9 -10 -11 -12
leaf_value=7.6537385451190768e-07 -1.6964786651121604e-07 -7.198926504036364e-08 -5.7863581706206609e-08 -5.1373540093425107e-08 -1.7638627028040301e-07 -1.6971198523879347e-07 -6.7500824317766224e-08 -5.6447476428577411e-08 7.6320188289382654e-07 -1.681954523135621e-07 -5.8797332995469655e-08
leaf_weight=4864 10019 7956 6061 7160 3978 3937 8037 7285 4836 9878 5989
leaf_count=4864 10019 7956 6061 7160 3978 3937 8037 7285 4836 9878 5989
internal_value=1.0689e-09 -1.04241e-07 -6.11268e-08 -5.59314e-08 -1.70105e-07 -1.73066e-07 -6.97337e-08 -5.76193e-08 7.64291e-07 -1.68927e-07 -5.83277e-08
internal_weight=80000 70300 42488 26495 27812 7915 15993 19335 9700 19897 12050
internal_count=80000 70300 42488 26495 27812 7915 15993 19335 9700 19897 12050
is_linear=0
shrinkage=0.05


Tree=298
num_leaves=12
num_cat=0
split_feature=2 3 2 2 3 2 2 2 2 2 2
split_gain=2.31859e-06 7.59871e-08 4.59114e-10 5.6625e-11 3.68499e-11 1.5418e-11 1.48244e-11 1.1574e-11 2.16934e-12 8.88179e-13 1.02374e-13
threshold=12425.000000000002 1.0000000180025095e-35 17850.000000000004 9625.0000000000018 0.13974065598779559 16275.000000000002 15225 19775.000000000004 19425.000000000004 19425.000000000004 40075.000000000007
decision_type=2 2 2 2 2 2 2 2 2 2 2
left_child=3 6 5 -1 9 -3 -2 8 -8 -4 -11
right_child=1 2 4 -5 -6 -7 7 -9 -10 10 -12
leaf_value=7.2067910447290882e-07 -1.6593932986950308e-07 -6.3221870824744268e-08 -5.4687479391971884e-08 7.2831957235780602e-07 -5.0990029651796519e-08 -6.6326821352222738e-08 -1.6245798304671165e-07 -1.6592709751052657e-07 -1.6384086589309749e-07 -5.5571122121113755e-08 -5.5292077930151964e-08
leaf_weight=4864 10019 7956 6061 4836 7160 8037 9878 3937 3978 5989 7285
leaf_count=4864 10019 7956 6061 4836 7160 8037 9878 3937 3978 5989 7285
internal_value=-1.62662e-10 -1.0015e-07 -5.80924e-08 7.24488e-07 -5.40543e-08 -6.47822e-08 -1.64401e-07 -1.63535e-07 -1.62855e-07 -5.5189e-08 -5.5418e-08
internal_weight=80000 70300 42488 9700 26495 15993 27812 17793 13856 19335 13274
internal_count=80000 70300 42488 9700 26495 15993 27812 17793 13856 19335 13274
is_linear=0
shrinkage=0.05


Tree=299
num_leaves=12
num_cat=0
split_feature=2 3 2 2 2 2 2 2 2 2 2
split_gain=2.10814e-06 7.03852e-08 6.85937e-10 1.05343e-10 6.68706e-11 5.77619e-11 1.65952e-11 1.57356e-11 3.21179e-12 1.45309e-12 2.70572e-13
threshold=12425.000000000002 1.0000000180025095e-35 17850.000000000004 29925.000000000004 9625.0000000000018 15225 16275.000000000002 19775.000000000004 19425.000000000004 19425.000000000004 40075.000000000007
decision_type=2 2 2 2 2 2 2 2 2 2 2
left_child=4 5 6 9 -1 -2 -3 8 -7 -4 -5
right_child=1 2 3 10 -6 7 -8 -9 -10 -11 -12
leaf_value=6.8617698736105875e-07 -1.6088042763690296e-07 -6.208708331104715e-08 -5.3499098591361432e-08 -4.7931719477699459e-08 6.9447995890590546e-07 -1.5644347495397532e-07 -6.5308390799397644e-08 -1.5334448923685881e-07 -1.5812613270884635e-07 -5.4597247404068589e-08 -4.7498908094926272e-08
leaf_weight=4864 10019 7956 6061 7160 4836 9878 8037 3937 3978 5989 7285
leaf_count=4864 10019 7956 6061 7160 4836 9878 8037 3937 3978 5989 7285
internal_value=-6.64909e-10 -9.60066e-08 -5.55289e-08 -5.0593e-08 6.90316e-07 -1.57844e-07 -6.37059e-08 -1.56134e-07 -1.56927e-07 -5.40449e-08 -4.77134e-08
internal_weight=80000 70300 42488 26495 9700 27812 15993 17793 13856 12050 14445
internal_count=80000 70300 42488 26495 9700 27812 15993 17793 13856 12050 14445
is_linear=0
shrinkage=0.05


end of trees

feature_importances:
monetary_monthly_spend=2980
emi_burden_ratio=317
income_stability_cv=3

parameters:
[boosting: gbdt]
[objective: regression]
[metric: l2]
[tree_learner: serial]
[device_type: cpu]
[data_sample_strategy: bagging]
[data: ]
[valid: ]
[num_iterations: 300]
[learning_rate: 0.05]
[num_leaves: 31]
[num_threads: 14]
[seed: 42]
[deterministic: 0]
[force_col_wise: 0]
[force_row_wise: 0]
[histogram_pool_size: -1]
[max_depth: -1]
[min_data_in_leaf: 20]
[min_sum_hessian_in_leaf: 0.001]
[bagging_fraction: 1]
[pos_bagging_fraction: 1]
[neg_bagging_fraction: 1]
[bagging_freq: 0]
[bagging_seed: 400]
[bagging_by_query: 0]
[feature_fraction: 1]
[feature_fraction_bynode: 1]
[feature_fraction_seed: 30056]
[extra_trees: 0]
[extra_seed: 12879]
[early_stopping_round: 0]
[early_stopping_min_delta: 0]
[first_metric_only: 0]
[max_delta_step: 0]
[lambda_l1: 0]
[lambda_l2: 0]
[linear_lambda: 0]
[min_gain_to_split: 0]
[drop_rate: 0.1]
[max_drop: 50]
[skip_drop: 0.5]
[xgboost_dart_mode: 0]
[uniform_drop: 0]
[drop_seed: 17869]
[top_rate: 0.2]
[other_rate: 0.1]
[min_data_per_group: 100]
[max_cat_threshold: 32]
[cat_l2: 10]
[cat_smooth: 10]
[max_cat_to_onehot: 4]
[top_k: 20]
[monotone_constraints: ]
[monotone_constraints_method: basic]
[monotone_penalty: 0]
[feature_contri: ]
[forcedsplits_filename: ]
[refit_decay_rate: 0.9]
[cegb_tradeoff: 1]
[cegb_penalty_split: 0]
[cegb_penalty_feature_lazy: ]
[cegb_penalty_feature_coupled: ]
[path_smooth: 0]
[interaction_constraints: ]
[verbosity: -1]
[saved_feature_importance_type: 0]
[use_quantized_grad: 0]
[num_grad_quant_bins: 4]
[quant_train_renew_leaf: 0]
[stochastic_rounding: 1]
[linear_tree: 0]
[max_bin: 255]
[max_bin_by_feature: ]
[min_data_in_bin: 3]
[bin_construct_sample_cnt: 200000]
[data_random_seed: 175]
[is_enable_sparse: 1]
[enable_bundle: 1]
[use_missing: 1]
[zero_as_missing: 0]
[feature_pre_filter: 1]
[pre_partition: 0]
[two_round: 0]
[header: 0]
[label_column: ]
[weight_column: ]
[group_column: ]
[ignore_column: ]
[categorical_feature: ]
[forcedbins_filename: ]
[precise_float_parser: 0]
[parser_config_file: ]
[objective_seed: 16083]
[num_class: 1]
[is_unbalance: 0]
[scale_pos_weight: 1]
[sigmoid: 1]
[boost_from_average: 1]
[reg_sqrt: 0]
[alpha: 0.9]
[fair_c: 1]
[poisson_max_delta_step: 0.7]
[tweedie_variance_power: 1.5]
[lambdarank_truncation_level: 30]
[lambdarank_norm: 1]
[label_gain: ]
[lambdarank_position_bias_regularization: 0]
[eval_at: ]
[multi_error_top_k: 1]
[auc_mu_weights: ]
[num_machines: 1]
[local_listen_port: 12400]
[time_out: 120]
[machine_list_filename: ]
[machines: ]
[gpu_platform_id: -1]
[gpu_device_id: -1]
[gpu_use_dp: 0]
[num_gpu: 1]

end of parameters

pandas_categorical:null
