tree
version=v4
num_class=1
num_tree_per_iteration=1
label_index=0
max_feature_idx=10
objective=regression
feature_names=recency_days frequency_monthly monetary_monthly_spend emi_burden_ratio income_stability_cv balance_volatility balance_min_ratio spending_velocity emi_bounce_count credit_utilization_ratio num_loan_inquiries
feature_infos=none none [9450:40250] [0:0.5] [0.10000000000000001:0.29999999999999999] none [0.14999999999999999:0.5] none [0:2] [0.29999999999999999:0.84999999999999998] [0:4]
tree_sizes=1214 1264 1262 1265 1260 1262 1267 1265 1257 1268 1262 1268 1261 1264 1266 1268 1266 1268 1271 1271 1269 1277 1277 1276 1280 1278 1269 1276 1274 1275 1275 1272 1278 1274 1272 1277 1274 1279 1278 1285 1286 1280 1286 1282 1285 1282 1285 1287 1284 1288 1287 1290 1292 1287 1288 1289 1291 1288 1289 1286 1283 1284 1288 1295 1296 1297 1296 1293 1300 1304 1300 1301 1302 1307 1305 1304 1303 1308 1307 1309 1304 1307 1305 1315 1315 1317 1319 1317 1315 1315 1319 1318 1316 1320 1316 1316 1317 1321 1322 1323

Tree=0
num_leaves=12
num_cat=0
split_feature=2 4 2 2 2 2 2 2 2 2 2
split_gain=4.35876e+08 1.39635e+07 119593 19435.7 697.82 582.252 131.357 172.269 52.8049 32.5588 16.5824
threshold=12425.000000000002 0.20000000000000004 17850.000000000004 29925.000000000004 19425.000000000004 16275.000000000002 19425.000000000004 15225 19775.000000000004 9625.0000000000018 40075.000000000007
decision_type=2 2 2 2 2 2 2 2 2 2 2
left_child=9 6 5 4 -4 -3 7 -2 -8 -1 -5
right_child=1 2 3 10 -6 -7 8 -9 -10 -11 -12
leaf_value=27.942336787549944 24.080270805491558 24.504956481279702 24.545759338377568 24.569691614127397 24.538156796760649 24.498908983903782 24.078050513118846 24.083206728650545 24.080623299081047 27.94417628265629 24.568619275483638
leaf_weight=48256 100050 79562 60425 71837 60308 79644 39883 99806 39892 47966 72371
leaf_count=48256 100050 79562 60425 71837 60308 79644 39883 99806 39892 47966 72371
internal_value=24.7869 24.3553 24.5362 24.5568 24.542 24.5019 24.0811 24.0817 24.0793 27.9433 24.5692
internal_weight=800000 703778 424147 264941 120733 159206 279631 199856 79775 96222 144208
internal_count=800000 703778 424147 264941 120733 159206 279631 199856 79775 96222 144208
is_linear=0
shrinkage=1


Tree=1
num_leaves=12
num_cat=0
split_feature=2 3 2 2 2 2 2 2 2 2 2
split_gain=3.93378e+08 1.26021e+07 107933 17540.7 629.782 525.483 118.55 155.471 47.6562 29.3856 14.9657
threshold=12425.000000000002 1.0000000180025095e-35 17850.000000000004 29925.000000000004 19425.000000000004 16275.000000000002 19425.000000000004 15225 19775.000000000004 9625.0000000000018 40075.000000000007
decision_type=2 2 2 2 2 2 2 2 2 2 2
left_child=9 6 5 4 -4 -3 7 -2 -8 -1 -5
right_child=1 2 3 10 -6 -7 8 -9 -10 -11 -12
leaf_value=2.9976743161362109 -0.67128836183438201 -0.26783696433748938 -0.22907425415486521 -0.20633859681155853 -0.23629666993513526 -0.27358209398993988 -0.67339764041179206 -0.66849924372173852 -0.67095350012464117 2.9994218767283289 -0.20735732212892818
leaf_weight=48256 100050 79562 60425 71837 60308 79644 39883 99806 39892 47966 72371
leaf_count=48256 100050 79562 60425 71837 60308 79644 39883 99806 39892 47966 72371
internal_value=-5.85465e-10 -0.409967 -0.238174 -0.218621 -0.232682 -0.270711 -0.670546 -0.669896 -0.672175 2.99855 -0.20685
internal_weight=800000 703778 424147 264941 120733 159206 279631 199856 79775 96222 144208
internal_count=800000 703778 424147 264941 120733 159206 279631 199856 79775 96222 144208
is_linear=0
shrinkage=0.05


Tree=2
num_leaves=12
num_cat=0
split_feature=2 4 2 2 3 2 2 2 2 2 2
split_gain=3.55024e+08 1.13734e+07 97409.3 15830.5 568.379 474.246 106.991 140.314 43.0098 26.5159 13.5065
threshold=12425.000000000002 0.20000000000000004 17850.000000000004 29925.000000000004 0.12613636363636363 16275.000000000002 19425.000000000004 15225 19775.000000000004 9625.0000000000018 40075.000000000007
decision_type=2 2 2 2 2 2 2 2 2 2 2
left_child=9 6 5 4 -4 -3 7 -2 -8 -1 -5
right_child=1 2 3 10 -6 -7 8 -9 -10 -11 -12
leaf_value=2.8477906644008364 -0.63772393993863297 -0.2544451271756269 -0.22448183738289959 -0.19602166607772167 -0.21762054250990734 -0.25990298469198397 -0.63972775281394423 -0.63507426492308783 -0.63740581749176195 2.8494507012293488 -0.19698945278896829
leaf_weight=48256 100050 79562 60308 71837 60425 79644 39883 99806 39892 47966 72371
leaf_count=48256 100050 79562 60308 71837 60425 79644 39883 99806 39892 47966 72371
internal_value=1.19855e-09 -0.389469 -0.226265 -0.20769 -0.221048 -0.257175 -0.637019 -0.636401 -0.638567 2.84862 -0.196507
internal_weight=800000 703778 424147 264941 120733 159206 279631 199856 79775 96222 144208
internal_count=800000 703778 424147 264941 120733 159206 279631 199856 79775 96222 144208
is_linear=0
shrinkage=0.05


Tree=3
num_leaves=12
num_cat=0
split_feature=3 3 2 2 2 2 2 2 2 2 2
split_gain=3.20409e+08 1.02645e+07 87911.9 14287 512.961 428.007 96.5587 126.633 38.8168 23.9363 12.1894
threshold=0.32017543859649128 1.0000000180025095e-35 17850.000000000004 29925.000000000004 19425.000000000004 16275.000000000002 19425.000000000004 15225 19775.000000000004 9625.0000000000018 40075.000000000007
decision_type=2 2 2 2 2 2 2 2 2 2 2
left_child=1 6 5 4 -4 -3 7 -1 -8 -2 -5
right_child=9 2 3 10 -6 -7 8 -9 -10 -11 -12
leaf_value=-0.60583774391088685 2.7054009854595922 -0.24172287244214369 -0.20673951850099581 -0.18622058521868237 -0.21325774595118319 -0.2469078369271531 -0.60774136610080109 -0.60332056281401902 -0.60553551478208512 2.7069782101998152 -0.18713997347856376
leaf_weight=100050 48256 79562 60425 71837 60308 79644 39883 99806 39892 47966 72371
leaf_count=100050 48256 79562 60425 71837 60308 79644 39883 99806 39892 47966 72371
internal_value=-6.17036e-09 -0.369996 -0.214952 -0.197306 -0.209995 -0.244317 -0.605168 -0.604581 -0.606638 2.70619 -0.186682
internal_weight=800000 703778 424147 264941 120733 159206 279631 199856 79775 96222 144208
internal_count=800000 703778 424147 264941 120733 159206 279631 199856 79775 96222 144208
is_linear=0
shrinkage=0.05


Tree=4
num_leaves=12
num_cat=0
split_feature=2 4 2 2 2 2 2 2 2 2 2
split_gain=2.89169e+08 9.26368e+06 79340.5 12894 462.947 386.278 87.1451 114.286 35.0322 21.5998 11.0012
threshold=12425.000000000002 0.20000000000000004 17850.000000000004 29925.000000000004 19425.000000000004 16275.000000000002 19425.000000000004 15225 19775.000000000004 9625.0000000000018 40075.000000000007
decision_type=2 2 2 2 2 2 2 2 2 2 2
left_child=9 6 5 4 -4 -3 7 -2 -8 -1 -5
right_child=1 2 3 10 -6 -7 8 -9 -10 -11 -12
leaf_value=2.5701310574692187 -0.57554585135753278 -0.22963672383203682 -0.19640254368263738 -0.17690954817251062 -0.20259485721955245 -0.23456244956586142 -0.57735430021869882 -0.5731545258345212 -0.57525874011111711 2.5716293275950282 -0.17778297983523786
leaf_weight=48256 100050 79562 60425 71837 60308 79644 39883 99806 39892 47966 72371
leaf_count=48256 100050 79562 60425 71837 60308 79644 39883 99806 39892 47966 72371
internal_value=5.04384e-09 -0.351496 -0.204204 -0.187441 -0.199496 -0.232101 -0.574909 -0.574352 -0.576306 2.57088 -0.177348
internal_weight=800000 703778 424147 264941 120733 159206 279631 199856 79775 96222 144208
internal_count=800000 703778 424147 264941 120733 159206 279631 199856 79775 96222 144208
is_linear=0
shrinkage=0.05


Tree=5
num_leaves=12
num_cat=0
split_feature=2 4 2 2 2 2 2 2 2 2 2
split_gain=2.60975e+08 8.36047e+06 71604.8 11636.8 417.81 348.616 78.6479 103.144 31.6161 19.4978 9.92872
threshold=12425.000000000002 0.20000000000000004 17850.000000000004 29925.000000000004 19425.000000000004 16275.000000000002 19425.000000000004 15225 19775.000000000004 9625.0000000000018 40075.000000000007
decision_type=2 2 2 2 2 2 2 2 2 2 2
left_child=9 6 5 4 -4 -3 7 -2 -8 -1 -5
right_child=1 2 3 10 -6 -7 8 -9 -10 -11 -12
leaf_value=2.4416243972311129 -0.54676856951344199 -0.21815488321104837 -0.18658241619226268 -0.16806407225943132 -0.19246511770914881 -0.22283432233259681 -0.54848657999245576 -0.54449680324067506 -0.54649581034307282 2.4430478988047497 -0.16889383700642463
leaf_weight=48256 100050 79562 60425 71837 60308 79644 39883 99806 39892 47966 72371
leaf_count=48256 100050 79562 60425 71837 60308 79644 39883 99806 39892 47966 72371
internal_value=-1.34157e-09 -0.333921 -0.193994 -0.178069 -0.189521 -0.220496 -0.546164 -0.545634 -0.547491 2.44233 -0.16848
internal_weight=800000 703778 424147 264941 120733 159206 279631 199856 79775 96222 144208
internal_count=800000 703778 424147 264941 120733 159206 279631 199856 79775 96222 144208
is_linear=0
shrinkage=0.05


Tree=6
num_leaves=12
num_cat=0
split_feature=3 3 2 2 2 3 2 2 2 2 2
split_gain=2.3553e+08 7.54532e+06 64623.3 10502.3 377.073 314.626 70.9803 93.0868 28.5333 17.5927 8.96051
threshold=0.32017543859649128 1.0000000180025095e-35 17850.000000000004 29925.000000000004 19425.000000000004 0.10753931544865862 19425.000000000004 15225 19775.000000000004 9625.0000000000018 40075.000000000007
decision_type=2 2 2 2 2 2 2 2 2 2 2
left_child=1 6 5 4 -4 -3 7 -1 -8 -2 -5
right_child=9 2 3 10 -6 -7 8 -9 -10 -11 -12
leaf_value=-0.51943013493051715 2.3195432126205859 -0.21169260567767978 -0.17725329922180968 -0.15966086903220253 -0.18284186274310016 -0.20724713875284473 -0.5210622520329462 -0.51727196441648571 -0.51917102930809811 2.3208953805986368 -0.16044913851903964
leaf_weight=100050 48256 79644 60425 71837 60308 79562 39883 99806 39892 47966 72371
leaf_count=100050 48256 79644 60425 71837 60308 79562 39883 99806 39892 47966 72371
internal_value=-6.17699e-09 -0.317225 -0.184294 -0.169165 -0.180045 -0.209471 -0.518856 -0.518352 -0.520117 2.32022 -0.160056
internal_weight=800000 703778 424147 264941 120733 159206 279631 199856 79775 96222 144208
internal_count=800000 703778 424147 264941 120733 159206 279631 199856 79775 96222 144208
is_linear=0
shrinkage=0.05


Tree=7
num_leaves=12
num_cat=0
split_feature=3 3 2 2 2 2 2 2 2 2 2
split_gain=2.12566e+08 6.80966e+06 58322.5 9478.28 340.31 283.95 64.0596 84.0107 25.7518 15.8795 8.08679
threshold=0.32017543859649128 1.0000000180025095e-35 17850.000000000004 29925.000000000004 19425.000000000004 16275.000000000002 19425.000000000004 15225 19775.000000000004 9625.0000000000018 40075.000000000007
decision_type=2 2 2 2 2 2 2 2 2 2 2
left_child=1 6 5 4 -4 -3 7 -1 -8 -2 -5
right_child=9 2 3 10 -6 -7 8 -9 -10 -11 -12
leaf_value=-0.49345862754172709 2.2035661160629689 -0.19688478381079216 -0.16839062355018797 -0.15167783068193796 -0.17369976526387573 -0.20110798235047289 -0.49500914620196962 -0.49140836739919858 -0.49321246845252792 2.2048507610661909 -0.15242668316357133
leaf_weight=100050 48256 79562 60425 71837 60308 79644 39883 99806 39892 47966 72371
leaf_count=100050 48256 79562 60425 71837 60308 79644 39883 99806 39892 47966 72371
internal_value=6.66625e-09 -0.301364 -0.175079 -0.160707 -0.171043 -0.198997 -0.492913 -0.492435 -0.494111 2.20421 -0.152054
internal_weight=800000 703778 424147 264941 120733 159206 279631 199856 79775 96222 144208
internal_count=800000 703778 424147 264941 120733 159206 279631 199856 79775 96222 144208
is_linear=0
shrinkage=0.05


Tree=8
num_leaves=12
num_cat=0
split_feature=2 4 2 2 2 2 2 2 2 2 2
split_gain=1.91841e+08 6.14571e+06 52636.1 8554.15 307.129 256.265 57.8143 75.8197 23.2406 14.3301 7.29833
threshold=12425.000000000002 0.20000000000000004 17850.000000000004 29925.000000000004 19425.000000000004 16275.000000000002 19425.000000000004 15225 19775.000000000004 9625.0000000000018 40075.000000000007
decision_type=2 2 2 2 2 2 2 2 2 2 2
left_child=9 6 5 4 -4 -3 7 -2 -8 -1 -5
right_child=1 2 3 10 -6 -7 8 -9 -10 -11 -12
leaf_value=2.0933877455124974 -0.46878569428334455 -0.18704054404912865 -0.159971100459289 -0.144093939512944 -0.16501478098787986 -0.19105258316421259 -0.47025868580547381 -0.46683794689715108 -0.46855185620359835 2.0946081102488363 -0.14480534972813228
leaf_weight=48256 100050 79562 60425 71837 60308 79644 39883 99806 39892 47966 72371
leaf_count=48256 100050 79562 60425 71837 60308 79644 39883 99806 39892 47966 72371
internal_value=-5.18159e-09 -0.286296 -0.166325 -0.152672 -0.16249 -0.189048 -0.468267 -0.467813 -0.469405 2.094 -0.144451
internal_weight=800000 703778 424147 264941 120733 159206 279631 199856 79775 96222 144208
internal_count=800000 703778 424147 264941 120733 159206 279631 199856 79775 96222 144208
is_linear=0
shrinkage=0.05


Tree=9
num_leaves=12
num_cat=0
split_feature=3 3 2 2 3 2 2 2 2 2 2
split_gain=1.73136e+08 5.54651e+06 47504.1 7720.12 277.183 231.279 52.1768 68.4271 20.9748 12.9327 6.58669
threshold=0.32017543859649128 1.0000000180025095e-35 17850.000000000004 29925.000000000004 0.12613636363636363 16275.000000000002 19425.000000000004 15225 19775.000000000004 9625.0000000000018 40075.000000000007
decision_type=2 2 2 2 2 2 2 2 2 2 2
left_child=1 6 5 4 -4 -3 7 -1 -8 -2 -5
right_child=9 2 3 10 -6 -7 8 -9 -10 -11 -12
leaf_value=-0.44534641190863128 1.9887183606318282 -0.17768851513436709 -0.15676403565274402 -0.13688923783786369 -0.15197254254969367 -0.18149994590975457 -0.44674575095586944 -0.44349605391390318 -0.44512425463339333 1.9898776949055923 -0.13756507453448286
leaf_weight=100050 48256 79562 60308 71837 60425 79644 39883 99806 39892 47966 72371
leaf_count=100050 48256 79562 60308 71837 60425 79644 39883 99806 39892 47966 72371
internal_value=-2.95209e-09 -0.271981 -0.158009 -0.145038 -0.154366 -0.179595 -0.444854 -0.444422 -0.445935 1.9893 -0.137228
internal_weight=800000 703778 424147 264941 120733 159206 279631 199856 79775 96222 144208
internal_count=800000 703778 424147 264941 120733 159206 279631 199856 79775 96222 144208
is_linear=0
shrinkage=0.05


Tree=10
num_leaves=12
num_cat=0
split_feature=2 4 2 2 2 2 2 2 2 2 2
split_gain=1.56255e+08 5.00572e+06 42872.4 6967.4 250.159 208.729 47.0899 61.7561 18.9297 11.6714 5.94458
threshold=12425.000000000002 0.20000000000000004 17850.000000000004 29925.000000000004 19425.000000000004 16275.000000000002 19425.000000000004 15225 19775.000000000004 9625.0000000000018 40075.000000000007
decision_type=2 2 2 2 2 2 2 2 2 2 2
left_child=9 6 5 4 -4 -3 7 -2 -8 -1 -5
right_child=1 2 3 10 -6 -7 8 -9 -10 -11 -12
leaf_value=1.8892825386331316 -0.42307908815821266 -0.16880409400329149 -0.14437390992768981 -0.13004478043418632 -0.14892583423089914 -0.17242495339924557 -0.42440845809921063 -0.42132123916372033 -0.42286804242629883 1.8903838895187661 -0.1306868306109904
leaf_weight=48256 100050 79562 60425 71837 60308 79644 39883 99806 39892 47966 72371
leaf_count=48256 100050 79562 60425 71837 60308 79644 39883 99806 39892 47966 72371
internal_value=8.04487e-09 -0.258382 -0.150109 -0.137786 -0.146648 -0.170615 -0.422611 -0.422201 -0.423638 1.88983 -0.130367
internal_weight=800000 703778 424147 264941 120733 159206 279631 199856 79775 96222 144208
internal_count=800000 703778 424147 264941 120733 159206 279631 199856 79775 96222 144208
is_linear=0
shrinkage=0.05


Tree=11
num_leaves=12
num_cat=0
split_feature=3 3 2 2 3 2 2 2 2 2 2
split_gain=1.4102e+08 4.51766e+06 38692.4 6288.08 225.768 188.378 42.4983 55.7348 17.0842 10.5328 5.36488
threshold=0.32017543859649128 1.0000000180025095e-35 17850.000000000004 29925.000000000004 0.12613636363636363 16275.000000000002 19425.000000000004 15225 19775.000000000004 9625.0000000000018 40075.000000000007
decision_type=2 2 2 2 2 2 2 2 2 2 2
left_child=1 6 5 4 -4 -3 7 -1 -8 -2 -5
right_child=9 2 3 10 -6 -7 8 -9 -10 -11 -12
leaf_value=-0.40192514118361844 1.7948184186587757 -0.16036388687993613 -0.14147954416303918 -0.12354254296443784 -0.13715521499806257 -0.16380370452734058 -0.40318804169065603 -0.40025518510023972 -0.40172463767080119 1.7958646715281334 -0.12415248440850823
leaf_weight=100050 48256 79562 60308 71837 60425 79644 39883 99806 39892 47966 72371
leaf_count=100050 48256 79562 60308 71837 60425 79644 39883 99806 39892 47966 72371
internal_value=5.02256e-09 -0.245463 -0.142603 -0.130897 -0.139315 -0.162085 -0.401481 -0.401091 -0.402456 1.79534 -0.123849
internal_weight=800000 703778 424147 264941 120733 159206 279631 199856 79775 96222 144208
internal_count=800000 703778 424147 264941 120733 159206 279631 199856 79775 96222 144208
is_linear=0
shrinkage=0.05


Tree=12
num_leaves=12
num_cat=0
split_feature=2 3 2 2 3 2 2 2 2 2 2
split_gain=1.27271e+08 4.07719e+06 34919.9 5675 203.755 170.011 38.3549 50.3007 15.4185 9.50702 4.84188
threshold=12425.000000000002 1.0000000180025095e-35 17850.000000000004 29925.000000000004 0.12613636363636363 16275.000000000002 19425.000000000004 15225 19775.000000000004 9625.0000000000018 40075.000000000007
decision_type=2 2 2 2 2 2 2 2 2 2 2
left_child=9 6 5 4 -4 -3 7 -2 -8 -1 -5
right_child=1 2 3 10 -6 -7 8 -9 -10 -11 -12
leaf_value=1.7050774650613651 -0.38182888428452566 -0.15234569771733403 -0.13440556920933147 -0.1173654095689773 -0.1302974619966962 -0.15561352165187092 -0.38302864139795523 -0.38024242520753859 -0.38163840978785712 1.7060714662042735 -0.11794485891509461
leaf_weight=48256 100050 79562 60308 71837 60425 79644 39883 99806 39892 47966 72371
leaf_count=48256 100050 79562 60308 71837 60425 79644 39883 99806 39892 47966 72371
internal_value=3.43736e-09 -0.233189 -0.135473 -0.124352 -0.13235 -0.15398 -0.381407 -0.381037 -0.382333 1.70557 -0.117656
internal_weight=800000 703778 424147 264941 120733 159206 279631 199856 79775 96222 144208
internal_count=800000 703778 424147 264941 120733 159206 279631 199856 79775 96222 144208
is_linear=0
shrinkage=0.05


Tree=13
num_leaves=12
num_cat=0
split_feature=3 3 2 2 2 2 2 2 2 2 2
split_gain=1.14862e+08 3.67967e+06 31515.2 5121.69 183.889 153.435 34.6153 45.3961 13.9151 8.57879 4.36974
threshold=0.32017543859649128 1.0000000180025095e-35 17850.000000000004 29925.000000000004 19425.000000000004 16275.000000000002 19425.000000000004 15225 19775.000000000004 9625.0000000000018 40075.000000000007
decision_type=2 2 2 2 2 2 2 2 2 2 2
left_child=1 6 5 4 -4 -3 7 -1 -8 -2 -5
right_child=9 2 3 10 -6 -7 8 -9 -10 -11 -12
leaf_value=-0.36273743476920406 1.619823592732752 -0.14472841192830152 -0.12378259179524623 -0.11149714586917808 -0.12768529358403288 -0.14783284184002191 -0.36387720539941693 -0.36123030409912299 -0.3625564871718806 1.6207678227375315 -0.11204761876349392
leaf_weight=100050 48256 79562 60425 71837 60308 79644 39883 99806 39892 47966 72371
leaf_count=100050 48256 79562 60425 71837 60308 79644 39883 99806 39892 47966 72371
internal_value=-7.72273e-10 -0.22153 -0.1287 -0.118134 -0.125732 -0.146281 -0.362336 -0.361985 -0.363217 1.62029 -0.111773
internal_weight=800000 703778 424147 264941 120733 159206 279631 199856 79775 96222 144208
internal_count=800000 703778 424147 264941 120733 159206 279631 199856 79775 96222 144208
is_linear=0
shrinkage=0.05


Tree=14
num_leaves=12
num_cat=0
split_feature=2 3 2 2 2 3 2 2 2 2 2
split_gain=1.03663e+08 3.3209e+06 28442.4 4622.32 165.961 138.474 31.2404 40.9699 12.5585 7.74331 3.94379
threshold=12425.000000000002 1.0000000180025095e-35 17850.000000000004 29925.000000000004 19425.000000000004 0.10753931544865862 19425.000000000004 15225 19775.000000000004 9625.0000000000018 40075.000000000007
decision_type=2 2 2 2 2 2 2 2 2 2 2
left_child=9 6 5 4 -4 -3 7 -2 -8 -1 -5
right_child=1 2 3 10 -6 -7 8 -9 -10 -11 -12
leaf_value=1.538832419783134 -0.34460056294861463 -0.14044119858957982 -0.11759345575389904 -0.10592228446020285 -0.12130103002737952 -0.13749199202874826 -0.34568334879128071 -0.34316878921443877 -0.34442866352886609 1.5397294935887649 -0.10644524070600331
leaf_weight=48256 100050 79644 60425 71837 60308 79562 39883 99806 39892 47966 72371
leaf_count=48256 100050 79644 60425 71837 60308 79562 39883 99806 39892 47966 72371
internal_value=3.69609e-09 -0.210454 -0.122265 -0.112228 -0.119445 -0.138967 -0.344219 -0.343886 -0.345056 1.53928 -0.106185
internal_weight=800000 703778 424147 264941 120733 159206 279631 199856 79775 96222 144208
internal_count=800000 703778 424147 264941 120733 159206 279631 199856 79775 96222 144208
is_linear=0
shrinkage=0.05


Tree=15
num_leaves=12
num_cat=0
split_feature=2 3 2 2 2 3 2 2 2 2 2
split_gain=9.35558e+07 2.99711e+06 25669.3 4171.64 149.779 124.974 28.1944 36.9757 11.334 6.98884 3.55927
threshold=12425.000000000002 1.0000000180025095e-35 17850.000000000004 29925.000000000004 19425.000000000004 0.10753931544865862 19425.000000000004 15225 19775.000000000004 9625.0000000000018 40075.000000000007
decision_type=2 2 2 2 2 2 2 2 2 2 2
left_child=9 6 5 4 -4 -3 7 -2 -8 -1 -5
right_child=1 2 3 10 -6 -7 8 -9 -10 -11 -12
leaf_value=1.4618907397894549 -0.32737054013612615 -0.13341914530835663 -0.11171378371733361 -0.10062616971114019 -0.11523597093660112 -0.13061738812754684 -0.32839918261934437 -0.32601034886966601 -0.32720723048923683 1.4627429903147542 -0.10112297814357291
leaf_weight=48256 100050 79644 60425 71837 60308 79562 39883 99806 39892 47966 72371
leaf_count=48256 100050 79644 60425 71837 60308 79562 39883 99806 39892 47966 72371
internal_value=-2.01318e-09 -0.199931 -0.116151 -0.106616 -0.113473 -0.132019 -0.327008 -0.326691 -0.327803 1.46232 -0.100875
internal_weight=800000 703778 424147 264941 120733 159206 279631 199856 79775 96222 144208
internal_count=800000 703778 424147 264941 120733 159206 279631 199856 79775 96222 144208
is_linear=0
shrinkage=0.05


Tree=16
num_leaves=12
num_cat=0
split_feature=2 3 2 2 3 2 2 2 2 2 2
split_gain=8.44341e+07 2.70489e+06 23166.5 3764.91 135.176 112.788 25.4454 33.3706 10.229 6.30754 3.21222
threshold=12425.000000000002 1.0000000180025095e-35 17850.000000000004 29925.000000000004 0.12613636363636363 16275.000000000002 19425.000000000004 15225 19775.000000000004 9625.0000000000018 40075.000000000007
decision_type=2 2 2 2 2 2 2 2 2 2 2
left_child=9 6 5 4 -4 -3 7 -2 -8 -1 -5
right_child=1 2 3 10 -6 -7 8 -9 -10 -11 -12
leaf_value=1.3887961816161241 -0.31100201224061563 -0.12408652488815304 -0.10947418022074296 -0.095594864832363374 -0.10612808908230963 -0.12674818433586132 -0.31197922093764596 -0.30970983037537914 -0.31084686693300978 1.38960582682191 -0.096066831172979261
leaf_weight=48256 100050 79562 60308 71837 60425 79644 39883 99806 39892 47966 72371
leaf_count=48256 100050 79562 60308 71837 60425 79644 39883 99806 39892 47966 72371
internal_value=-4.47974e-09 -0.189934 -0.110344 -0.101285 -0.1078 -0.125418 -0.310658 -0.310357 -0.311413 1.3892 -0.0958317
internal_weight=800000 703778 424147 264941 120733 159206 279631 199856 79775 96222 144208
internal_count=800000 703778 424147 264941 120733 159206 279631 199856 79775 96222 144208
is_linear=0
shrinkage=0.05


Tree=17
num_leaves=12
num_cat=0
split_feature=2 3 2 2 2 2 2 2 2 2 2
split_gain=7.62018e+07 2.44117e+06 20907.8 3397.83 121.996 101.792 22.9645 30.1168 9.23157 5.69259 2.89901
threshold=12425.000000000002 1.0000000180025095e-35 17850.000000000004 29925.000000000004 19425.000000000004 16275.000000000002 19425.000000000004 15225 19775.000000000004 9625.0000000000018 40075.000000000007
decision_type=2 2 2 2 2 2 2 2 2 2 2
left_child=9 6 5 4 -4 -3 7 -2 -8 -1 -5
right_child=1 2 3 10 -6 -7 8 -9 -10 -11 -12
leaf_value=1.3193564063984289 -0.29545190925824572 -0.11788219643760345 -0.10082169180888674 -0.090815116539286214 -0.10400047112857257 -0.1204107785878345 -0.29638025897920989 -0.29422434052845892 -0.29530452652209721 1.3201255720002347 -0.09126348340512086
leaf_weight=48256 100050 79562 60425 71837 60308 79644 39883 99806 39892 47966 72371
leaf_count=48256 100050 79562 60425 71837 60308 79644 39883 99806 39892 47966 72371
internal_value=3.16539e-10 -0.180438 -0.104827 -0.0962211 -0.10241 -0.119147 -0.295125 -0.294839 -0.295842 1.31974 -0.0910401
internal_weight=800000 703778 424147 264941 120733 159206 279631 199856 79775 96222 144208
internal_count=800000 703778 424147 264941 120733 159206 279631 199856 79775 96222 144208
is_linear=0
shrinkage=0.05


Tree=18
num_leaves=12
num_cat=0
split_feature=2 3 2 2 2 2 2 2 2 2 2
split_gain=6.87721e+07 2.20315e+06 18869.3 3066.54 110.101 91.8679 20.7254 27.1804 8.33154 5.13703 2.61641
threshold=12425.000000000002 1.0000000180025095e-35 17850.000000000004 29925.000000000004 19425.000000000004 16275.000000000002 19425.000000000004 15225 19775.000000000004 9625.0000000000018 40075.000000000007
decision_type=2 2 2 2 2 2 2 2 2 2 2
left_child=9 6 5 4 -4 -3 7 -2 -8 -1 -5
right_child=1 2 3 10 -6 -7 8 -9 -10 -11 -12
leaf_value=1.2533886224050446 -0.28067931483308461 -0.1119880806048868 -0.09578060658452818 -0.086274358208759783 -0.098800442254556822 -0.11439024202627031 -0.28156124690689321 -0.27951312297270403 -0.28053929756038509 1.2541192919593405 -0.086700310707331751
leaf_weight=48256 100050 79562 60425 71837 60308 79644 39883 99806 39892 47966 72371
leaf_count=48256 100050 79562 60425 71837 60308 79644 39883 99806 39892 47966 72371
internal_value=3.33193e-09 -0.171416 -0.0995852 -0.0914101 -0.0972891 -0.11319 -0.280369 -0.280097 -0.28105 1.25375 -0.0864881
internal_weight=800000 703778 424147 264941 120733 159206 279631 199856 79775 96222 144208
internal_count=800000 703778 424147 264941 120733 159206 279631 199856 79775 96222 144208
is_linear=0
shrinkage=0.05


Tree=19
num_leaves=12
num_cat=0
split_feature=2 3 2 2 2 2 2 2 2 2 2
split_gain=6.20669e+07 1.98834e+06 17029.5 2767.55 99.3668 82.9106 18.7047 24.5303 7.51921 4.63612 2.36129
threshold=12425.000000000002 1.0000000180025095e-35 17850.000000000004 29925.000000000004 19425.000000000004 16275.000000000002 19425.000000000004 15225 19775.000000000004 9625.0000000000018 40075.000000000007
decision_type=2 2 2 2 2 2 2 2 2 2 2
left_child=9 6 5 4 -4 -3 7 -2 -8 -1 -5
right_child=1 2 3 10 -6 -7 8 -9 -10 -11 -12
leaf_value=1.1907191693466601 -0.26664535075149465 -0.10638867649990756 -0.090991573381191931 -0.081960645164414758 -0.093860424020092717 -0.10867072752198539 -0.26748318689738204 -0.26553746911111092 -0.26651233572673511 1.19141330128872 -0.082365297965686757
leaf_weight=48256 100050 79562 60425 71837 60308 79644 39883 99806 39892 47966 72371
leaf_count=48256 100050 79562 60425 71837 60308 79644 39883 99806 39892 47966 72371
internal_value=-1.00073e-09 -0.162845 -0.094606 -0.0868396 -0.0924246 -0.10753 -0.26635 -0.266092 -0.266998 1.19107 -0.0821637
internal_weight=800000 703778 424147 264941 120733 159206 279631 199856 79775 96222 144208
internal_count=800000 703778 424147 264941 120733 159206 279631 199856 79775 96222 144208
is_linear=0
shrinkage=0.05


Tree=20
num_leaves=12
num_cat=0
split_feature=2 4 2 2 2 2 2 2 2 2 2
split_gain=5.60153e+07 1.79448e+06 15369.2 2497.72 89.6783 74.8261 16.881 22.1385 6.78607 4.18408 2.13106
threshold=12425.000000000002 0.20000000000000004 17850.000000000004 29925.000000000004 19425.000000000004 16275.000000000002 19425.000000000004 15225 19775.000000000004 9625.0000000000018 40075.000000000007
decision_type=2 2 2 2 2 2 2 2 2 2 2
left_child=9 6 5 4 -4 -3 7 -2 -8 -1 -5
right_child=1 2 3 10 -6 -7 8 -9 -10 -11 -12
leaf_value=1.1311831892826161 -0.25331307993577595 -0.10106924873160193 -0.086441999374862952 -0.077862611565040651 -0.089167403074796009 -0.10323718747846507 -0.25410902471725455 -0.25226059564516307 -0.2531867174913876 1.13184261351963 -0.078247031892030777
leaf_weight=48256 100050 79562 60425 71837 60308 79644 39883 99806 39892 47966 72371
leaf_count=48256 100050 79562 60425 71837 60308 79644 39883 99806 39892 47966 72371
internal_value=-3.37179e-09 -0.154703 -0.0898757 -0.0824976 -0.0878034 -0.102154 -0.253033 -0.252787 -0.253648 1.13151 -0.0780555
internal_weight=800000 703778 424147 264941 120733 159206 279631 199856 79775 96222 144208
internal_count=800000 703778 424147 264941 120733 159206 279631 199856 79775 96222 144208
is_linear=0
shrinkage=0.05


Tree=21
num_leaves=12
num_cat=0
split_feature=2 3 2 2 2 2 2 2 2 2 2
split_gain=5.05538e+07 1.61952e+06 13870.7 2254.19 80.9344 67.5304 15.2351 19.9802 6.1244 3.77675 1.92329
threshold=12425.000000000002 1.0000000180025095e-35 17850.000000000004 29925.000000000004 19425.000000000004 16275.000000000002 19425.000000000004 15225 19775.000000000004 9625.0000000000018 40075.000000000007
decision_type=2 2 2 2 2 2 2 2 2 2 2
left_child=9 6 5 4 -4 -3 7 -2 -8 -1 -5
right_child=1 2 3 10 -6 -7 8 -9 -10 -11 -12
leaf_value=1.0746240163508982 -0.24064742651076601 -0.09601578860992932 -0.082119899709124866 -0.073969479730466262 -0.084709028710999806 -0.098075327163224743 -0.24140357137139068 -0.23964756120949815 -0.24052738129874474 1.0752505202340468 -0.074334679222441594
leaf_weight=48256 100050 79562 60425 71837 60308 79644 39883 99806 39892 47966 72371
leaf_count=48256 100050 79562 60425 71837 60308 79644 39883 99806 39892 47966 72371
internal_value=-7.75599e-10 -0.146968 -0.0853819 -0.0783727 -0.0834132 -0.0970461 -0.240381 -0.240148 -0.240965 1.07494 -0.0741528
internal_weight=800000 703778 424147 264941 120733 159206 279631 199856 79775 96222 144208
internal_count=800000 703778 424147 264941 120733 159206 279631 199856 79775 96222 144208
is_linear=0
shrinkage=0.05


Tree=22
num_leaves=12
num_cat=0
split_feature=3 3 2 2 2 2 2 2 2 2 2
split_gain=4.56248e+07 1.46162e+06 12518.3 2034.41 73.0432 60.9466 13.7496 18.0319 5.52725 3.40807 1.73569
threshold=0.32017543859649128 1.0000000180025095e-35 17850.000000000004 29925.000000000004 19425.000000000004 16275.000000000002 19425.000000000004 15225 19775.000000000004 9625.0000000000018 40075.000000000007
decision_type=2 2 2 2 2 2 2 2 2 2 2
left_child=1 6 5 4 -4 -3 7 -1 -8 -2 -5
right_child=9 2 3 10 -6 -7 8 -9 -10 -11 -12
leaf_value=-0.22861505488296996 1.0208928525082717 -0.09121499650657007 -0.078013902885799832 -0.070271011296753824 -0.080473574613303692 -0.093171564799711976 -0.22933339241169426 -0.2276651885198335 -0.22850101304823045 1.0214879926398568 -0.070617942972759348
leaf_weight=100050 48256 79562 60425 71837 60308 79644 39883 99806 39892 47966 72371
leaf_count=100050 48256 79562 60425 71837 60308 79644 39883 99806 39892 47966 72371
internal_value=6.61314e-10 -0.139619 -0.0811128 -0.0744541 -0.0792425 -0.0921938 -0.228362 -0.228141 -0.228917 1.02119 -0.0704451
internal_weight=800000 703778 424147 264941 120733 159206 279631 199856 79775 96222 144208
internal_count=800000 703778 424147 264941 120733 159206 279631 199856 79775 96222 144208
is_linear=0
shrinkage=0.05


Tree=23
num_leaves=12
num_cat=0
split_feature=2 4 2 2 2 2 2 2 2 2 2
split_gain=4.11764e+07 1.31911e+06 11297.7 1836.05 65.9221 55.0042 12.409 16.2738 4.98834 3.07582 1.56656
threshold=12425.000000000002 0.20000000000000004 17850.000000000004 29925.000000000004 19425.000000000004 16275.000000000002 19425.000000000004 15225 19775.000000000004 9625.0000000000018 40075.000000000007
decision_type=2 2 2 2 2 2 2 2 2 2 2
left_child=9 6 5 4 -4 -3 7 -2 -8 -1 -5
right_child=1 2 3 10 -6 -7 8 -9 -10 -11 -12
leaf_value=0.96984819771384889 -0.21718430135085601 -0.086654242756131136 -0.074113204098265675 -0.066757456453042138 -0.076449902957575588 -0.088512981908608887 -0.21786672099620669 -0.21628192915323205 -0.21707596126623835 0.97041358356467566 -0.06708705272519018
leaf_weight=48256 100050 79562 60425 71837 60308 79644 39883 99806 39892 47966 72371
leaf_count=48256 100050 79562 60425 71837 60308 79644 39883 99806 39892 47966 72371
internal_value=-7.98626e-11 -0.132638 -0.0770571 -0.0707314 -0.0752804 -0.0875841 -0.216944 -0.216734 -0.217471 0.97013 -0.0669229
internal_weight=800000 703778 424147 264941 120733 159206 279631 199856 79775 96222 144208
internal_count=800000 703778 424147 264941 120733 159206 279631 199856 79775 96222 144208
is_linear=0
shrinkage=0.05


Tree=24
num_leaves=12
num_cat=0
split_feature=2 3 2 2 2 3 2 2 2 2 3
split_gain=3.71617e+07 1.1905e+06 10196.2 1657.04 59.4945 49.6414 11.1993 14.6873 4.502 2.77603 1.41382
threshold=12425.000000000002 1.0000000180025095e-35 17850.000000000004 29925.000000000004 19425.000000000004 0.10753931544865862 19425.000000000004 15225 19775.000000000004 9625.0000000000018 0.13974065598779559
decision_type=2 2 2 2 2 2 2 2 2 2 2
left_child=9 6 5 4 -4 -3 7 -2 -8 -1 -5
right_child=1 2 3 10 -6 -7 8 -9 -10 -11 -12
leaf_value=0.92135578118821615 -0.20632508617717837 -0.084087339712994855 -0.070407544730386601 -0.063732698316201139 -0.072627404625795186 -0.082321536252920866 -0.20697338855438169 -0.20546782596177635 -0.2062221650539498 0.92189290806984947 -0.063419582091646762
leaf_weight=48256 100050 79644 60425 72371 60308 79562 39883 99806 39892 47966 71837
leaf_count=48256 100050 79644 60425 72371 60308 79562 39883 99806 39892 47966 71837
internal_value=-4.46299e-10 -0.126006 -0.0732043 -0.0671948 -0.0715164 -0.0832049 -0.206097 -0.205897 -0.206598 0.921624 -0.0635767
internal_weight=800000 703778 424147 264941 120733 159206 279631 199856 79775 96222 144208
internal_count=800000 703778 424147 264941 120733 159206 279631 199856 79775 96222 144208
is_linear=0
shrinkage=0.05


Tree=25
num_leaves=12
num_cat=0
split_feature=2 3 2 2 2 3 2 2 2 2 2
split_gain=3.35385e+07 1.07442e+06 9202.08 1495.48 53.6939 44.8017 10.1072 13.2553 4.06308 2.50472 1.27589
threshold=12425.000000000002 1.0000000180025095e-35 17850.000000000004 29925.000000000004 19425.000000000004 0.10753931544865862 19425.000000000004 15225 19775.000000000004 9625.0000000000018 40075.000000000007
decision_type=2 2 2 2 2 2 2 2 2 2 2
left_child=9 6 5 4 -4 -3 7 -2 -8 -1 -5
right_child=1 2 3 10 -6 -7 8 -9 -10 -11 -12
leaf_value=0.87528803252320886 -0.19600883476800823 -0.0798829713947629 -0.066887166063901535 -0.060248608798631434 -0.06899603636968818 -0.078205451638093962 -0.19662471838762549 -0.1951944384973282 -0.19591105384020591 0.87579823723283201 -0.060546059175977766
leaf_weight=48256 100050 79644 60425 71837 60308 79562 39883 99806 39892 47966 72371
leaf_count=48256 100050 79644 60425 71837 60308 79562 39883 99806 39892 47966 72371
internal_value=5.59273e-10 -0.119706 -0.0695441 -0.0638351 -0.0679406 -0.0790446 -0.195792 -0.195602 -0.196268 0.875542 -0.0603979
internal_weight=800000 703778 424147 264941 120733 159206 279631 199856 79775 96222 144208
internal_count=800000 703778 424147 264941 120733 159206 279631 199856 79775 96222 144208
is_linear=0
shrinkage=0.05


Tree=26
num_leaves=12
num_cat=0
split_feature=2 3 2 2 2 2 2 2 2 2 2
split_gain=3.02685e+07 969666 8304.89 1349.67 48.4586 40.4331 9.12173 11.9629 3.66693 2.2608 1.15148
threshold=12425.000000000002 1.0000000180025095e-35 17850.000000000004 29925.000000000004 19425.000000000004 16275.000000000002 19425.000000000004 15225 19775.000000000004 9625.0000000000018 40075.000000000007
decision_type=2 2 2 2 2 2 2 2 2 2 2
left_child=9 6 5 4 -4 -3 7 -2 -8 -1 -5
right_child=1 2 3 10 -6 -7 8 -9 -10 -11 -12
leaf_value=0.83152362926020773 -0.18620839612330548 -0.0742951883043661 -0.063542807411081911 -0.0572361764320976 -0.065546230742395184 -0.075888822708573458 -0.18679348317635266 -0.18543471738019585 -0.1861155019524067 0.83200835433879627 -0.057518753690538639
leaf_weight=48256 100050 79562 60425 71837 60308 79644 39883 99806 39892 47966 72371
leaf_count=48256 100050 79562 60425 71837 60308 79644 39883 99806 39892 47966 72371
internal_value=1.41326e-09 -0.113721 -0.0660669 -0.0606433 -0.0645435 -0.0750924 -0.186002 -0.185822 -0.186454 0.831765 -0.057378
internal_weight=800000 703778 424147 264941 120733 159206 279631 199856 79775 96222 144208
internal_count=800000 703778 424147 264941 120733 159206 279631 199856 79775 96222 144208
is_linear=0
shrinkage=0.05


Tree=27
num_leaves=12
num_cat=0
split_feature=2 3 2 2 2 2 2 2 2 2 2
split_gain=2.73173e+07 875123 7495.15 1218.08 43.7339 36.4909 8.23246 10.7964 3.30937 2.04049 1.03925
threshold=12425.000000000002 1.0000000180025095e-35 17850.000000000004 29925.000000000004 19425.000000000004 16275.000000000002 19425.000000000004 15225 19775.000000000004 9625.0000000000018 40075.000000000007
decision_type=2 2 2 2 2 2 2 2 2 2 2
left_child=9 6 5 4 -4 -3 7 -2 -8 -1 -5
right_child=1 2 3 10 -6 -7 8 -9 -10 -11 -12
leaf_value=0.78994743374513476 -0.17689797208557503 -0.070580424044667064 -0.060365672057423263 -0.054374363456972545 -0.062268923736969496 -0.072094377859736353 -0.17745380954837531 -0.17616298246985018 -0.17680973002168604 0.79040793583893654 -0.054642816356524952
leaf_weight=48256 100050 79562 60425 71837 60308 79644 39883 99806 39892 47966 72371
leaf_count=48256 100050 79562 60425 71837 60308 79644 39883 99806 39892 47966 72371
internal_value=1.14546e-09 -0.108035 -0.0627635 -0.0576112 -0.0613164 -0.0713378 -0.176702 -0.176531 -0.177132 0.790177 -0.0545091
internal_weight=800000 703778 424147 264941 120733 159206 279631 199856 79775 96222 144208
internal_count=800000 703778 424147 264941 120733 159206 279631 199856 79775 96222 144208
is_linear=0
shrinkage=0.05


Tree=28
num_leaves=12
num_cat=0
split_feature=2 3 2 2 2 3 2 2 2 2 2
split_gain=2.46538e+07 789799 6764.38 1099.31 39.4696 32.9332 7.42982 9.74383 2.9867 1.84134 0.9379
threshold=12425.000000000002 1.0000000180025095e-35 17850.000000000004 29925.000000000004 19425.000000000004 0.10753931544865862 19425.000000000004 15225 19775.000000000004 9625.0000000000018 40075.000000000007
decision_type=2 2 2 2 2 2 2 2 2 2 2
left_child=9 6 5 4 -4 -3 7 -2 -8 -1 -5
right_child=1 2 3 10 -6 -7 8 -9 -10 -11 -12
leaf_value=0.75045005656671027 -0.16805307219546273 -0.06848966286045309 -0.057347388202969009 -0.051655645744712021 -0.059155472377385498 -0.067051402883767666 -0.16858111717148525 -0.16735482937249976 -0.16796924218949583 0.75088751014033206 -0.051910673051184776
leaf_weight=48256 100050 79644 60425 71837 60308 79562 39883 99806 39892 47966 72371
leaf_count=48256 100050 79644 60425 71837 60308 79562 39883 99806 39892 47966 72371
internal_value=4.23083e-11 -0.102633 -0.0596253 -0.0547306 -0.0582506 -0.0677709 -0.167867 -0.167704 -0.168275 0.750668 -0.0517836
internal_weight=800000 703778 424147 264941 120733 159206 279631 199856 79775 96222 144208
internal_count=800000 703778 424147 264941 120733 159206 279631 199856 79775 96222 144208
is_linear=0
shrinkage=0.05


Tree=29
num_leaves=12
num_cat=0
split_feature=2 3 2 2 2 2 2 2 2 2 2
split_gain=2.22501e+07 712794 6104.85 992.129 35.6213 29.7223 6.70532 8.79398 2.69552 1.6619 0.846477
threshold=12425.000000000002 1.0000000180025095e-35 17850.000000000004 29925.000000000004 19425.000000000004 16275.000000000002 19425.000000000004 15225 19775.000000000004 9625.0000000000018 40075.000000000007
decision_type=2 2 2 2 2 2 2 2 2 2 2
left_child=9 6 5 4 -4 -3 7 -2 -8 -1 -5
right_child=1 2 3 10 -6 -7 8 -9 -10 -11 -12
leaf_value=0.71292754812618409 -0.1596504258658753 -0.06369882863858857 -0.054480019398129492 -0.049072867409794857 -0.056197699252879756 -0.065065177319666045 -0.16015206265879289 -0.15898708866326144 -0.15957077972891454 0.71334314057730319 -0.049315146497533505
leaf_weight=48256 100050 79562 60425 71837 60308 79644 39883 99806 39892 47966 72371
leaf_count=48256 100050 79562 60425 71837 60308 79644 39883 99806 39892 47966 72371
internal_value=-1.43028e-09 -0.0975013 -0.0566441 -0.0519941 -0.055338 -0.0643824 -0.159474 -0.159319 -0.159861 0.713135 -0.0491945
internal_weight=800000 703778 424147 264941 120733 159206 279631 199856 79775 96222 144208
internal_count=800000 703778 424147 264941 120733 159206 279631 199856 79775 96222 144208
is_linear=0
shrinkage=0.05


Tree=30
num_leaves=12
num_cat=0
split_feature=2 3 2 2 2 2 2 2 2 2 2
split_gain=2.00807e+07 643296 5509.63 895.396 32.1486 26.8245 6.05165 7.93635 2.43268 1.50006 0.76394
threshold=12425.000000000002 1.0000000180025095e-35 17850.000000000004 29925.000000000004 19425.000000000004 16275.000000000002 19425.000000000004 15225 19775.000000000004 9625.0000000000018 40075.000000000007
decision_type=2 2 2 2 2 2 2 2 2 2 2
left_child=9 6 5 4 -4 -3 7 -2 -8 -1 -5
right_child=1 2 3 10 -6 -7 8 -9 -10 -11 -12
leaf_value=0.67728116593933219 -0.15166789809000186 -0.060513887232971408 -0.051756012904292409 -0.046619224113551197 -0.053387817876695734 -0.061811921828885175 -0.15214445969778445 -0.15103773610882754 -0.15159224375801109 0.67767600362829639 -0.046849388349860042
leaf_weight=48256 100050 79562 60425 71837 60308 79644 39883 99806 39892 47966 72371
leaf_count=48256 100050 79562 60425 71837 60308 79644 39883 99806 39892 47966 72371
internal_value=-1.4979e-10 -0.0926262 -0.0538119 -0.0493944 -0.0525711 -0.0611632 -0.1515 -0.151353 -0.151868 0.677478 -0.0467347
internal_weight=800000 703778 424147 264941 120733 159206 279631 199856 79775 96222 144208
internal_count=800000 703778 424147 264941 120733 159206 279631 199856 79775 96222 144208
is_linear=0
shrinkage=0.05


Tree=31
num_leaves=12
num_cat=0
split_feature=2 4 2 2 2 2 2 2 2 2 2
split_gain=1.81228e+07 580575 4972.44 808.097 29.0139 24.2088 5.46154 7.16258 2.1955 1.35379 0.689461
threshold=12425.000000000002 0.20000000000000004 17850.000000000004 29925.000000000004 19425.000000000004 16275.000000000002 19425.000000000004 15225 19775.000000000004 9625.0000000000018 40075.000000000007
decision_type=2 2 2 2 2 2 2 2 2 2 2
left_child=9 6 5 4 -4 -3 7 -2 -8 -1 -5
right_child=1 2 3 10 -6 -7 8 -9 -10 -11 -12
leaf_value=0.64341711397997536 -0.14408450716921606 -0.057488196193495517 -0.049168215412568231 -0.044288256732802428 -0.050718424665497724 -0.05872132193915483 -0.14453723742814667 -0.14348585221766355 -0.14401263125647176 0.64379220865482401 -0.044506913636690265
leaf_weight=48256 100050 79562 60425 71837 60308 79644 39883 99806 39892 47966 72371
leaf_count=48256 100050 79562 60425 71837 60308 79644 39883 99806 39892 47966 72371
internal_value=6.88242e-10 -0.0879949 -0.0511213 -0.0469246 -0.0499426 -0.0581051 -0.143925 -0.143786 -0.144275 0.643604 -0.044398
internal_weight=800000 703778 424147 264941 120733 159206 279631 199856 79775 96222 144208
internal_count=800000 703778 424147 264941 120733 159206 279631 199856 79775 96222 144208
is_linear=0
shrinkage=0.05


Tree=32
num_leaves=12
num_cat=0
split_feature=2 3 2 2 2 2 2 2 2 2 2
split_gain=1.63559e+07 523969 4487.62 729.307 26.1851 21.8482 4.92902 6.46431 1.98146 1.2218 0.622187
threshold=12425.000000000002 1.0000000180025095e-35 17850.000000000004 29925.000000000004 19425.000000000004 16275.000000000002 19425.000000000004 15225 19775.000000000004 9625.0000000000018 40075.000000000007
decision_type=2 2 2 2 2 2 2 2 2 2 2
left_child=9 6 5 4 -4 -3 7 -2 -8 -1 -5
right_child=1 2 3 10 -6 -7 8 -9 -10 -11 -12
leaf_value=0.61124624701236085 -0.13688028167588087 -0.054613787590779797 -0.046709804565953583 -0.042073851276382052 -0.048182505044343467 -0.055785250564425765 -0.13731037439438451 -0.13631155595008623 -0.13681199566467581 0.61160258651802391 -0.042281566783433477
leaf_weight=48256 100050 79562 60425 71837 60308 79644 39883 99806 39892 47966 72371
leaf_count=48256 100050 79562 60425 71837 60308 79644 39883 99806 39892 47966 72371
internal_value=-2.62861e-10 -0.0835952 -0.0485652 -0.0445784 -0.0474454 -0.0551998 -0.136729 -0.136596 -0.137061 0.611424 -0.0421781
internal_weight=800000 703778 424147 264941 120733 159206 279631 199856 79775 96222 144208
internal_count=800000 703778 424147 264941 120733 159206 279631 199856 79775 96222 144208
is_linear=0
shrinkage=0.05


Tree=33
num_leaves=12
num_cat=0
split_feature=2 4 2 2 2 2 2 2 2 2 2
split_gain=1.47612e+07 472882 4050.08 658.198 23.6321 19.7181 4.44852 5.83404 1.78829 1.10257 0.561574
threshold=12425.000000000002 0.20000000000000004 17850.000000000004 29925.000000000004 19425.000000000004 16275.000000000002 19425.000000000004 15225 19775.000000000004 9625.0000000000018 40075.000000000007
decision_type=2 2 2 2 2 2 2 2 2 2 2
left_child=9 6 5 4 -4 -3 7 -2 -8 -1 -5
right_child=1 2 3 10 -6 -7 8 -9 -10 -11 -12
leaf_value=0.58068394082417207 -0.13003626778173552 -0.051883098925198393 -0.04437431522450716 -0.039970158898240564 -0.045773380718437152 -0.052995990261343134 -0.13044486110615047 -0.12949597859713843 -0.12997139907335575 0.58102244831486916 -0.040167497341603006
leaf_weight=48256 100050 79562 60425 71837 60308 79644 39883 99806 39892 47966 72371
leaf_count=48256 100050 79562 60425 71837 60308 79644 39883 99806 39892 47966 72371
internal_value=-2.17029e-09 -0.0794154 -0.046137 -0.0423495 -0.0450732 -0.0524398 -0.129892 -0.129766 -0.130208 0.580853 -0.0400692
internal_weight=800000 703778 424147 264941 120733 159206 279631 199856 79775 96222 144208
internal_count=800000 703778 424147 264941 120733 159206 279631 199856 79775 96222 144208
is_linear=0
shrinkage=0.05


Tree=34
num_leaves=12
num_cat=0
split_feature=2 4 2 2 2 2 2 2 2 2 2
split_gain=1.3322e+07 426776 3655.2 594.026 21.3277 17.7957 4.01476 5.26516 1.61391 0.995119 0.506823
threshold=12425.000000000002 0.20000000000000004 17850.000000000004 29925.000000000004 19425.000000000004 16275.000000000002 19425.000000000004 15225 19775.000000000004 9625.0000000000018 40075.000000000007
decision_type=2 2 2 2 2 2 2 2 2 2 2
left_child=9 6 5 4 -4 -3 7 -2 -8 -1 -5
right_child=1 2 3 10 -6 -7 8 -9 -10 -11 -12
leaf_value=0.55164974444092074 -0.12353445153123939 -0.04928894581211362 -0.042155603992459059 -0.037971645225858976 -0.043484709591783334 -0.050346196567513858 -0.12392261346453015 -0.12302117966404179 -0.12347282737358307 0.55197133421922506 -0.038159117308898982
leaf_weight=48256 100050 79562 60425 71837 60308 79644 39883 99806 39892 47966 72371
leaf_count=48256 100050 79562 60425 71837 60308 79644 39883 99806 39892 47966 72371
internal_value=-8.13783e-10 -0.0754446 -0.0438301 -0.040232 -0.0428195 -0.0498178 -0.123398 -0.123278 -0.123698 0.55181 -0.0380657
internal_weight=800000 703778 424147 264941 120733 159206 279631 199856 79775 96222 144208
internal_count=800000 703778 424147 264941 120733 159206 279631 199856 79775 96222 144208
is_linear=0
shrinkage=0.05


Tree=35
num_leaves=12
num_cat=0
split_feature=2 3 2 2 2 2 2 2 2 2 2
split_gain=1.20231e+07 385165 3298.82 536.107 19.2484 16.0606 3.62334 4.75178 1.45654 0.898084 0.457399
threshold=12425.000000000002 1.0000000180025095e-35 17850.000000000004 29925.000000000004 19425.000000000004 16275.000000000002 19425.000000000004 15225 19775.000000000004 9625.0000000000018 40075.000000000007
decision_type=2 2 2 2 2 2 2 2 2 2 2
left_child=9 6 5 4 -4 -3 7 -2 -8 -1 -5
right_child=1 2 3 10 -6 -7 8 -9 -10 -11 -12
leaf_value=0.52406725410358479 -0.11735772710367176 -0.046824495209207125 -0.040047817409788959 -0.036073065601704993 -0.041310472569201978 -0.04782888315378972 -0.11772648148319437 -0.11687012029192288 -0.11729918688039323 0.52437276258600074 -0.036251162283853951
leaf_weight=48256 100050 79562 60425 71837 60308 79644 39883 99806 39892 47966 72371
leaf_count=48256 100050 79562 60425 71837 60308 79644 39883 99806 39892 47966 72371
internal_value=1.73975e-11 -0.0716724 -0.0416386 -0.0382204 -0.0406785 -0.0473269 -0.117228 -0.117114 -0.117513 0.52422 -0.0361624
internal_weight=800000 703778 424147 264941 120733 159206 279631 199856 79775 96222 144208
internal_count=800000 703778 424147 264941 120733 159206 279631 199856 79775 96222 144208
is_linear=0
shrinkage=0.05


Tree=36
num_leaves=12
num_cat=0
split_feature=2 4 2 2 2 2 2 2 2 2 2
split_gain=1.08508e+07 347612 2977.19 483.835 17.3717 14.4948 3.27004 4.28842 1.31457 0.810446 0.412798
threshold=12425.000000000002 0.20000000000000004 17850.000000000004 29925.000000000004 19425.000000000004 16275.000000000002 19425.000000000004 15225 19775.000000000004 9625.0000000000018 40075.000000000007
decision_type=2 2 2 2 2 2 2 2 2 2 2
left_child=9 6 5 4 -4 -3 7 -2 -8 -1 -5
right_child=1 2 3 10 -6 -7 8 -9 -10 -11 -12
leaf_value=0.49786390512158063 -0.11148983867771547 -0.044483271947273237 -0.038045423080448698 -0.034269413848780628 -0.039244947221894762 -0.04543744383503226 -0.11184015903518374 -0.11102661557891301 -0.11143422263085688 0.4981541247105048 -0.034438604777531696
leaf_weight=48256 100050 79562 60425 71837 60308 79644 39883 99806 39892 47966 72371
leaf_count=48256 100050 79562 60425 71837 60308 79644 39883 99806 39892 47966 72371
internal_value=6.87595e-10 -0.0680888 -0.0395567 -0.0363094 -0.0386446 -0.0449606 -0.111367 -0.111259 -0.111637 0.498009 -0.0343543
internal_weight=800000 703778 424147 264941 120733 159206 279631 199856 79775 96222 144208
internal_count=800000 703778 424147 264941 120733 159206 279631 199856 79775 96222 144208
is_linear=0
shrinkage=0.05


Tree=37
num_leaves=12
num_cat=0
split_feature=2 3 2 2 2 2 2 2 2 2 2
split_gain=9.79286e+06 313719 2686.91 436.662 15.6781 13.0813 2.9512 3.87036 1.18636 0.731424 0.372567
threshold=12425.000000000002 1.0000000180025095e-35 17850.000000000004 29925.000000000004 19425.000000000004 16275.000000000002 19425.000000000004 15225 19775.000000000004 9625.0000000000018 40075.000000000007
decision_type=2 2 2 2 2 2 2 2 2 2 2
left_child=9 6 5 4 -4 -3 7 -2 -8 -1 -5
right_child=1 2 3 10 -6 -7 8 -9 -10 -11 -12
leaf_value=0.47297071031871729 -0.10591535081737807 -0.042259108726044083 -0.036143156281713343 -0.032555943258647933 -0.037282707009278625 -0.043165564126248987 -0.10624814949504585 -0.10547528534638789 -0.10586251595069243 0.47324641839043713 -0.032716678181518848
leaf_weight=48256 100050 79562 60425 71837 60308 79644 39883 99806 39892 47966 72371
leaf_count=48256 100050 79562 60425 71837 60308 79644 39883 99806 39892 47966 72371
internal_value=-5.40547e-10 -0.0646843 -0.0375788 -0.0344939 -0.0367124 -0.0427126 -0.105798 -0.105696 -0.106055 0.473108 -0.0326366
internal_weight=800000 703778 424147 264941 120733 159206 279631 199856 79775 96222 144208
internal_count=800000 703778 424147 264941 120733 159206 279631 199856 79775 96222 144208
is_linear=0
shrinkage=0.05


Tree=38
num_leaves=12
num_cat=0
split_feature=2 3 2 2 2 2 2 2 2 2 2
split_gain=8.83806e+06 283132 2424.94 394.088 14.1493 11.8061 2.6635 3.49303 1.07073 0.660134 0.336253
threshold=12425.000000000002 1.0000000180025095e-35 17850.000000000004 29925.000000000004 19425.000000000004 16275.000000000002 19425.000000000004 15225 19775.000000000004 9625.0000000000018 40075.000000000007
decision_type=2 2 2 2 2 2 2 2 2 2 2
left_child=9 6 5 4 -4 -3 7 -2 -8 -1 -5
right_child=1 2 3 10 -6 -7 8 -9 -10 -11 -12
leaf_value=0.44932216986123569 -0.10061958276873961 -0.040146152144476685 -0.034336000448757259 -0.030928140974218601 -0.035418566477736495 -0.041007292718274274 -0.10093574693968653 -0.10020151853170328 -0.10056938819412833 0.4495840971293541 -0.031080841792058306
leaf_weight=48256 100050 79562 60425 71837 60308 79644 39883 99806 39892 47966 72371
leaf_count=48256 100050 79562 60425 71837 60308 79644 39883 99806 39892 47966 72371
internal_value=-2.36024e-10 -0.0614501 -0.0356999 -0.0327692 -0.0348768 -0.0405769 -0.100508 -0.100411 -0.100753 0.449453 -0.0310048
internal_weight=800000 703778 424147 264941 120733 159206 279631 199856 79775 96222 144208
internal_count=800000 703778 424147 264941 120733 159206 279631 199856 79775 96222 144208
is_linear=0
shrinkage=0.05


Tree=39
num_leaves=12
num_cat=0
split_feature=2 3 2 2 2 2 2 2 2 2 2
split_gain=7.97634e+06 255526 2188.5 355.665 12.7697 10.6551 2.40377 3.15237 0.966306 0.595815 0.303422
threshold=12425.000000000002 1.0000000180025095e-35 17850.000000000004 29925.000000000004 19425.000000000004 16275.000000000002 19425.000000000004 15225 19775.000000000004 9625.0000000000018 40075.000000000007
decision_type=2 2 2 2 2 2 2 2 2 2 2
left_child=9 6 5 4 -4 -3 7 -2 -8 -1 -5
right_child=1 2 3 10 -6 -7 8 -9 -10 -11 -12
leaf_value=0.42685605098214296 -0.095588602295459124 -0.038138841596484258 -0.03261920000901071 -0.029381737900070589 -0.033647637645359725 -0.038956926329857922 -0.095888956391170108 -0.095191447340628857 -0.095540920548246672 0.42710489115392503 -0.029526792582484043
leaf_weight=48256 100050 79562 60425 71837 60308 79644 39883 99806 39892 47966 72371
leaf_count=48256 100050 79562 60425 71837 60308 79644 39883 99806 39892 47966 72371
internal_value=-4.46007e-10 -0.0583776 -0.0339149 -0.0311308 -0.0331329 -0.0385481 -0.0954829 -0.0953903 -0.0957149 0.42698 -0.0294545
internal_weight=800000 703778 424147 264941 120733 159206 279631 199856 79775 96222 144208
internal_count=800000 703778 424147 264941 120733 159206 279631 199856 79775 96222 144208
is_linear=0
shrinkage=0.05


Tree=40
num_leaves=12
num_cat=0
split_feature=2 3 2 2 2 2 2 2 2 2 2
split_gain=7.19865e+06 230613 1975.13 320.987 11.5249 9.61606 2.1694 2.84504 0.872093 0.537773 0.273852
threshold=12425.000000000002 1.0000000180025095e-35 17850.000000000004 29925.000000000004 19425.000000000004 16275.000000000002 19425.000000000004 15225 19775.000000000004 9625.0000000000018 40075.000000000007
decision_type=2 2 2 2 2 2 2 2 2 2 2
left_child=9 6 5 4 -4 -3 7 -2 -8 -1 -5
right_child=1 2 3 10 -6 -7 8 -9 -10 -11 -12
leaf_value=0.40551324450705217 -0.090809171530478863 -0.036231904679458464 -0.030988233231091913 -0.027912650535343184 -0.031965258800367172 -0.03700907996275301 -0.091094506331860614 -0.090431872314603534 -0.090763871959592513 0.40574965355223469 -0.028050455988180817
leaf_weight=48256 100050 79562 60425 71837 60308 79644 39883 99806 39892 47966 72371
leaf_count=48256 100050 79562 60425 71837 60308 79644 39883 99806 39892 47966 72371
internal_value=-4.88657e-11 -0.0554587 -0.0322192 -0.0295742 -0.0314763 -0.0366207 -0.0907087 -0.0906208 -0.0909292 0.405631 -0.0279818
internal_weight=800000 703778 424147 264941 120733 159206 279631 199856 79775 96222 144208
internal_count=800000 703778 424147 264941 120733 159206 279631 199856 79775 96222 144208
is_linear=0
shrinkage=0.05


Tree=41
num_leaves=12
num_cat=0
split_feature=2 4 2 2 2 3 2 2 2 2 2
split_gain=6.49678e+06 208128 1782.55 289.691 10.4011 8.67849 1.95787 2.56772 0.78707 0.485289 0.247166
threshold=12425.000000000002 0.20000000000000004 17850.000000000004 29925.000000000004 19425.000000000004 0.10753931544865862 19425.000000000004 15225 19775.000000000004 9625.0000000000018 40075.000000000007
decision_type=2 2 2 2 2 2 2 2 2 2 2
left_child=9 6 5 4 -4 -3 7 -2 -8 -1 -5
right_child=1 2 3 10 -6 -7 8 -9 -10 -11 -12
leaf_value=0.38523759645086542 -0.086268717500846859 -0.035158622829075829 -0.029438826033574724 -0.026517015514459921 -0.030366996012183473 -0.034420306393733377 -0.08653978349010627 -0.08591027858283895 -0.086225679556798759 0.38546217333048549 -0.026647934390986269
leaf_weight=48256 100050 79644 60425 71837 60308 79562 39883 99806 39892 47966 72371
leaf_count=48256 100050 79644 60425 71837 60308 79562 39883 99806 39892 47966 72371
internal_value=6.0061e-10 -0.0526858 -0.0306082 -0.0280955 -0.0299025 -0.0347897 -0.0861733 -0.0860897 -0.0863827 0.38535 -0.0265827
internal_weight=800000 703778 424147 264941 120733 159206 279631 199856 79775 96222 144208
internal_count=800000 703778 424147 264941 120733 159206 279631 199856 79775 96222 144208
is_linear=0
shrinkage=0.05


Tree=42
num_leaves=12
num_cat=0
split_feature=2 4 2 2 2 3 2 2 2 2 2
split_gain=5.86335e+06 187835 1608.75 261.447 9.38694 7.83242 1.76698 2.31739 0.710323 0.437974 0.223064
threshold=12425.000000000002 0.20000000000000004 17850.000000000004 29925.000000000004 19425.000000000004 0.10753931544865862 19425.000000000004 15225 19775.000000000004 9625.0000000000018 40075.000000000007
decision_type=2 2 2 2 2 2 2 2 2 2 2
left_child=9 6 5 4 -4 -3 7 -2 -8 -1 -5
right_child=1 2 3 10 -6 -7 8 -9 -10 -11 -12
leaf_value=0.36597571004272056 -0.081955280686334786 -0.033400695261222711 -0.027966889378710669 -0.025191165573549491 -0.028848647093499713 -0.032699290948118798 -0.082212791198604654 -0.081614761601922964 -0.081914394136973753 0.36618905825202552 -0.025315537661745997
leaf_weight=48256 100050 79644 60425 71837 60308 79562 39883 99806 39892 47966 72371
leaf_count=48256 100050 79644 60425 71837 60308 79562 39883 99806 39892 47966 72371
internal_value=-3.20381e-10 -0.0500515 -0.0290778 -0.0266907 -0.0284073 -0.0330502 -0.0818646 -0.0817852 -0.0820636 0.366082 -0.0252536
internal_weight=800000 703778 424147 264941 120733 159206 279631 199856 79775 96222 144208
internal_count=800000 703778 424147 264941 120733 159206 279631 199856 79775 96222 144208
is_linear=0
shrinkage=0.05


Tree=43
num_leaves=12
num_cat=0
split_feature=2 3 2 2 2 2 2 2 2 2 2
split_gain=5.29167e+06 169521 1451.9 235.955 8.47184 7.06882 1.59475 2.09132 0.641096 0.395212 0.201318
threshold=12425.000000000002 1.0000000180025095e-35 17850.000000000004 29925.000000000004 19425.000000000004 16275.000000000002 19425.000000000004 15225 19775.000000000004 9625.0000000000018 40075.000000000007
decision_type=2 2 2 2 2 2 2 2 2 2 2
left_child=9 6 5 4 -4 -3 7 -2 -8 -1 -5
right_child=1 2 3 10 -6 -7 8 -9 -10 -11 -12
leaf_value=0.3476769324971139 -0.077857512219655714 -0.031064326471870303 -0.026568538521586329 -0.023931604800412922 -0.027406214687201759 -0.031730663273956163 -0.078102160020290967 -0.077534028825390358 -0.07781867632625282 0.34787959788048523 -0.02404975914274848
leaf_weight=48256 100050 79562 60425 71837 60308 79644 39883 99806 39892 47966 72371
leaf_count=48256 100050 79562 60425 71837 60308 79644 39883 99806 39892 47966 72371
internal_value=-3.16424e-10 -0.0475489 -0.0276239 -0.0253562 -0.026987 -0.0313977 -0.0777714 -0.077696 -0.0779604 0.347778 -0.0239909
internal_weight=800000 703778 424147 264941 120733 159206 279631 199856 79775 96222 144208
internal_count=800000 703778 424147 264941 120733 159206 279631 199856 79775 96222 144208
is_linear=0
shrinkage=0.05


Tree=44
num_leaves=12
num_cat=0
split_feature=2 3 2 2 3 2 2 2 2 2 2
split_gain=4.77573e+06 152993 1310.34 212.95 7.64573 6.37962 1.43921 1.88748 0.578579 0.356721 0.181685
threshold=12425.000000000002 1.0000000180025095e-35 17850.000000000004 29925.000000000004 0.12613636363636363 16275.000000000002 19425.000000000004 15225 19775.000000000004 9625.0000000000018 40075.000000000007
decision_type=2 2 2 2 2 2 2 2 2 2 2
left_child=9 6 5 4 -4 -3 7 -2 -8 -1 -5
right_child=1 2 3 10 -6 -7 8 -9 -10 -11 -12
leaf_value=0.33029308083296433 -0.073964638816533007 -0.029511110171437989 -0.026035900121318546 -0.022735026129282465 -0.0252401131747538 -0.030144130608225697 -0.074197045512013546 -0.073657324756644313 -0.073927738309950308 0.33048562433707995 -0.022847271200167898
leaf_weight=48256 100050 79562 60308 71837 60425 79644 39883 99806 39892 47966 72371
leaf_count=48256 100050 79562 60308 71837 60425 79644 39883 99806 39892 47966 72371
internal_value=3.37196e-10 -0.0451715 -0.0262427 -0.0240884 -0.0256376 -0.0298278 -0.0738828 -0.0738112 -0.0740624 0.330389 -0.0227914
internal_weight=800000 703778 424147 264941 120733 159206 279631 199856 79775 96222 144208
internal_count=800000 703778 424147 264941 120733 159206 279631 199856 79775 96222 144208
is_linear=0
shrinkage=0.05


Tree=45
num_leaves=12
num_cat=0
split_feature=3 3 2 2 2 2 2 2 2 2 2
split_gain=4.3101e+06 138076 1182.58 192.186 6.90031 5.75751 1.2989 1.70342 0.522154 0.321952 0.163973
threshold=0.32017543859649128 1.0000000180025095e-35 17850.000000000004 29925.000000000004 19425.000000000004 16275.000000000002 19425.000000000004 15225 19775.000000000004 9625.0000000000018 40075.000000000007
decision_type=2 2 2 2 2 2 2 2 2 2 2
left_child=1 6 5 4 -4 -3 7 -1 -8 -2 -5
right_child=9 2 3 10 -6 -7 8 -9 -10 -11 -12
leaf_value=-0.070266406388810862 0.31377843112674475 -0.028035553538166093 -0.023978105744976642 -0.021598277494484411 -0.024734105312454888 -0.02863691780420189 -0.070487193391060951 -0.069974460398547059 -0.07023135498896782 0.31396135079494814 -0.021704911109697387
leaf_weight=100050 48256 79562 60425 71837 60308 79644 39883 99806 39892 47966 72371
leaf_count=100050 48256 79562 60425 71837 60308 79644 39883 99806 39892 47966 72371
internal_value=9.82991e-10 -0.0429129 -0.0249306 -0.022884 -0.0243557 -0.0283364 -0.0701887 -0.0701206 -0.0703593 0.31387 -0.0216518
internal_weight=800000 703778 424147 264941 120733 159206 279631 199856 79775 96222 144208
internal_count=800000 703778 424147 264941 120733 159206 279631 199856 79775 96222 144208
is_linear=0
shrinkage=0.05


Tree=46
num_leaves=12
num_cat=0
split_feature=2 3 2 2 2 2 2 2 2 2 2
split_gain=3.88986e+06 124614 1067.28 173.449 6.22746 5.19608 1.17229 1.53739 0.471255 0.290544 0.147997
threshold=12425.000000000002 1.0000000180025095e-35 17850.000000000004 29925.000000000004 19425.000000000004 16275.000000000002 19425.000000000004 15225 19775.000000000004 9625.0000000000018 40075.000000000007
decision_type=2 2 2 2 2 2 2 2 2 2 2
left_child=9 6 5 4 -4 -3 7 -2 -8 -1 -5
right_child=1 2 3 10 -6 -7 8 -9 -10 -11 -12
leaf_value=0.29808950354826402 -0.066753086259098704 -0.026633779015562471 -0.022779203490386188 -0.020518357687911815 -0.023497399034198261 -0.027205071263911064 -0.066962836503585005 -0.066475732670093809 -0.066719787067663502 0.29826327182632389 -0.020619663677651907
leaf_weight=48256 100050 79562 60425 71837 60308 79644 39883 99806 39892 47966 72371
leaf_count=48256 100050 79562 60425 71837 60308 79644 39883 99806 39892 47966 72371
internal_value=6.19618e-10 -0.0407673 -0.023684 -0.0217398 -0.023138 -0.0269196 -0.0666793 -0.0666146 -0.0668413 0.298176 -0.0205692
internal_weight=800000 703778 424147 264941 120733 159206 279631 199856 79775 96222 144208
internal_count=800000 703778 424147 264941 120733 159206 279631 199856 79775 96222 144208
is_linear=0
shrinkage=0.05


Tree=47
num_leaves=12
num_cat=0
split_feature=3 3 2 2 2 2 2 2 2 2 2
split_gain=3.5106e+06 112464 963.218 156.537 5.62028 4.68965 1.05793 1.38748 0.425303 0.262215 0.133574
threshold=0.32017543859649128 1.0000000180025095e-35 17850.000000000004 29925.000000000004 19425.000000000004 16275.000000000002 19425.000000000004 15225 19775.000000000004 9625.0000000000018 40075.000000000007
decision_type=2 2 2 2 2 2 2 2 2 2 2
left_child=1 6 5 4 -4 -3 7 -1 -8 -2 -5
right_child=9 2 3 10 -6 -7 8 -9 -10 -11 -12
leaf_value=-0.063415437294720531 0.28318503482650903 -0.025302085294849452 -0.021640245018820142 -0.019492441597199428 -0.022322530853614266 -0.025844823834124543 -0.063614693032031377 -0.06315195243131197 -0.063383797332822844 0.28335011453268261 -0.019588684672679477
leaf_weight=100050 48256 79562 60425 71837 60308 79644 39883 99806 39892 47966 72371
leaf_count=100050 48256 79562 60425 71837 60308 79644 39883 99806 39892 47966 72371
internal_value=-9.47439e-10 -0.0387289 -0.0224998 -0.0206528 -0.0219811 -0.0255736 -0.0633453 -0.0632839 -0.0634992 0.283267 -0.0195407
internal_weight=800000 703778 424147 264941 120733 159206 279631 199856 79775 96222 144208
internal_count=800000 703778 424147 264941 120733 159206 279631 199856 79775 96222 144208
is_linear=0
shrinkage=0.05


Tree=48
num_leaves=12
num_cat=0
split_feature=2 3 2 2 2 2 2 2 2 2 2
split_gain=3.16832e+06 101499 869.305 141.275 5.07233 4.23232 0.954811 1.25221 0.38384 0.236661 0.12053
threshold=12425.000000000002 1.0000000180025095e-35 17850.000000000004 29925.000000000004 19425.000000000004 16275.000000000002 19425.000000000004 15225 19775.000000000004 9625.0000000000018 40075.000000000007
decision_type=2 2 2 2 2 2 2 2 2 2 2
left_child=9 6 5 4 -4 -3 7 -2 -8 -1 -5
right_child=1 2 3 10 -6 -7 8 -9 -10 -11 -12
leaf_value=0.26902578228333279 -0.060244665123313772 -0.024036985383511889 -0.020558229349780095 -0.018517824556075462 -0.021206402267881255 -0.024552581244238481 -0.06043396174802277 -0.059994353744877986 -0.060214609803398489 0.26918261189430287 -0.018609247653369711
leaf_weight=48256 100050 79562 60425 71837 60308 79644 39883 99806 39892 47966 72371
leaf_count=48256 100050 79562 60425 71837 60308 79644 39883 99806 39892 47966 72371
internal_value=-9.58529e-10 -0.0367925 -0.0213748 -0.0196201 -0.020882 -0.0242949 -0.060178 -0.0601197 -0.0603243 0.269104 -0.0185637
internal_weight=800000 703778 424147 264941 120733 159206 279631 199856 79775 96222 144208
internal_count=800000 703778 424147 264941 120733 159206 279631 199856 79775 96222 144208
is_linear=0
shrinkage=0.05


Tree=49
num_leaves=12
num_cat=0
split_feature=2 3 2 2 2 2 2 2 2 2 2
split_gain=2.85941e+06 91602.6 784.547 127.501 4.5778 3.81967 0.861677 1.13014 0.346397 0.213567 0.108773
threshold=12425.000000000002 1.0000000180025095e-35 17850.000000000004 29925.000000000004 19425.000000000004 16275.000000000002 19425.000000000004 15225 19775.000000000004 9625.0000000000018 40075.000000000007
decision_type=2 2 2 2 2 2 2 2 2 2 2
left_child=9 6 5 4 -4 -3 7 -2 -8 -1 -5
right_child=1 2 3 10 -6 -7 8 -9 -10 -11 -12
leaf_value=0.25557449228015094 -0.057232432750390805 -0.022835134131050202 -0.019530320891199469 -0.017591934609395898 -0.020146086817845844 -0.02332495050356051 -0.057412256242262538 -0.056994635019267118 -0.057203877527984628 0.25572347378125698 -0.017678784578801822
leaf_weight=48256 100050 79562 60425 71837 60308 79644 39883 99806 39892 47966 72371
leaf_count=48256 100050 79562 60425 71837 60308 79644 39883 99806 39892 47966 72371
internal_value=-1.20399e-09 -0.0349528 -0.0203061 -0.0186391 -0.0198379 -0.0230802 -0.0571691 -0.0571137 -0.0573081 0.255649 -0.0176355
internal_weight=800000 703778 424147 264941 120733 159206 279631 199856 79775 96222 144208
internal_count=800000 703778 424147 264941 120733 159206 279631 199856 79775 96222 144208
is_linear=0
shrinkage=0.05


Tree=50
num_leaves=12
num_cat=0
split_feature=2 3 3 2 2 2 2 2 2 2 2
split_gain=2.58062e+06 82671.4 708.055 115.069 4.13146 3.44722 0.777701 1.01989 0.312634 0.192771 0.0981857
threshold=12425.000000000002 1.0000000180025095e-35 0.11684782608695651 29925.000000000004 19425.000000000004 16275.000000000002 19425.000000000004 15225 19775.000000000004 9625.0000000000018 40075.000000000007
decision_type=2 2 2 2 2 2 2 2 2 2 2
left_child=9 6 5 4 -4 -3 7 -2 -8 -1 -5
right_child=1 2 3 10 -6 -7 8 -9 -10 -11 -12
leaf_value=0.24279576415958162 -0.054370802676619437 -0.021693379395311473 -0.018553798218100707 -0.016712333394115417 -0.019138775284914412 -0.02215870241533327 -0.054541644674615135 -0.05414490166225331 -0.054343681285916601 0.24293730628614016 -0.016794848306949699
leaf_weight=48256 100050 79562 60425 71837 60308 79644 39883 99806 39892 47966 72371
leaf_count=48256 100050 79562 60425 71837 60308 79644 39883 99806 39892 47966 72371
internal_value=1.36551e-09 -0.0332052 -0.0192908 -0.0177072 -0.018846 -0.0219262 -0.0543107 -0.054258 -0.0544427 0.242866 -0.0167537
internal_weight=800000 703778 424147 264941 120733 159206 279631 199856 79775 96222 144208
internal_count=800000 703778 424147 264941 120733 159206 279631 199856 79775 96222 144208
is_linear=0
shrinkage=0.05


Tree=51
num_leaves=12
num_cat=0
split_feature=2 3 2 2 2 2 2 2 2 2 2
split_gain=2.32901e+06 74610.9 639.018 103.85 3.72874 3.11102 0.701874 0.920478 0.282141 0.173942 0.0885882
threshold=12425.000000000002 1.0000000180025095e-35 17850.000000000004 29925.000000000004 19425.000000000004 16275.000000000002 19425.000000000004 15225 19775.000000000004 9625.0000000000018 40075.000000000007
decision_type=2 2 2 2 2 2 2 2 2 2 2
left_child=9 6 5 4 -4 -3 7 -2 -8 -1 -5
right_child=1 2 3 10 -6 -7 8 -9 -10 -11 -12
leaf_value=0.23065598225643169 -0.051652267668624956 -0.020608712521328502 -0.017626110452862456 -0.015876721742424865 -0.018181846143923003 -0.021050762642054216 -0.051814564019413895 -0.051437658397565367 -0.051626502473162861 0.2307904341318901 -0.015955100128320254
leaf_weight=48256 100050 79562 60425 71837 60308 79644 39883 99806 39892 47966 72371
leaf_count=48256 100050 79562 60425 71837 60308 79644 39883 99806 39892 47966 72371
internal_value=-5.03034e-10 -0.0315449 -0.0183263 -0.0168218 -0.0179037 -0.0208299 -0.0515951 -0.0515451 -0.0517205 0.230723 -0.0159161
internal_weight=800000 703778 424147 264941 120733 159206 279631 199856 79775 96222 144208
internal_count=800000 703778 424147 264941 120733 159206 279631 199856 79775 96222 144208
is_linear=0
shrinkage=0.05


Tree=52
num_leaves=12
num_cat=0
split_feature=3 3 2 2 2 3 2 2 2 2 2
split_gain=2.10193e+06 67336.4 576.715 93.7247 3.36505 2.80785 0.633462 0.830759 0.254644 0.157012 0.0799581
threshold=0.32017543859649128 1.0000000180025095e-35 17850.000000000004 29925.000000000004 19425.000000000004 0.10753931544865862 19425.000000000004 15225 19775.000000000004 9625.0000000000018 40075.000000000007
decision_type=2 2 2 2 2 2 2 2 2 2 2
left_child=1 6 5 4 -4 -3 7 -1 -8 -2 -5
right_child=9 2 3 10 -6 -7 8 -9 -10 -11 -12
leaf_value=-0.0490696540816902 0.21912317271649179 -0.019998232079964998 -0.016744810050484754 -0.015082884341017143 -0.017272748184323748 -0.019578273002859525 -0.049223838618728956 -0.048865771880990554 -0.049045176188471248 0.21925091399600946 -0.015157347170366115
leaf_weight=100050 48256 79644 60425 71837 60308 79562 39883 99806 39892 47966 72371
leaf_count=100050 48256 79644 60425 71837 60308 79562 39883 99806 39892 47966 72371
internal_value=-1.01467e-09 -0.0299677 -0.0174099 -0.0159807 -0.0170085 -0.0197884 -0.0490154 -0.0489678 -0.0491345 0.219187 -0.0151203
internal_weight=800000 703778 424147 264941 120733 159206 279631 199856 79775 96222 144208
internal_count=800000 703778 424147 264941 120733 159206 279631 199856 79775 96222 144208
is_linear=0
shrinkage=0.05


Tree=53
num_leaves=12
num_cat=0
split_feature=2 4 2 2 2 2 2 2 2 2 2
split_gain=1.89699e+06 60771.1 520.484 84.5868 3.03701 2.53398 0.571689 0.749731 0.229817 0.141698 0.0721683
threshold=12425.000000000002 0.20000000000000004 17850.000000000004 29925.000000000004 19425.000000000004 16275.000000000002 19425.000000000004 15225 19775.000000000004 9625.0000000000018 40075.000000000007
decision_type=2 2 2 2 2 2 2 2 2 2 2
left_child=9 6 5 4 -4 -3 7 -2 -8 -1 -5
right_child=1 2 3 10 -6 -7 8 -9 -10 -11 -12
leaf_value=0.20816702213697358 -0.046616169168247942 -0.018599359386663593 -0.015907568741819856 -0.014328737423223298 -0.016409114009092663 -0.01899831270126992 -0.046762644949107861 -0.046422484845953134 -0.046592915497417647 0.20828837403713896 -0.014399480117594267
leaf_weight=48256 100050 79562 60425 71837 60308 79644 39883 99806 39892 47966 72371
leaf_count=48256 100050 79562 60425 71837 60308 79644 39883 99806 39892 47966 72371
internal_value=9.31139e-10 -0.0284693 -0.0165394 -0.0151817 -0.0161581 -0.0187989 -0.0465646 -0.0465194 -0.0466778 0.208228 -0.0143642
internal_weight=800000 703778 424147 264941 120733 159206 279631 199856 79775 96222 144208
internal_count=800000 703778 424147 264941 120733 159206 279631 199856 79775 96222 144208
is_linear=0
shrinkage=0.05


Tree=54
num_leaves=12
num_cat=0
split_feature=3 3 2 2 2 2 2 2 2 2 2
split_gain=1.71203e+06 54845.9 469.738 76.3392 2.74089 2.28692 0.515961 0.676635 0.207413 0.127889 0.0651228
threshold=0.32017543859649128 1.0000000180025095e-35 17850.000000000004 29925.000000000004 19425.000000000004 16275.000000000002 19425.000000000004 15225 19775.000000000004 9625.0000000000018 40075.000000000007
decision_type=2 2 2 2 2 2 2 2 2 2 2
left_child=1 6 5 4 -4 -3 7 -1 -8 -2 -5
right_child=9 2 3 10 -6 -7 8 -9 -10 -11 -12
leaf_value=-0.044285358687624898 0.19775866753457783 -0.017669394034547228 -0.015112187504163996 -0.013612303785601649 -0.015588654719478498 -0.018048399934159846 -0.0444245129025512 -0.044101358186074087 -0.044263268506233855 0.19787395460331092 -0.013679504649113067
leaf_weight=100050 48256 79562 60425 71837 60308 79644 39883 99806 39892 47966 72371
leaf_count=100050 48256 79562 60425 71837 60308 79644 39883 99806 39892 47966 72371
internal_value=1.01324e-09 -0.0270458 -0.0157125 -0.0144226 -0.0153502 -0.017859 -0.0442364 -0.0441935 -0.0443439 0.197816 -0.013646
internal_weight=800000 703778 424147 264941 120733 159206 279631 199856 79775 96222 144208
internal_count=800000 703778 424147 264941 120733 159206 279631 199856 79775 96222 144208
is_linear=0
shrinkage=0.05


Tree=55
num_leaves=12
num_cat=0
split_feature=2 3 2 2 2 2 2 2 2 2 3
split_gain=1.54511e+06 49498.4 423.938 68.8965 2.4737 2.06403 0.46564 0.610688 0.187196 0.115424 0.0587833
threshold=12425.000000000002 1.0000000180025095e-35 17850.000000000004 29925.000000000004 19425.000000000004 16275.000000000002 19425.000000000004 15225 19775.000000000004 9625.0000000000018 0.13974065598779559
decision_type=2 2 2 2 2 2 2 2 2 2 2
left_child=9 6 5 4 -4 -3 7 -2 -8 -1 -5
right_child=1 2 3 10 -6 -7 8 -9 -10 -11 -12
leaf_value=0.18787073490291809 -0.042071095186817661 -0.016785920077384438 -0.014356577462824796 -0.012995529428112679 -0.014809225957247214 -0.017145983244227777 -0.042203288682224893 -0.041896291227041291 -0.042050104360842361 0.18798025983591959 -0.012931683197549951
leaf_weight=48256 100050 79562 60425 72371 60308 79644 39883 99806 39892 47966 71837
leaf_count=48256 100050 79562 60425 72371 60308 79644 39883 99806 39892 47966 71837
internal_value=8.05521e-10 -0.0256935 -0.0149269 -0.0137015 -0.0145827 -0.016966 -0.0420246 -0.0419838 -0.0421267 0.187925 -0.0129637
internal_weight=800000 703778 424147 264941 120733 159206 279631 199856 79775 96222 144208
internal_count=800000 703778 424147 264941 120733 159206 279631 199856 79775 96222 144208
is_linear=0
shrinkage=0.05


Tree=56
num_leaves=12
num_cat=0
split_feature=2 3 2 2 2 2 2 2 2 2 2
split_gain=1.39446e+06 44672.3 382.605 62.179 2.23253 1.86269 0.420235 0.551149 0.168936 0.104149 0.0530623
threshold=12425.000000000002 1.0000000180025095e-35 17850.000000000004 29925.000000000004 19425.000000000004 16275.000000000002 19425.000000000004 15225 19775.000000000004 9625.0000000000018 40075.000000000007
decision_type=2 2 2 2 2 2 2 2 2 2 2
left_child=9 6 5 4 -4 -3 7 -2 -8 -1 -5
right_child=1 2 3 10 -6 -7 8 -9 -10 -11 -12
leaf_value=0.17847719862710829 -0.039967542243091778 -0.015946629016578191 -0.013638747150912867 -0.012285096599484385 -0.014068764334402677 -0.016288680156198981 -0.040093123411056836 -0.039801478009475026 -0.039947601596453428 0.17858123667510506 -0.012345756431617649
leaf_weight=48256 100050 79562 60425 71837 60308 79644 39883 99806 39892 47966 72371
leaf_count=48256 100050 79562 60425 71837 60308 79644 39883 99806 39892 47966 72371
internal_value=-3.54495e-10 -0.0244089 -0.0141805 -0.0130164 -0.0138535 -0.0161177 -0.0399233 -0.0398846 -0.0400204 0.178529 -0.0123155
internal_weight=800000 703778 424147 264941 120733 159206 279631 199856 79775 96222 144208
internal_count=800000 703778 424147 264941 120733 159206 279631 199856 79775 96222 144208
is_linear=0
shrinkage=0.05


Tree=57
num_leaves=12
num_cat=0
split_feature=2 3 2 2 2 2 2 2 2 2 2
split_gain=1.2585e+06 40316.8 345.3 56.1166 2.01476 1.6811 0.379279 0.497424 0.152466 0.0940004 0.0478721
threshold=12425.000000000002 1.0000000180025095e-35 17850.000000000004 29925.000000000004 19425.000000000004 16275.000000000002 19425.000000000004 15225 19775.000000000004 9625.0000000000018 40075.000000000007
decision_type=2 2 2 2 2 2 2 2 2 2 2
left_child=9 6 5 4 -4 -3 7 -2 -8 -1 -5
right_child=1 2 3 10 -6 -7 8 -9 -10 -11 -12
leaf_value=0.16955333556846519 -0.037969165490806422 -0.015149295724293641 -0.012956815651826837 -0.011670847036472871 -0.013365321737266704 -0.015474246248797743 -0.038088469727791147 -0.037811402558304265 -0.037950223652338438 0.1696521748524086 -0.011728463884807416
leaf_weight=48256 100050 79562 60425 71837 60308 79644 39883 99806 39892 47966 72371
leaf_count=48256 100050 79562 60425 71837 60308 79644 39883 99806 39892 47966 72371
internal_value=-5.91418e-10 -0.0231884 -0.0134715 -0.0123656 -0.0131609 -0.0153119 -0.0379272 -0.0378904 -0.0380193 0.169603 -0.0116998
internal_weight=800000 703778 424147 264941 120733 159206 279631 199856 79775 96222 144208
internal_count=800000 703778 424147 264941 120733 159206 279631 199856 79775 96222 144208
is_linear=0
shrinkage=0.05


Tree=58
num_leaves=12
num_cat=0
split_feature=2 3 2 2 2 2 2 2 2 2 2
split_gain=1.1358e+06 36385.9 311.633 50.6452 1.81837 1.51718 0.34228 0.448866 0.137597 0.0848299 0.0432094
threshold=12425.000000000002 1.0000000180025095e-35 17850.000000000004 29925.000000000004 19425.000000000004 16275.000000000002 19425.000000000004 15225 19775.000000000004 9625.0000000000018 40075.000000000007
decision_type=2 2 2 2 2 2 2 2 2 2 2
left_child=9 6 5 4 -4 -3 7 -2 -8 -1 -5
right_child=1 2 3 10 -6 -7 8 -9 -10 -11 -12
leaf_value=0.16107567649942456 -0.036070698782196646 -0.014391829673335839 -0.012308974057931441 -0.011087304971217377 -0.012697060734503225 -0.014700531498696294 -0.036184038442712549 -0.035920833848647103 -0.036052706297198346 0.16116957079747607 -0.011142044032223231
leaf_weight=48256 100050 79562 60425 71837 60308 79644 39883 99806 39892 47966 72371
leaf_count=48256 100050 79562 60425 71837 60308 79644 39883 99806 39892 47966 72371
internal_value=1.47713e-09 -0.022029 -0.0127979 -0.0117473 -0.0125028 -0.0145463 -0.0360308 -0.0359959 -0.0361184 0.161122 -0.0111148
internal_weight=800000 703778 424147 264941 120733 159206 279631 199856 79775 96222 144208
internal_count=800000 703778 424147 264941 120733 159206 279631 199856 79775 96222 144208
is_linear=0
shrinkage=0.05


Tree=59
num_leaves=12
num_cat=0
split_feature=2 4 2 2 2 2 2 2 2 2 2
split_gain=1.02506e+06 32838.3 281.249 45.7072 1.64109 1.36933 0.308905 0.405131 0.124195 0.0765595 0.0389971
threshold=12425.000000000002 0.20000000000000004 17850.000000000004 29925.000000000004 19425.000000000004 16275.000000000002 19425.000000000004 15225 19775.000000000004 9625.0000000000018 40075.000000000007
decision_type=2 2 2 2 2 2 2 2 2 2 2
left_child=9 6 5 4 -4 -3 7 -2 -8 -1 -5
right_child=1 2 3 10 -6 -7 8 -9 -10 -11 -12
leaf_value=0.15302188857590526 -0.03426717032116388 -0.013672235736881633 -0.011693522006929058 -0.010532938350853571 -0.012062204943281127 -0.013965510185749222 -0.034374843324758771 -0.03412479347089141 -0.034250071109887724 0.15311108845928456 -0.010584940902663662
leaf_weight=48256 100050 79562 60425 71837 60308 79644 39883 99806 39892 47966 72371
leaf_count=48256 100050 79562 60425 71837 60308 79644 39883 99806 39892 47966 72371
internal_value=-3.70615e-12 -0.0209276 -0.012158 -0.0111599 -0.0118777 -0.0138189 -0.0342293 -0.0341961 -0.0343125 0.153066 -0.010559
internal_weight=800000 703778 424147 264941 120733 159206 279631 199856 79775 96222 144208
internal_count=800000 703778 424147 264941 120733 159206 279631 199856 79775 96222 144208
is_linear=0
shrinkage=0.05


Tree=60
num_leaves=12
num_cat=0
split_feature=2 4 2 2 2 2 2 2 2 2 2
split_gain=925114 29636.5 253.827 41.2506 1.48112 1.23581 0.278799 0.365623 0.112081 0.0691023 0.0352023
threshold=12425.000000000002 0.20000000000000004 17850.000000000004 29925.000000000004 19425.000000000004 16275.000000000002 19425.000000000004 15225 19775.000000000004 9625.0000000000018 40075.000000000007
decision_type=2 2 2 2 2 2 2 2 2 2 2
left_child=9 6 5 4 -4 -3 7 -2 -8 -1 -5
right_child=1 2 3 10 -6 -7 8 -9 -10 -11 -12
leaf_value=0.14537079682044654 -0.032553811295685013 -0.012988623965171798 -0.011108843957203452 -0.010006290369965679 -0.011459096953607743 -0.013267234077171085 -0.032656102507268164 -0.032418554753508029 -0.032537571202177783 0.14545554125039797 -0.010055697967132899
leaf_weight=48256 100050 79562 60425 71837 60308 79644 39883 99806 39892 47966 72371
leaf_count=48256 100050 79562 60425 71837 60308 79644 39883 99806 39892 47966 72371
internal_value=4.44869e-11 -0.0198812 -0.0115501 -0.0106019 -0.0112838 -0.013128 -0.0325178 -0.0324863 -0.0325968 0.145413 -0.0100311
internal_weight=800000 703778 424147 264941 120733 159206 279631 199856 79775 96222 144208
internal_count=800000 703778 424147 264941 120733 159206 279631 199856 79775 96222 144208
is_linear=0
shrinkage=0.05


Tree=61
num_leaves=12
num_cat=0
split_feature=2 3 2 2 3 2 2 2 2 2 2
split_gain=834916 26747 229.079 37.2288 1.3367 1.11528 0.2516 0.329987 0.101141 0.0623697 0.0317545
threshold=12425.000000000002 1.0000000180025095e-35 17850.000000000004 29925.000000000004 0.12613636363636363 16275.000000000002 19425.000000000004 15225 19775.000000000004 9625.0000000000018 40075.000000000007
decision_type=2 2 2 2 2 2 2 2 2 2 2
left_child=9 6 5 4 -4 -3 7 -2 -8 -1 -5
right_child=1 2 3 10 -6 -7 8 -9 -10 -11 -12
leaf_value=0.13810225276213015 -0.030926122947318748 -0.012339197884636353 -0.010886143168363293 -0.0095059824687000784 -0.010553404293563464 -0.012603872263839026 -0.031023291737328731 -0.030797626735938041 -0.030910693676601059 0.1381827630824187 -0.0095529081750892753
leaf_weight=48256 100050 79562 60308 71837 60425 79644 39883 99806 39892 47966 72371
leaf_count=48256 100050 79562 60308 71837 60425 79644 39883 99806 39892 47966 72371
internal_value=-1.21194e-09 -0.0188871 -0.0109726 -0.0100718 -0.0107196 -0.0124716 -0.0308919 -0.030862 -0.030967 0.138142 -0.00952953
internal_weight=800000 703778 424147 264941 120733 159206 279631 199856 79775 96222 144208
internal_count=800000 703778 424147 264941 120733 159206 279631 199856 79775 96222 144208
is_linear=0
shrinkage=0.05


Tree=62
num_leaves=12
num_cat=0
split_feature=2 3 2 2 2 2 2 2 2 2 2
split_gain=753511 24139.1 206.744 33.599 1.20637 1.00656 0.22707 0.297775 0.0912837 0.0562875 0.0286735
threshold=12425.000000000002 1.0000000180025095e-35 17850.000000000004 29925.000000000004 19425.000000000004 16275.000000000002 19425.000000000004 15225 19775.000000000004 9625.0000000000018 40075.000000000007
decision_type=2 2 2 2 2 2 2 2 2 2 2
left_child=9 6 5 4 -4 -3 7 -2 -8 -1 -5
right_child=1 2 3 10 -6 -7 8 -9 -10 -11 -12
leaf_value=0.13119714300144361 -0.029379810599644059 -0.011722236792799955 -0.010025735188772611 -0.009030677458461223 -0.010341836830125385 -0.011973679973162274 -0.029472126115897619 -0.029257747191491986 -0.029365155808276512 0.13127362706088297 -0.0090752685878454347
leaf_weight=48256 100050 79562 60425 71837 60308 79644 39883 99806 39892 47966 72371
leaf_count=48256 100050 79562 60425 71837 60308 79644 39883 99806 39892 47966 72371
internal_value=-2.43964e-10 -0.0179428 -0.010424 -0.00956826 -0.0101836 -0.011848 -0.0293473 -0.0293189 -0.0294186 0.131235 -0.00905306
internal_weight=800000 703778 424147 264941 120733 159206 279631 199856 79775 96222 144208
internal_count=800000 703778 424147 264941 120733 159206 279631 199856 79775 96222 144208
is_linear=0
shrinkage=0.05


Tree=63
num_leaves=12
num_cat=0
split_feature=3 3 2 2 2 2 2 2 2 2 2
split_gain=680044 21785.6 186.587 30.3231 1.0887 0.908425 0.204933 0.268753 0.0823871 0.0507954 0.0258702
threshold=0.32017543859649128 1.0000000180025095e-35 17850.000000000004 29925.000000000004 19425.000000000004 16275.000000000002 19425.000000000004 15225 19775.000000000004 9625.0000000000018 40075.000000000007
decision_type=2 2 2 2 2 2 2 2 2 2 2
left_child=1 6 5 4 -4 -3 7 -1 -8 -2 -5
right_child=9 2 3 10 -6 -7 8 -9 -10 -11 -12
leaf_value=-0.027910821539553141 0.12463728148857225 -0.011136124119795051 -0.0095244504998312236 -0.0085791454719864896 -0.0098247413370944753 -0.011374995880185427 -0.027998521774421276 -0.027794858907040362 -0.027896897811754758 0.12470993841379976 -0.0086215008362407492
leaf_weight=100050 48256 79562 60425 71837 60308 79644 39883 99806 39892 47966 72371
leaf_count=100050 48256 79562 60425 71837 60308 79644 39883 99806 39892 47966 72371
internal_value=-6.55595e-10 -0.0170456 -0.00990278 -0.00908984 -0.00967445 -0.0112556 -0.02788 -0.0278529 -0.0279477 0.124674 -0.0086004
internal_weight=800000 703778 424147 264941 120733 159206 279631 199856 79775 96222 144208
internal_count=800000 703778 424147 264941 120733 159206 279631 199856 79775 96222 144208
is_linear=0
shrinkage=0.05


Tree=64
num_leaves=12
num_cat=0
split_feature=2 3 2 2 2 3 2 2 2 2 2
split_gain=613740 19661.5 168.394 27.3667 0.982549 0.819876 0.184951 0.242562 0.0743575 0.0458352 0.0233416
threshold=12425.000000000002 1.0000000180025095e-35 17850.000000000004 29925.000000000004 19425.000000000004 0.10753931544865862 19425.000000000004 15225 19775.000000000004 9625.0000000000018 40075.000000000007
decision_type=2 2 2 2 2 2 2 2 2 2 2
left_child=9 6 5 4 -4 -3 7 -2 -8 -1 -5
right_child=1 2 3 10 -6 -7 8 -9 -10 -11 -12
leaf_value=0.11840542589577954 -0.026515284013191861 -0.010806244777438422 -0.0090482290937561171 -0.008150191251187695 -0.0093335044813028911 -0.010579313433663397 -0.026598598488806486 -0.02640511658761498 -0.026502053664116312 0.11847444418366677 -0.0081904234132367387
leaf_weight=48256 100050 79644 60425 71837 60308 79562 39883 99806 39892 47966 72371
leaf_count=48256 100050 79644 60425 71837 60308 79562 39883 99806 39892 47966 72371
internal_value=-2.32105e-10 -0.0161933 -0.00940764 -0.00863535 -0.00919073 -0.0106928 -0.026486 -0.0264603 -0.0265503 0.11844 -0.00817038
internal_weight=800000 703778 424147 264941 120733 159206 279631 199856 79775 96222 144208
internal_count=800000 703778 424147 264941 120733 159206 279631 199856 79775 96222 144208
is_linear=0
shrinkage=0.05


Tree=65
num_leaves=12
num_cat=0
split_feature=2 3 2 2 2 2 2 2 2 2 2
split_gain=553900 17744.5 151.976 24.6983 0.886805 0.73993 0.166928 0.218901 0.0671002 0.0413764 0.0210776
threshold=12425.000000000002 1.0000000180025095e-35 17850.000000000004 29925.000000000004 19425.000000000004 16275.000000000002 19425.000000000004 15225 19775.000000000004 9625.0000000000018 40075.000000000007
decision_type=2 2 2 2 2 2 2 2 2 2 2
left_child=9 6 5 4 -4 -3 7 -2 -8 -1 -5
right_child=1 2 3 10 -6 -7 8 -9 -10 -11 -12
leaf_value=0.11248514998901751 -0.025189513383741188 -0.010050351492238251 -0.0085958123839002063 -0.0077426778077415151 -0.0088668323059901601 -0.010265935089832281 -0.025268663461504439 -0.025084857069464742 -0.025176950981853349 0.11255072541899538 -0.0077809090460717184
leaf_weight=48256 100050 79562 60425 71837 60308 79644 39883 99806 39892 47966 72371
leaf_count=48256 100050 79562 60425 71837 60308 79644 39883 99806 39892 47966 72371
internal_value=5.01526e-10 -0.0153837 -0.00893726 -0.00820358 -0.00873119 -0.0101582 -0.0251617 -0.0251372 -0.0252228 0.112518 -0.00776186
internal_weight=800000 703778 424147 264941 120733 159206 279631 199856 79775 96222 144208
internal_count=800000 703778 424147 264941 120733 159206 279631 199856 79775 96222 144208
is_linear=0
shrinkage=0.05


Tree=66
num_leaves=12
num_cat=0
split_feature=2 3 2 2 2 2 2 2 2 2 2
split_gain=499895 16014.4 137.157 22.2902 0.800323 0.667752 0.150638 0.197537 0.0605611 0.0373463 0.0190178
threshold=12425.000000000002 1.0000000180025095e-35 17850.000000000004 29925.000000000004 19425.000000000004 16275.000000000002 19425.000000000004 15225 19775.000000000004 9625.0000000000018 40075.000000000007
decision_type=2 2 2 2 2 2 2 2 2 2 2
left_child=9 6 5 4 -4 -3 7 -2 -8 -1 -5
right_child=1 2 3 10 -6 -7 8 -9 -10 -11 -12
leaf_value=0.10686088858187709 -0.023930038741177075 -0.0095478321021760949 -0.0081660232714052938 -0.0073555466392205907 -0.008423489215922314 -0.0097526311553323315 -0.02400523119250219 -0.023830620551955242 -0.023918102055210659 0.10692318869067859 -0.00739186180777368
leaf_weight=48256 100050 79562 60425 71837 60308 79644 39883 99806 39892 47966 72371
leaf_count=48256 100050 79562 60425 71837 60308 79644 39883 99806 39892 47966 72371
internal_value=1.27968e-10 -0.0146145 -0.0084904 -0.00779341 -0.00829463 -0.00965028 -0.0239036 -0.0238804 -0.0239617 0.106892 -0.00737377
internal_weight=800000 703778 424147 264941 120733 159206 279631 199856 79775 96222 144208
internal_count=800000 703778 424147 264941 120733 159206 279631 199856 79775 96222 144208
is_linear=0
shrinkage=0.05


Tree=67
num_leaves=12
num_cat=0
split_feature=2 4 2 2 2 2 2 2 2 2 2
split_gain=451155 14453 123.786 20.117 0.722284 0.602655 0.135962 0.178305 0.054664 0.0337044 0.0171654
threshold=12425.000000000002 0.20000000000000004 17850.000000000004 29925.000000000004 19425.000000000004 16275.000000000002 19425.000000000004 15225 19775.000000000004 9625.0000000000018 40075.000000000007
decision_type=2 2 2 2 2 2 2 2 2 2 2
left_child=9 6 5 4 -4 -3 7 -2 -8 -1 -5
right_child=1 2 3 10 -6 -7 8 -9 -10 -11 -12
leaf_value=0.10151784757830824 -0.022733540913391928 -0.0090704456098720208 -0.0077577222696648233 -0.0069877651050852295 -0.0080023137413289605 -0.0092650062131619266 -0.022804976182167598 -0.022639086150558846 -0.022722197762627433 0.10157703206282687 -0.007022266352461024
leaf_weight=48256 100050 79562 60425 71837 60308 79644 39883 99806 39892 47966 72371
leaf_count=48256 100050 79562 60425 71837 60308 79644 39883 99806 39892 47966 72371
internal_value=-4.75052e-10 -0.0138838 -0.00806588 -0.00740373 -0.0078799 -0.00916778 -0.0227084 -0.0226864 -0.0227636 0.101547 -0.00700508
internal_weight=800000 703778 424147 264941 120733 159206 279631 199856 79775 96222 144208
internal_count=800000 703778 424147 264941 120733 159206 279631 199856 79775 96222 144208
is_linear=0
shrinkage=0.05


Tree=68
num_leaves=12
num_cat=0
split_feature=2 3 2 2 2 2 2 2 2 2 2
split_gain=407167 13043.8 111.717 18.1555 0.651876 0.543898 0.122698 0.160943 0.0493298 0.0304224 0.0154906
threshold=12425.000000000002 1.0000000180025095e-35 17850.000000000004 29925.000000000004 19425.000000000004 16275.000000000002 19425.000000000004 15225 19775.000000000004 9625.0000000000018 40075.000000000007
decision_type=2 2 2 2 2 2 2 2 2 2 2
left_child=9 6 5 4 -4 -3 7 -2 -8 -1 -5
right_child=1 2 3 10 -6 -7 8 -9 -10 -11 -12
leaf_value=0.096441949548813896 -0.02159686628393731 -0.0086169252173312772 -0.0073698346064671339 -0.0066383804075336996 -0.0076021990020231928 -0.0088017579597571057 -0.021664722494686286 -0.021507128061953984 -0.021586086529686074 0.096498178743402885 -0.0066711553615569951
leaf_weight=48256 100050 79562 60425 71837 60308 79644 39883 99806 39892 47966 72371
leaf_count=48256 100050 79562 60425 71837 60308 79644 39883 99806 39892 47966 72371
internal_value=-1.29216e-09 -0.0131896 -0.00766258 -0.00703355 -0.0074859 -0.00870939 -0.021573 -0.0215521 -0.0216254 0.09647 -0.00665483
internal_weight=800000 703778 424147 264941 120733 159206 279631 199856 79775 96222 144208
internal_count=800000 703778 424147 264941 120733 159206 279631 199856 79775 96222 144208
is_linear=0
shrinkage=0.05


Tree=69
num_leaves=12
num_cat=0
split_feature=2 3 2 2 2 2 2 2 2 2 2
split_gain=367469 11772.1 100.824 16.3854 0.588288 0.490846 0.110744 0.145238 0.0445179 0.0274453 0.0139794
threshold=12425.000000000002 1.0000000180025095e-35 17850.000000000004 29925.000000000004 19425.000000000004 16275.000000000002 19425.000000000004 15225 19775.000000000004 9625.0000000000018 40075.000000000007
decision_type=2 2 2 2 2 2 2 2 2 2 2
left_child=9 6 5 4 -4 -3 7 -2 -8 -1 -5
right_child=1 2 3 10 -6 -7 8 -9 -10 -11 -12
leaf_value=0.091619861593445026 -0.020517021976182114 -0.0081860757886859422 -0.0070013446111870607 -0.0063064590793278589 -0.0072220852756238359 -0.0083616629480609828 -0.020581489141443518 -0.020431774441453856 -0.020506786864804123 0.091673268707783376 -0.0063375943533782349
leaf_weight=48256 100050 79562 60425 71837 60308 79644 39883 99806 39892 47966 72371
leaf_count=48256 100050 79562 60425 71837 60308 79644 39883 99806 39892 47966 72371
internal_value=3.64666e-10 -0.0125301 -0.00727945 -0.00668187 -0.00711161 -0.00827391 -0.0204943 -0.0204745 -0.0205441 0.0916465 -0.00632208
internal_weight=800000 703778 424147 264941 120733 159206 279631 199856 79775 96222 144208
internal_count=800000 703778 424147 264941 120733 159206 279631 199856 79775 96222 144208
is_linear=0
shrinkage=0.05


Tree=70
num_leaves=12
num_cat=0
split_feature=2 3 2 2 2 2 2 2 2 2 2
split_gain=331640 10624.3 90.994 14.7878 0.530943 0.443008 0.099954 0.131065 0.040175 0.0247696 0.0126219
threshold=12425.000000000002 1.0000000180025095e-35 17850.000000000004 29925.000000000004 19425.000000000004 16275.000000000002 19425.000000000004 15225 19775.000000000004 9625.0000000000018 40075.000000000007
decision_type=2 2 2 2 2 2 2 2 2 2 2
left_child=9 6 5 4 -4 -3 7 -2 -8 -1 -5
right_child=1 2 3 10 -6 -7 8 -9 -10 -11 -12
leaf_value=0.087038862433461331 -0.019491165807844383 -0.0077767726582783905 -0.0066512740257872946 -0.0059911321391443312 -0.006860980181300172 -0.0079435842851505734 -0.01955241304258681 -0.019410184455514158 -0.019481447996671928 0.087089599389569047 -0.0060207170296384463
leaf_weight=48256 100050 79562 60425 71837 60308 79644 39883 99806 39892 47966 72371
leaf_count=48256 100050 79562 60425 71837 60308 79644 39883 99806 39892 47966 72371
internal_value=4.22185e-10 -0.0119036 -0.00691548 -0.00634777 -0.00675603 -0.00786022 -0.0194696 -0.0194507 -0.0195169 0.0870642 -0.00600598
internal_weight=800000 703778 424147 264941 120733 159206 279631 199856 79775 96222 144208
internal_count=800000 703778 424147 264941 120733 159206 279631 199856 79775 96222 144208
is_linear=0
shrinkage=0.05


Tree=71
num_leaves=12
num_cat=0
split_feature=2 3 2 2 2 2 2 2 2 2 2
split_gain=299306 9588.41 82.1211 13.3461 0.479166 0.399804 0.090205 0.118278 0.0362551 0.0223521 0.0113912
threshold=12425.000000000002 1.0000000180025095e-35 17850.000000000004 29925.000000000004 19425.000000000004 16275.000000000002 19425.000000000004 15225 19775.000000000004 9625.0000000000018 40075.000000000007
decision_type=2 2 2 2 2 2 2 2 2 2 2
left_child=9 6 5 4 -4 -3 7 -2 -8 -1 -5
right_child=1 2 3 10 -6 -7 8 -9 -10 -11 -12
leaf_value=0.082686923957956598 -0.018516606332122598 -0.0073879310330213464 -0.006318717751293894 -0.0056915784263212284 -0.0065179365066499019 -0.0075463999388125959 -0.018574790025005325 -0.018439676791852849 -0.018507375861542521 0.082735121385983545 -0.005719684089775955
leaf_weight=48256 100050 79562 60425 71837 60308 79644 39883 99806 39892 47966 72371
leaf_count=48256 100050 79562 60425 71837 60308 79644 39883 99806 39892 47966 72371
internal_value=1.79811e-10 -0.0113084 -0.00656971 -0.00603039 -0.00641823 -0.00746721 -0.0184961 -0.0184782 -0.0185411 0.082711 -0.00570568
internal_weight=800000 703778 424147 264941 120733 159206 279631 199856 79775 96222 144208
internal_count=800000 703778 424147 264941 120733 159206 279631 199856 79775 96222 144208
is_linear=0
shrinkage=0.05


Tree=72
num_leaves=12
num_cat=0
split_feature=2 3 2 2 2 2 2 2 2 2 2
split_gain=270123 8653.54 74.1144 12.0447 0.432458 0.360834 0.0814097 0.106761 0.0327261 0.0201761 0.0102775
threshold=12425.000000000002 1.0000000180025095e-35 17850.000000000004 29925.000000000004 19425.000000000004 16275.000000000002 19425.000000000004 15225 19775.000000000004 9625.0000000000018 40075.000000000007
decision_type=2 2 2 2 2 2 2 2 2 2 2
left_child=9 6 5 4 -4 -3 7 -2 -8 -1 -5
right_child=1 2 3 10 -6 -7 8 -9 -10 -11 -12
leaf_value=0.078552573905703665 -0.017590778091636047 -0.0070185316835241068 -0.0060027754023319136 -0.0054070008701814663 -0.0061920356526340009 -0.0071690793147531828 -0.017646052714726662 -0.017517689748480166 -0.017582003544222093 0.078598365249917937 -0.0054336971929741951
leaf_weight=48256 100050 79562 60425 71837 60308 79644 39883 99806 39892 47966 72371
leaf_count=48256 100050 79562 60425 71837 60308 79644 39883 99806 39892 47966 72371
internal_value=1.39428e-09 -0.010743 -0.00624122 -0.00572887 -0.00609731 -0.00709384 -0.0175713 -0.0175543 -0.017614 0.0785754 -0.0054204
internal_weight=800000 703778 424147 264941 120733 159206 279631 199856 79775 96222 144208
internal_count=800000 703778 424147 264941 120733 159206 279631 199856 79775 96222 144208
is_linear=0
shrinkage=0.05


Tree=73
num_leaves=12
num_cat=0
split_feature=2 3 2 2 2 2 2 2 2 2 2
split_gain=243786 7809.82 66.8885 10.8705 0.390283 0.325678 0.0734588 0.0963544 0.0295308 0.0182093 0.00927745
threshold=12425.000000000002 1.0000000180025095e-35 17850.000000000004 29925.000000000004 19425.000000000004 16275.000000000002 19425.000000000004 15225 19775.000000000004 9625.0000000000018 40075.000000000007
decision_type=2 2 2 2 2 2 2 2 2 2 2
left_child=9 6 5 4 -4 -3 7 -2 -8 -1 -5
right_child=1 2 3 10 -6 -7 8 -9 -10 -11 -12
leaf_value=0.074624946920143542 -0.016711244530977172 -0.0066676070894183667 -0.0057026432900948842 -0.005136649298946333 -0.0058824380256150763 -0.0068106328868466782 -0.016763747436896417 -0.016641809684939377 -0.016702905363966156 0.074668449108581697 -0.0051620135795805632
leaf_weight=48256 100050 79562 60425 71837 60308 79644 39883 99806 39892 47966 72371
leaf_count=48256 100050 79562 60425 71837 60308 79644 39883 99806 39892 47966 72371
internal_value=-1.37328e-09 -0.0102058 -0.00592916 -0.00544243 -0.00579245 -0.00673916 -0.0166928 -0.0166766 -0.0167333 0.0746466 -0.00514938
internal_weight=800000 703778 424147 264941 120733 159206 279631 199856 79775 96222 144208
internal_count=800000 703778 424147 264941 120733 159206 279631 199856 79775 96222 144208
is_linear=0
shrinkage=0.05


Tree=74
num_leaves=12
num_cat=0
split_feature=2 3 2 2 2 2 2 2 2 2 2
split_gain=220017 7048.37 60.3668 9.81051 0.352239 0.29392 0.0662959 0.0869661 0.0266525 0.0164335 0.00837359
threshold=12425.000000000002 1.0000000180025095e-35 17850.000000000004 29925.000000000004 19425.000000000004 16275.000000000002 19425.000000000004 15225 19775.000000000004 9625.0000000000018 40075.000000000007
decision_type=2 2 2 2 2 2 2 2 2 2 2
left_child=9 6 5 4 -4 -3 7 -2 -8 -1 -5
right_child=1 2 3 10 -6 -7 8 -9 -10 -11 -12
leaf_value=0.070893697319949309 -0.015875682854359266 -0.0063342232014385706 -0.0054175051988422703 -0.0048798151741203354 -0.0055883123116672821 -0.0064700967061930743 -0.015925559699837874 -0.015809717383202092 -0.015867758703359363 0.070935023914327044 -0.0049039122384148884
leaf_weight=48256 100050 79562 60425 71837 60308 79644 39883 99806 39892 47966 72371
leaf_count=48256 100050 79562 60425 71837 60308 79644 39883 99806 39892 47966 72371
internal_value=3.87867e-10 -0.00969555 -0.0056327 -0.0051703 -0.00550283 -0.00640219 -0.0158581 -0.0158427 -0.0158967 0.0709143 -0.00489191
internal_weight=800000 703778 424147 264941 120733 159206 279631 199856 79775 96222 144208
internal_count=800000 703778 424147 264941 120733 159206 279631 199856 79775 96222 144208
is_linear=0
shrinkage=0.05


Tree=75
num_leaves=12
num_cat=0
split_feature=3 3 2 2 2 2 2 2 2 2 2
split_gain=198565 6361.15 54.4812 8.85402 0.317908 0.265244 0.0598431 0.078474 0.0240561 0.0148332 0.00755315
threshold=0.32017543859649128 1.0000000180025095e-35 17850.000000000004 29925.000000000004 19425.000000000004 16275.000000000002 19425.000000000004 15225 19775.000000000004 9625.0000000000018 40075.000000000007
decision_type=2 2 2 2 2 2 2 2 2 2 2
left_child=1 6 5 4 -4 -3 7 -1 -8 -2 -5
right_child=9 2 3 10 -6 -7 8 -9 -10 -11 -12
leaf_value=-0.015081894755456557 0.067349012641470904 -0.0060175169110559959 -0.0051466292638667208 -0.00463582718613557 -0.005308899234685454 -0.006146592170801185 -0.015129286363198741 -0.01501923270852816 -0.015074372797665504 0.067388275547769952 -0.0046587133200959759
leaf_weight=100050 48256 79562 60425 71837 60308 79644 39883 99806 39892 47966 72371
leaf_count=100050 48256 79562 60425 71837 60308 79644 39883 99806 39892 47966 72371
internal_value=-4.20124e-11 -0.00921077 -0.00535107 -0.00491179 -0.00522769 -0.00608209 -0.0150652 -0.0150506 -0.0151018 0.0673686 -0.00464731
internal_weight=800000 703778 424147 264941 120733 159206 279631 199856 79775 96222 144208
internal_count=800000 703778 424147 264941 120733 159206 279631 199856 79775 96222 144208
is_linear=0
shrinkage=0.05


Tree=76
num_leaves=12
num_cat=0
split_feature=2 3 2 2 2 2 2 2 2 2 2
split_gain=179205 5740.94 49.1691 7.99084 0.286902 0.239407 0.054 0.0708273 0.0217073 0.0133885 0.00681692
threshold=12425.000000000002 1.0000000180025095e-35 17850.000000000004 29925.000000000004 19425.000000000004 16275.000000000002 19425.000000000004 15225 19775.000000000004 9625.0000000000018 40075.000000000007
decision_type=2 2 2 2 2 2 2 2 2 2 2
left_child=9 6 5 4 -4 -3 7 -2 -8 -1 -5
right_child=1 2 3 10 -6 -7 8 -9 -10 -11 -12
leaf_value=0.063981561232461043 -0.014327803139014342 -0.0057166374233081248 -0.0048893029239705363 -0.0044040363314760697 -0.0050434565329403758 -0.0058392652770491351 -0.014372818420209908 -0.014268272301479108 -0.014320654572286951 0.064018863074470758 -0.0044257784718561878
leaf_weight=48256 100050 79562 60425 71837 60308 79644 39883 99806 39892 47966 72371
leaf_count=48256 100050 79562 60425 71837 60308 79644 39883 99806 39892 47966 72371
internal_value=-9.76832e-10 -0.00875024 -0.00508351 -0.0046662 -0.00496631 -0.00577798 -0.014312 -0.0142981 -0.0143467 0.0640002 -0.00441495
internal_weight=800000 703778 424147 264941 120733 159206 279631 199856 79775 96222 144208
internal_count=800000 703778 424147 264941 120733 159206 279631 199856 79775 96222 144208
is_linear=0
shrinkage=0.05


Tree=77
num_leaves=12
num_cat=0
split_feature=3 3 2 2 2 2 2 2 2 2 2
split_gain=161733 5181.19 44.3753 7.21161 0.258924 0.216061 0.0487426 0.0639218 0.0195911 0.0120834 0.00615424
threshold=0.32017543859649128 1.0000000180025095e-35 17850.000000000004 29925.000000000004 19425.000000000004 16275.000000000002 19425.000000000004 15225 19775.000000000004 9625.0000000000018 40075.000000000007
decision_type=2 2 2 2 2 2 2 2 2 2 2
left_child=1 6 5 4 -4 -3 7 -1 -8 -2 -5
right_child=9 2 3 10 -6 -7 8 -9 -10 -11 -12
leaf_value=-0.013611408830767269 0.060782479938419488 -0.0054308063694102661 -0.0046448341563315376 -0.0041838332340028688 -0.0047912787909771921 -0.0055473016674186882 -0.013654177018985587 -0.013554854433109857 -0.013604621104616885 0.060817917197608887 -0.0042044915749844024
leaf_weight=100050 48256 79562 60425 71837 60308 79644 39883 99806 39892 47966 72371
leaf_count=100050 48256 79562 60425 71837 60308 79644 39883 99806 39892 47966 72371
internal_value=3.53245e-10 -0.00831272 -0.00482934 -0.00443289 -0.00471799 -0.00548908 -0.0135964 -0.0135832 -0.0136294 0.0608001 -0.0041942
internal_weight=800000 703778 424147 264941 120733 159206 279631 199856 79775 96222 144208
internal_count=800000 703778 424147 264941 120733 159206 279631 199856 79775 96222 144208
is_linear=0
shrinkage=0.05


Tree=78
num_leaves=12
num_cat=0
split_feature=2 3 2 2 2 2 2 2 2 2 2
split_gain=145964 4676.03 40.0487 6.50857 0.233672 0.194962 0.0439926 0.0576865 0.0176856 0.0109028 0.00554942
threshold=12425.000000000002 1.0000000180025095e-35 17850.000000000004 29925.000000000004 19425.000000000004 16275.000000000002 19425.000000000004 15225 19775.000000000004 9625.0000000000018 40075.000000000007
decision_type=2 2 2 2 2 2 2 2 2 2 2
left_child=9 6 5 4 -4 -3 7 -2 -8 -1 -5
right_child=1 2 3 10 -6 -7 8 -9 -10 -11 -12
leaf_value=0.057743357297326429 -0.012930836024145478 -0.0051592703243885712 -0.0044125953086916209 -0.0039746438212881459 -0.0045517155290882693 -0.0052699314367939051 -0.012971470819458998 -0.012877110737984074 -0.012924386506571562 0.057777018865755786 -0.0039942607941683339
leaf_weight=48256 100050 79562 60425 71837 60308 79644 39883 99806 39892 47966 72371
leaf_count=48256 100050 79562 60425 71837 60308 79644 39883 99806 39892 47966 72371
internal_value=9.10287e-10 -0.00789709 -0.00458787 -0.00421124 -0.00448209 -0.00521463 -0.0129165 -0.012904 -0.0129479 0.0577601 -0.00398449
internal_weight=800000 703778 424147 264941 120733 159206 279631 199856 79775 96222 144208
internal_count=800000 703778 424147 264941 120733 159206 279631 199856 79775 96222 144208
is_linear=0
shrinkage=0.05


Tree=79
num_leaves=12
num_cat=0
split_feature=3 3 2 2 2 2 2 2 2 2 2
split_gain=131732 4220.11 36.1438 5.87394 0.210901 0.175974 0.0396991 0.0520568 0.0159575 0.00984124 0.00501139
threshold=0.32017543859649128 1.0000000180025095e-35 17850.000000000004 29925.000000000004 19425.000000000004 16275.000000000002 19425.000000000004 15225 19775.000000000004 9625.0000000000018 40075.000000000007
decision_type=2 2 2 2 2 2 2 2 2 2 2
left_child=1 6 5 4 -4 -3 7 -1 -8 -2 -5
right_child=9 2 3 10 -6 -7 8 -9 -10 -11 -12
leaf_value=-0.012284295923514196 0.054856194632729838 -0.0049013057505541916 -0.0041919657625795912 -0.003775912987505028 -0.0043241339022722231 -0.0050064402009188519 -0.012322895440536174 -0.012233259496228707 -0.012278170529269375 0.054888175453819688 -0.0037945547756210278
leaf_weight=100050 48256 79562 60425 71837 60308 79644 39883 99806 39892 47966 72371
leaf_count=100050 48256 79562 60425 71837 60308 79644 39883 99806 39892 47966 72371
internal_value=-7.06302e-10 -0.00750223 -0.00435848 -0.00400068 -0.00425799 -0.0049539 -0.0122707 -0.0122588 -0.0123005 0.0548721 -0.00378527
internal_weight=800000 703778 424147 264941 120733 159206 279631 199856 79775 96222 144208
internal_count=800000 703778 424147 264941 120733 159206 279631 199856 79775 96222 144208
is_linear=0
shrinkage=0.05


Tree=80
num_leaves=12
num_cat=0
split_feature=3 3 2 2 2 2 2 2 2 2 2
split_gain=118888 3808.65 32.6201 5.30128 0.190336 0.158807 0.035828 0.0469874 0.0143993 0.00887829 0.00452468
threshold=0.32017543859649128 1.0000000180025095e-35 17850.000000000004 29925.000000000004 19425.000000000004 16275.000000000002 19425.000000000004 15225 19775.000000000004 9625.0000000000018 40075.000000000007
decision_type=2 2 2 2 2 2 2 2 2 2 2
left_child=1 6 5 4 -4 -3 7 -1 -8 -2 -5
right_child=9 2 3 10 -6 -7 8 -9 -10 -11 -12
leaf_value=-0.01167008154569091 0.052113383901598177 -0.0046562411260292263 -0.0039823644806135389 -0.003587109991946209 -0.0041079233950316683 -0.0047561157986505077 -0.011706747438493656 -0.011621593727618193 -0.011664262339935186 0.052143759821088043 -0.0036048234035076115
leaf_weight=100050 48256 79562 60425 71837 60308 79644 39883 99806 39892 47966 72371
leaf_count=100050 48256 79562 60425 71837 60308 79644 39883 99806 39892 47966 72371
internal_value=9.71928e-10 -0.00712712 -0.00414055 -0.00380065 -0.00404508 -0.0047062 -0.0116572 -0.0116459 -0.0116855 0.0521285 -0.003596
internal_weight=800000 703778 424147 264941 120733 159206 279631 199856 79775 96222 144208
internal_count=800000 703778 424147 264941 120733 159206 279631 199856 79775 96222 144208
is_linear=0
shrinkage=0.05


Tree=81
num_leaves=12
num_cat=0
split_feature=2 3 2 2 2 2 2 2 2 2 2
split_gain=107297 3437.31 29.4394 4.78429 0.171795 0.143315 0.0323409 0.0423978 0.012999 0.00801552 0.0040791
threshold=12425.000000000002 1.0000000180025095e-35 17850.000000000004 29925.000000000004 19425.000000000004 16275.000000000002 19425.000000000004 15225 19775.000000000004 9625.0000000000018 40075.000000000007
decision_type=2 2 2 2 2 2 2 2 2 2 2
left_child=9 6 5 4 -4 -3 7 -2 -8 -1 -5
right_child=1 2 3 10 -6 -7 8 -9 -10 -11 -12
leaf_value=0.049507711728331336 -0.011086576378615865 -0.0044234299399327926 -0.0037832428413602601 -0.0034077635591844842 -0.0039025296177060114 -0.0045183079984332467 -0.011121417661317225 -0.011040517491615746 -0.011081051183944488 0.049536574009313245 -0.0034245821908467779
leaf_weight=48256 100050 79562 60425 71837 60308 79644 39883 99806 39892 47966 72371
leaf_count=48256 100050 79562 60425 71837 60308 79644 39883 99806 39892 47966 72371
internal_value=-5.15361e-10 -0.00677077 -0.00393353 -0.00361062 -0.00384283 -0.00447089 -0.0110743 -0.0110636 -0.0111012 0.0495221 -0.0034162
internal_weight=800000 703778 424147 264941 120733 159206 279631 199856 79775 96222 144208
internal_count=800000 703778 424147 264941 120733 159206 279631 199856 79775 96222 144208
is_linear=0
shrinkage=0.05


Tree=82
num_leaves=12
num_cat=0
split_feature=2 4 2 2 2 2 2 2 2 2 2
split_gain=96835.4 3102.17 26.5692 4.31791 0.155053 0.129349 0.0291816 0.0382739 0.0117316 0.00723341 0.00368141
threshold=12425.000000000002 0.20000000000000004 17850.000000000004 29925.000000000004 19425.000000000004 16275.000000000002 19425.000000000004 15225 19775.000000000004 9625.0000000000018 40075.000000000007
decision_type=2 2 2 2 2 2 2 2 2 2 2
left_child=9 6 5 4 -4 -3 7 -2 -8 -1 -5
right_child=1 2 3 10 -6 -7 8 -9 -10 -11 -12
leaf_value=0.047032331080791717 -0.010532248536390378 -0.0042022581424109896 -0.0035940811275362939 -0.0032373731708873824 -0.0037074063770800299 -0.0042923950541738963 -0.010565341284612086 -0.010488486930775344 -0.010526993000323587 0.047059749109044854 -0.003253350920792094
leaf_weight=48256 100050 79562 60425 71837 60308 79644 39883 99806 39892 47966 72371
leaf_count=48256 100050 79562 60425 71837 60308 79644 39883 99806 39892 47966 72371
internal_value=9.55738e-10 -0.00643223 -0.00373685 -0.00343008 -0.00365069 -0.00424735 -0.0105206 -0.0105104 -0.0105462 0.047046 -0.00324539
internal_weight=800000 703778 424147 264941 120733 159206 279631 199856 79775 96222 144208
internal_count=800000 703778 424147 264941 120733 159206 279631 199856 79775 96222 144208
is_linear=0
shrinkage=0.05


Tree=83
num_leaves=12
num_cat=0
split_feature=3 3 2 2 2 3 2 2 2 2 3
split_gain=87393.9 2799.71 23.9785 3.89686 0.139908 0.116762 0.026344 0.0345418 0.010586 0.00652861 0.00332572
threshold=0.32017543859649128 1.0000000180025095e-35 17850.000000000004 29925.000000000004 19425.000000000004 0.10753931544865862 19425.000000000004 15225 19775.000000000004 9625.0000000000018 0.13974065598779559
decision_type=2 2 2 2 2 2 2 2 2 2 2
left_child=1 6 5 4 -4 -3 7 -1 -8 -2 -5
right_child=9 2 3 10 -6 -7 8 -9 -10 -11 -12
leaf_value=-0.010005634942055877 0.044680714200922456 -0.0040777796971484719 -0.0034143835249904582 -0.0030906908822973147 -0.0035220321987891596 -0.0039921407573558013 -0.010037076505343322 -0.0099640616768082585 -0.010000648755826154 0.044706762252815564 -0.0030755046012415528
leaf_weight=100050 48256 79644 60425 72371 60308 79562 39883 99806 39892 47966 71837
leaf_count=100050 48256 79644 60425 72371 60308 79562 39883 99806 39892 47966 71837
internal_value=-7.59508e-11 -0.00611062 -0.00355001 -0.00325858 -0.00346816 -0.00403498 -0.00999457 -0.00998487 -0.0100189 0.0446937 -0.00308313
internal_weight=800000 703778 424147 264941 120733 159206 279631 199856 79775 96222 144208
internal_count=800000 703778 424147 264941 120733 159206 279631 199856 79775 96222 144208
is_linear=0
shrinkage=0.05


Tree=84
num_leaves=12
num_cat=0
split_feature=2 3 2 2 2 3 2 2 2 2 2
split_gain=78873 2526.74 21.6407 3.51693 0.126264 0.105373 0.0237692 0.0311786 0.00955582 0.00589128 0.00300146
threshold=12425.000000000002 1.0000000180025095e-35 17850.000000000004 29925.000000000004 19425.000000000004 0.10753931544865862 19425.000000000004 15225 19775.000000000004 9625.0000000000018 40075.000000000007
decision_type=2 2 2 2 2 2 2 2 2 2 2
left_child=9 6 5 4 -4 -3 7 -2 -8 -1 -5
right_child=1 2 3 10 -6 -7 8 -9 -10 -11 -12
leaf_value=0.042446674020519021 -0.0095053583316904028 -0.0038738884885335515 -0.0032436620611573349 -0.0029217259410700782 -0.003345927120640245 -0.0037925334912170859 -0.0095352238587792099 -0.0094658607831420976 -0.009500613942498265 0.042471417995506598 -0.0029361528832197812
leaf_weight=48256 100050 79644 60425 71837 60308 79562 39883 99806 39892 47966 72371
leaf_count=48256 100050 79644 60425 71837 60308 79562 39883 99806 39892 47966 72371
internal_value=-2.67302e-10 -0.00580508 -0.00337251 -0.00309565 -0.00329475 -0.00383323 -0.00949484 -0.00948563 -0.00951792 0.042459 -0.00292897
internal_weight=800000 703778 424147 264941 120733 159206 279631 199856 79775 96222 144208
internal_count=800000 703778 424147 264941 120733 159206 279631 199856 79775 96222 144208
is_linear=0
shrinkage=0.05


Tree=85
num_leaves=12
num_cat=0
split_feature=2 3 2 2 2 2 2 2 2 2 2
split_gain=71182.9 2280.38 19.5309 3.17405 0.113963 0.0950934 0.0214555 0.0281339 0.00862392 0.00531622 0.00270672
threshold=12425.000000000002 1.0000000180025095e-35 17850.000000000004 29925.000000000004 19425.000000000004 16275.000000000002 19425.000000000004 15225 19775.000000000004 9625.0000000000018 40075.000000000007
decision_type=2 2 2 2 2 2 2 2 2 2 2
left_child=9 6 5 4 -4 -3 7 -2 -8 -1 -5
right_child=1 2 3 10 -6 -7 8 -9 -10 -11 -12
leaf_value=0.040324346628422769 -0.0090300870125839521 -0.0036029090023866166 -0.0030814767451136254 -0.0027756406618128539 -0.0031786324988259591 -0.003680194039446116 -0.0090584633981442269 -0.0089925675116907054 -0.0090255843627895706 0.040347851962985314 -0.0027893409616893648
leaf_weight=48256 100050 79562 60425 71837 60308 79644 39883 99806 39892 47966 72371
leaf_count=48256 100050 79562 60425 71837 60308 79644 39883 99806 39892 47966 72371
internal_value=8.97774e-10 -0.00551483 -0.00320388 -0.00294087 -0.00313001 -0.00364157 -0.0090201 -0.00901135 -0.00904202 0.0403361 -0.00278252
internal_weight=800000 703778 424147 264941 120733 159206 279631 199856 79775 96222 144208
internal_count=800000 703778 424147 264941 120733 159206 279631 199856 79775 96222 144208
is_linear=0
shrinkage=0.05


Tree=86
num_leaves=12
num_cat=0
split_feature=2 3 2 2 2 2 2 2 2 2 2
split_gain=64242.6 2058.04 17.6265 2.86458 0.102845 0.0858254 0.0193599 0.0253891 0.00778126 0.00479827 0.00244338
threshold=12425.000000000002 1.0000000180025095e-35 17850.000000000004 29925.000000000004 19425.000000000004 16275.000000000002 19425.000000000004 15225 19775.000000000004 9625.0000000000018 40075.000000000007
decision_type=2 2 2 2 2 2 2 2 2 2 2
left_child=9 6 5 4 -4 -3 7 -2 -8 -1 -5
right_child=1 2 3 10 -6 -7 8 -9 -10 -11 -12
leaf_value=0.038308123915334079 -0.0085785833300779137 -0.0034227633711412485 -0.0029274075285646733 -0.0026368614909270719 -0.0030197025711025268 -0.0034961857373350469 -0.0086055368785146798 -0.0085429410314408327 -0.0085743054606558875 0.038330454858957586 -0.0026498782731687927
leaf_weight=48256 100050 79562 60425 71837 60308 79644 39883 99806 39892 47966 72371
leaf_count=48256 100050 79562 60425 71837 60308 79644 39883 99806 39892 47966 72371
internal_value=-1.16037e-09 -0.00523909 -0.00304369 -0.00279383 -0.00297351 -0.00345949 -0.0085691 -0.00856078 -0.00858992 0.0383193 -0.00264339
internal_weight=800000 703778 424147 264941 120733 159206 279631 199856 79775 96222 144208
internal_count=800000 703778 424147 264941 120733 159206 279631 199856 79775 96222 144208
is_linear=0
shrinkage=0.05


Tree=87
num_leaves=12
num_cat=0
split_feature=2 3 2 2 2 2 2 2 2 2 2
split_gain=57978.9 1857.38 15.9079 2.58524 0.0928235 0.0774572 0.0174741 0.0229172 0.0070263 0.00432882 0.00220723
threshold=12425.000000000002 1.0000000180025095e-35 17850.000000000004 29925.000000000004 19425.000000000004 16275.000000000002 19425.000000000004 15225 19775.000000000004 9625.0000000000018 40075.000000000007
decision_type=2 2 2 2 2 2 2 2 2 2 2
left_child=9 6 5 4 -4 -3 7 -2 -8 -1 -5
right_child=1 2 3 10 -6 -7 8 -9 -10 -11 -12
leaf_value=0.036392724587257778 -0.0081496545706329481 -0.003251626010427762 -0.0027810346528452656 -0.0025050169121570995 -0.0028687178085356865 -0.0033213771606114672 -0.0081752644987755068 -0.008115791803422142 -0.0081455868114759383 0.036413935023648508 -0.0025173886820990532
leaf_weight=48256 100050 79562 60425 71837 60308 79644 39883 99806 39892 47966 72371
leaf_count=48256 100050 79562 60425 71837 60308 79644 39883 99806 39892 47966 72371
internal_value=-5.93166e-10 -0.00497714 -0.0028915 -0.00265414 -0.00282483 -0.00328652 -0.00814064 -0.00813274 -0.00816042 0.0364033 -0.00251123
internal_weight=800000 703778 424147 264941 120733 159206 279631 199856 79775 96222 144208
internal_count=800000 703778 424147 264941 120733 159206 279631 199856 79775 96222 144208
is_linear=0
shrinkage=0.05


Tree=88
num_leaves=12
num_cat=0
split_feature=2 3 2 2 2 2 2 2 2 2 2
split_gain=52326 1676.29 14.357 2.33317 0.0837683 0.0698851 0.0157662 0.0206832 0.00634004 0.00391176 0.00198932
threshold=12425.000000000002 1.0000000180025095e-35 17850.000000000004 29925.000000000004 19425.000000000004 16275.000000000002 19425.000000000004 15225 19775.000000000004 9625.0000000000018 40075.000000000007
decision_type=2 2 2 2 2 2 2 2 2 2 2
left_child=9 6 5 4 -4 -3 7 -2 -8 -1 -5
right_child=1 2 3 10 -6 -7 8 -9 -10 -11 -12
leaf_value=0.03457307804223627 -0.0077421731083172629 -0.0030890477778793626 -0.0026419796868246497 -0.0023797661497890325 -0.0027252762457601692 -0.0031553018419451608 -0.0077664975568820741 -0.0077100031336350726 -0.0077383064185918247 0.034593240847269745 -0.0023915113675713178
leaf_weight=48256 100050 79562 60425 71837 60308 79644 39883 99806 39892 47966 72371
leaf_count=48256 100050 79562 60425 71837 60308 79644 39883 99806 39892 47966 72371
internal_value=6.48547e-10 -0.00472828 -0.00274693 -0.00252143 -0.00268359 -0.00312219 -0.00773361 -0.00772611 -0.0077524 0.0345831 -0.00238566
internal_weight=800000 703778 424147 264941 120733 159206 279631 199856 79775 96222 144208
internal_count=800000 703778 424147 264941 120733 159206 279631 199856 79775 96222 144208
is_linear=0
shrinkage=0.05


Tree=89
num_leaves=12
num_cat=0
split_feature=2 3 2 2 2 2 2 2 2 2 2
split_gain=47224.2 1512.85 12.957 2.10574 0.0756037 0.0630847 0.0142325 0.0186678 0.00572052 0.00352818 0.0017953
threshold=12425.000000000002 1.0000000180025095e-35 17850.000000000004 29925.000000000004 19425.000000000004 16275.000000000002 19425.000000000004 15225 19775.000000000004 9625.0000000000018 40075.000000000007
decision_type=2 2 2 2 2 2 2 2 2 2 2
left_child=9 6 5 4 -4 -3 7 -2 -8 -1 -5
right_child=1 2 3 10 -6 -7 8 -9 -10 -11 -12
leaf_value=0.03284442829571288 -0.0073550628553828981 -0.0029345920021539209 -0.0025098857246728772 -0.0022607797483161548 -0.0025890189319107389 -0.0029975400468496699 -0.0073781720960863096 -0.0073245003832136018 -0.0073513937084397274 0.03286357702800044 -0.0022719375116457743
leaf_weight=48256 100050 79562 60425 71837 60308 79644 39883 99806 39892 47966 72371
leaf_count=48256 100050 79562 60425 71837 60308 79644 39883 99806 39892 47966 72371
internal_value=-4.18897e-12 -0.00449186 -0.00260958 -0.00239536 -0.00254941 -0.00296608 -0.00734693 -0.0073398 -0.00736478 0.032854 -0.00226638
internal_weight=800000 703778 424147 264941 120733 159206 279631 199856 79775 96222 144208
internal_count=800000 703778 424147 264941 120733 159206 279631 199856 79775 96222 144208
is_linear=0
shrinkage=0.05


Tree=90
num_leaves=12
num_cat=0
split_feature=2 3 2 2 2 2 2 2 2 2 2
split_gain=42619.8 1365.35 11.6939 1.90042 0.0682302 0.0569246 0.0128485 0.0168502 0.00516329 0.00318244 0.00162048
threshold=12425.000000000002 1.0000000180025095e-35 17850.000000000004 29925.000000000004 19425.000000000004 16275.000000000002 19425.000000000004 15225 19775.000000000004 9625.0000000000018 40075.000000000007
decision_type=2 2 2 2 2 2 2 2 2 2 2
left_child=9 6 5 4 -4 -3 7 -2 -8 -1 -5
right_child=1 2 3 10 -6 -7 8 -9 -10 -11 -12
leaf_value=0.031202210184249676 -0.0069873117332703103 -0.0027878645456294706 -0.0023843878764184512 -0.0021477374839170009 -0.0024595632192753606 -0.0028476602744003255 -0.0070092684570864233 -0.0069582752338004043 -0.0069838277041101744 0.031220396502863314 -0.0021583380779801871
leaf_weight=48256 100050 79562 60425 71837 60308 79644 39883 99806 39892 47966 72371
leaf_count=48256 100050 79562 60425 71837 60308 79644 39883 99806 39892 47966 72371
internal_value=6.43943e-10 -0.00426727 -0.0024791 -0.00227559 -0.00242194 -0.00281778 -0.00697958 -0.00697281 -0.00699655 0.0312113 -0.00215306
internal_weight=800000 703778 424147 264941 120733 159206 279631 199856 79775 96222 144208
internal_count=800000 703778 424147 264941 120733 159206 279631 199856 79775 96222 144208
is_linear=0
shrinkage=0.05


Tree=91
num_leaves=12
num_cat=0
split_feature=3 3 2 2 2 2 2 2 2 2 2
split_gain=38464.4 1232.23 10.5536 1.71516 0.0615735 0.0513761 0.0115888 0.0152016 0.00465976 0.0028721 0.00146571
threshold=0.32017543859649128 1.0000000180025095e-35 17850.000000000004 29925.000000000004 19425.000000000004 16275.000000000002 19425.000000000004 15225 19775.000000000004 9625.0000000000018 40075.000000000007
decision_type=2 2 2 2 2 2 2 2 2 2 2
left_child=1 6 5 4 -4 -3 7 -1 -8 -2 -5
right_child=9 2 3 10 -6 -7 8 -9 -10 -11 -12
leaf_value=-0.0066379460444853213 0.029642098607205188 -0.0026484706061613251 -0.0022651726759665642 -0.0020403456405943929 -0.0023365868142787814 -0.0027052774797874982 -0.0066588005639137129 -0.0066103665604480963 -0.006634632147994585 0.029659375469659216 -0.002050427303686984
leaf_weight=100050 48256 79562 60425 71837 60308 79644 39883 99806 39892 47966 72371
leaf_count=100050 48256 79562 60425 71837 60308 79644 39883 99806 39892 47966 72371
internal_value=-2.24676e-10 -0.00405391 -0.00235515 -0.00216181 -0.00230085 -0.00267689 -0.0066306 -0.00662417 -0.00664671 0.0296507 -0.00204541
internal_weight=800000 703778 424147 264941 120733 159206 279631 199856 79775 96222 144208
internal_count=800000 703778 424147 264941 120733 159206 279631 199856 79775 96222 144208
is_linear=0
shrinkage=0.05


Tree=92
num_leaves=12
num_cat=0
split_feature=2 4 2 2 2 2 2 2 2 2 2
split_gain=34714.1 1112.08 9.5246 1.54786 0.0555712 0.0463847 0.0104664 0.0137188 0.00420586 0.00259097 0.00132024
threshold=12425.000000000002 0.20000000000000004 17850.000000000004 29925.000000000004 19425.000000000004 16275.000000000002 19425.000000000004 15225 19775.000000000004 9625.0000000000018 40075.000000000007
decision_type=2 2 2 2 2 2 2 2 2 2 2
left_child=9 6 5 4 -4 -3 7 -2 -8 -1 -5
right_child=1 2 3 10 -6 -7 8 -9 -10 -11 -12
leaf_value=0.028159993409254222 -0.0063060450567991727 -0.0025160434467253415 -0.0021519135436425386 -0.0019383381393026763 -0.0022197576729067166 -0.0025700203242129726 -0.0063258654230061891 -0.0062798451382686292 -0.0063029042644879713 0.028176402937614638 -0.0019479064528405766
leaf_weight=48256 100050 79562 60425 71837 60308 79644 39883 99806 39892 47966 72371
leaf_count=48256 100050 79562 60425 71837 60308 79644 39883 99806 39892 47966 72371
internal_value=-1.24745e-09 -0.00385121 -0.00223739 -0.00205372 -0.0021858 -0.00254305 -0.00629907 -0.00629296 -0.00631438 0.0281682 -0.00194314
internal_weight=800000 703778 424147 264941 120733 159206 279631 199856 79775 96222 144208
internal_count=800000 703778 424147 264941 120733 159206 279631 199856 79775 96222 144208
is_linear=0
shrinkage=0.05


Tree=93
num_leaves=12
num_cat=0
split_feature=2 3 2 2 2 2 2 2 2 2 2
split_gain=31329.5 1003.66 8.59614 1.39695 0.0501594 0.0418493 0.00943912 0.0123851 0.00379651 0.00234039 0.00119188
threshold=12425.000000000002 1.0000000180025095e-35 17850.000000000004 29925.000000000004 19425.000000000004 16275.000000000002 19425.000000000004 15225 19775.000000000004 9625.0000000000018 40075.000000000007
decision_type=2 2 2 2 2 2 2 2 2 2 2
left_child=9 6 5 4 -4 -3 7 -2 -8 -1 -5
right_child=1 2 3 10 -6 -7 8 -9 -10 -11 -12
leaf_value=0.026751990386231769 -0.0059907489247994355 -0.002390247187230265 -0.0020443127986221809 -0.0018414172156638886 -0.0021087688228947385 -0.0024415173158216772 -0.0060095700556818598 -0.0059658551462645351 -0.0059877548757077655 0.026767586242669717 -0.0018505084827256423
leaf_weight=48256 100050 79562 60425 71837 60308 79644 39883 99806 39892 47966 72371
leaf_count=48256 100050 79562 60425 71837 60308 79644 39883 99806 39892 47966 72371
internal_value=-1.24957e-09 -0.00365865 -0.00212552 -0.00195103 -0.00207651 -0.0024159 -0.00598412 -0.00597832 -0.00599866 0.0267598 -0.00184598
internal_weight=800000 703778 424147 264941 120733 159206 279631 199856 79775 96222 144208
internal_count=800000 703778 424147 264941 120733 159206 279631 199856 79775 96222 144208
is_linear=0
shrinkage=0.05


Tree=94
num_leaves=12
num_cat=0
split_feature=2 3 2 2 2 2 2 2 2 2 2
split_gain=28274.9 905.8 7.75797 1.2608 0.0452677 0.0377725 0.00852067 0.0111716 0.0034238 0.00211166 0.00107626
threshold=12425.000000000002 1.0000000180025095e-35 17850.000000000004 29925.000000000004 19425.000000000004 16275.000000000002 19425.000000000004 15225 19775.000000000004 9625.0000000000018 40075.000000000007
decision_type=2 2 2 2 2 2 2 2 2 2 2
left_child=9 6 5 4 -4 -3 7 -2 -8 -1 -5
right_child=1 2 3 10 -6 -7 8 -9 -10 -11 -12
leaf_value=0.025414394859804429 -0.0056912066825676004 -0.0022707339986795384 -0.0019421019903310436 -0.0017493445718760861 -0.0020033344106680511 -0.0023194428811533427 -0.0057090881698648975 -0.0056675638954780611 -0.0056883714568428433 0.025429208994992066 -0.0017579836282162057
leaf_weight=48256 100050 79562 60425 71837 60308 79644 39883 99806 39892 47966 72371
leaf_count=48256 100050 79562 60425 71837 60308 79644 39883 99806 39892 47966 72371
internal_value=-1.07771e-09 -0.00347572 -0.00201925 -0.00185348 -0.00197269 -0.0022951 -0.00568491 -0.0056794 -0.00569873 0.0254218 -0.00175368
internal_weight=800000 703778 424147 264941 120733 159206 279631 199856 79775 96222 144208
internal_count=800000 703778 424147 264941 120733 159206 279631 199856 79775 96222 144208
is_linear=0
shrinkage=0.05


Tree=95
num_leaves=12
num_cat=0
split_feature=2 3 2 2 2 2 2 2 2 2 2
split_gain=25518.1 817.484 7.00161 1.13783 0.0408493 0.034082 0.00769008 0.0100847 0.00309137 0.00190677 0.000971651
threshold=12425.000000000002 1.0000000180025095e-35 17850.000000000004 29925.000000000004 19425.000000000004 16275.000000000002 19425.000000000004 15225 19775.000000000004 9625.0000000000018 40075.000000000007
decision_type=2 2 2 2 2 2 2 2 2 2 2
left_child=9 6 5 4 -4 -3 7 -2 -8 -1 -5
right_child=1 2 3 10 -6 -7 8 -9 -10 -11 -12
leaf_value=0.024143674615747155 -0.0054066455567543404 -0.0021571985626249791 -0.0018449936976794364 -0.0016618758180013704 -0.0019031610543292098 -0.002203466761196135 -0.0054236340484897167 -0.0053841822335562103 -0.005403948745782667 0.024157751752934692 -0.0016700843130959273
leaf_weight=48256 100050 79562 60425 71837 60308 79644 39883 99806 39892 47966 72371
leaf_count=48256 100050 79562 60425 71837 60308 79644 39883 99806 39892 47966 72371
internal_value=1.02248e-09 -0.00330193 -0.00191828 -0.0017608 -0.00187405 -0.00218034 -0.00540067 -0.00539543 -0.00541379 0.0241507 -0.001666
internal_weight=800000 703778 424147 264941 120733 159206 279631 199856 79775 96222 144208
internal_count=800000 703778 424147 264941 120733 159206 279631 199856 79775 96222 144208
is_linear=0
shrinkage=0.05


Tree=96
num_leaves=12
num_cat=0
split_feature=2 3 2 2 2 2 2 2 2 2 2
split_gain=23030.1 737.779 6.31877 1.02691 0.0368673 0.0307552 0.00694171 0.00910014 0.00279047 0.00172166 0.000875176
threshold=12425.000000000002 1.0000000180025095e-35 17850.000000000004 29925.000000000004 19425.000000000004 16275.000000000002 19425.000000000004 15225 19775.000000000004 9625.0000000000018 40075.000000000007
decision_type=2 2 2 2 2 2 2 2 2 2 2
left_child=9 6 5 4 -4 -3 7 -2 -8 -1 -5
right_child=1 2 3 10 -6 -7 8 -9 -10 -11 -12
leaf_value=0.022936485849027431 -0.0051363126443110703 -0.0020493380237332172 -0.001752748593554112 -0.0015787890347261639 -0.0018080082202530821 -0.002093290142794173 -0.005152455119995525 -0.0051149740572554898 -0.0051337523908631805 0.0229498622398248 -0.0015865793654312522
leaf_weight=48256 100050 79562 60425 71837 60308 79644 39883 99806 39892 47966 72371
leaf_count=48256 100050 79562 60425 71837 60308 79644 39883 99806 39892 47966 72371
internal_value=-5.92569e-10 -0.00313684 -0.00182237 -0.00167277 -0.00178035 -0.00207133 -0.00513063 -0.00512566 -0.0051431 0.0229432 -0.0015827
internal_weight=800000 703778 424147 264941 120733 159206 279631 199856 79775 96222 144208
internal_count=800000 703778 424147 264941 120733 159206 279631 199856 79775 96222 144208
is_linear=0
shrinkage=0.05


Tree=97
num_leaves=12
num_cat=0
split_feature=2 3 2 2 2 2 2 2 2 2 2
split_gain=20784.6 665.847 5.70274 0.926796 0.0332698 0.0277569 0.00626419 0.00821499 0.00251845 0.00155238 0.000790499
threshold=12425.000000000002 1.0000000180025095e-35 17850.000000000004 29925.000000000004 19425.000000000004 16275.000000000002 19425.000000000004 15225 19775.000000000004 9625.0000000000018 40075.000000000007
decision_type=2 2 2 2 2 2 2 2 2 2 2
left_child=9 6 5 4 -4 -3 7 -2 -8 -1 -5
right_child=1 2 3 10 -6 -7 8 -9 -10 -11 -12
leaf_value=0.021789668415645589 -0.0048795007386980629 -0.0019468702819162187 -0.0016651102843767602 -0.001499845163090148 -0.0017176045797854843 -0.0019886249902625187 -0.0048948339599904668 -0.0048592264638356118 -0.0048770661592266468 0.021802370184196687 -0.0015072490370029359
leaf_weight=48256 100050 79562 60425 71837 60308 79644 39883 99806 39892 47966 72371
leaf_count=48256 100050 79562 60425 71837 60308 79644 39883 99806 39892 47966 72371
internal_value=1.38563e-10 -0.00297999 -0.00173125 -0.00158913 -0.00169133 -0.00196776 -0.0048741 -0.00486938 -0.00488595 0.021796 -0.00150356
internal_weight=800000 703778 424147 264941 120733 159206 279631 199856 79775 96222 144208
internal_count=800000 703778 424147 264941 120733 159206 279631 199856 79775 96222 144208
is_linear=0
shrinkage=0.05


Tree=98
num_leaves=12
num_cat=0
split_feature=2 3 2 2 2 2 2 2 2 2 2
split_gain=18758.1 600.926 5.14667 0.836427 0.0300283 0.0250635 0.00565419 0.00741181 0.00227241 0.00140068 0.000713916
threshold=12425.000000000002 1.0000000180025095e-35 17850.000000000004 29925.000000000004 19425.000000000004 16275.000000000002 19425.000000000004 15225 19775.000000000004 9625.0000000000018 40075.000000000007
decision_type=2 2 2 2 2 2 2 2 2 2 2
left_child=9 6 5 4 -4 -3 7 -2 -8 -1 -5
right_child=1 2 3 10 -6 -7 8 -9 -10 -11 -12
leaf_value=0.020700180777167884 -0.0046355219263370011 -0.0018495207573182818 -0.0015818545208219131 -0.0014248531424864677 -0.0016317260738462653 -0.0018891979869936589 -0.0046500900533238722 -0.0046162642553631899 -0.0046332124893165875 0.020712245987603167 -0.0014318892411818262
leaf_weight=48256 100050 79562 60425 71837 60308 79644 39883 99806 39892 47966 72371
leaf_count=48256 100050 79562 60425 71837 60308 79644 39883 99806 39892 47966 72371
internal_value=4.93508e-11 -0.00283099 -0.00164469 -0.00150967 -0.00160677 -0.00186937 -0.0046304 -0.0046259 -0.00464165 0.0207062 -0.00142838
internal_weight=800000 703778 424147 264941 120733 159206 279631 199856 79775 96222 144208
internal_count=800000 703778 424147 264941 120733 159206 279631 199856 79775 96222 144208
is_linear=0
shrinkage=0.05


Tree=99
num_leaves=12
num_cat=0
split_feature=2 3 2 2 2 2 2 2 2 2 2
split_gain=16929.2 542.335 4.64493 0.754852 0.0271002 0.0226108 0.00510325 0.00669184 0.0020509 0.00126382 0.000644309
threshold=12425.000000000002 1.0000000180025095e-35 17850.000000000004 29925.000000000004 19425.000000000004 16275.000000000002 19425.000000000004 15225 19775.000000000004 9625.0000000000018 40075.000000000007
decision_type=2 2 2 2 2 2 2 2 2 2 2
left_child=9 6 5 4 -4 -3 7 -2 -8 -1 -5
right_child=1 2 3 10 -6 -7 8 -9 -10 -11 -12
leaf_value=0.019665172770750985 -0.0044037466369717245 -0.0017570516420168441 -0.0015027614298334458 -0.0013536124973371367 -0.0015501390796166482 -0.0017947375139410395 -0.0044175851402809222 -0.0043854481819013812 -0.0044015512446787088 0.019676633372818171 -0.0013602967896467497
leaf_weight=48256 100050 79562 60425 71837 60308 79644 39883 99806 39892 47966 72371
leaf_count=48256 100050 79562 60425 71837 60308 79644 39883 99806 39892 47966 72371
internal_value=-5.16671e-10 -0.00268945 -0.00156245 -0.00143419 -0.00152643 -0.0017759 -0.00439888 -0.00439461 -0.00440957 0.0196709 -0.00135697
internal_weight=800000 703778 424147 264941 120733 159206 279631 199856 79775 96222 144208
internal_count=800000 703778 424147 264941 120733 159206 279631 199856 79775 96222 144208
is_linear=0
shrinkage=0.05


end of trees

feature_importances:
monetary_monthly_spend=959
emi_burden_ratio=121
income_stability_cv=20

parameters:
[boosting: gbdt]
[objective: regression]
[metric: l2]
[tree_learner: serial]
[device_type: cpu]
[data_sample_strategy: bagging]
[data: ]
[valid: ]
[num_iterations: 100]
[learning_rate: 0.05]
[num_leaves: 31]
[num_threads: 16]
[seed: 42]
[deterministic: 0]
[force_col_wise: 0]
[force_row_wise: 0]
[histogram_pool_size: -1]
[max_depth: -1]
[min_data_in_leaf: 20]
[min_sum_hessian_in_leaf: 0.001]
[bagging_fraction: 1]
[pos_bagging_fraction: 1]
[neg_bagging_fraction: 1]
[bagging_freq: 0]
[bagging_seed: 400]
[bagging_by_query: 0]
[feature_fraction: 1]
[feature_fraction_bynode: 1]
[feature_fraction_seed: 30056]
[extra_trees: 0]
[extra_seed: 12879]
[early_stopping_round: 0]
[early_stopping_min_delta: 0]
[first_metric_only: 0]
[max_delta_step: 0]
[lambda_l1: 0]
[lambda_l2: 0]
[linear_lambda: 0]
[min_gain_to_split: 0]
[drop_rate: 0.1]
[max_drop: 50]
[skip_drop: 0.5]
[xgboost_dart_mode: 0]
[uniform_drop: 0]
[drop_seed: 17869]
[top_rate: 0.2]
[other_rate: 0.1]
[min_data_per_group: 100]
[max_cat_threshold: 32]
[cat_l2: 10]
[cat_smooth: 10]
[max_cat_to_onehot: 4]
[top_k: 20]
[monotone_constraints: ]
[monotone_constraints_method: basic]
[monotone_penalty: 0]
[feature_contri: ]
[forcedsplits_filename: ]
[refit_decay_rate: 0.9]
[cegb_tradeoff: 1]
[cegb_penalty_split: 0]
[cegb_penalty_feature_lazy: ]
[cegb_penalty_feature_coupled: ]
[path_smooth: 0]
[interaction_constraints: ]
[verbosity: -1]
[saved_feature_importance_type: 0]
[use_quantized_grad: 0]
[num_grad_quant_bins: 4]
[quant_train_renew_leaf: 0]
[stochastic_rounding: 1]
[linear_tree: 0]
[max_bin: 255]
[max_bin_by_feature: ]
[min_data_in_bin: 3]
[bin_construct_sample_cnt: 200000]
[data_random_seed: 175]
[is_enable_sparse: 1]
[enable_bundle: 1]
[use_missing: 1]
[zero_as_missing: 0]
[feature_pre_filter: 1]
[pre_partition: 0]
[two_round: 0]
[header: 0]
[label_column: ]
[weight_column: ]
[group_column: ]
[ignore_column: ]
[categorical_feature: ]
[forcedbins_filename: ]
[precise_float_parser: 0]
[parser_config_file: ]
[objective_seed: 16083]
[num_class: 1]
[is_unbalance: 0]
[scale_pos_weight: 1]
[sigmoid: 1]
[boost_from_average: 1]
[reg_sqrt: 0]
[alpha: 0.9]
[fair_c: 1]
[poisson_max_delta_step: 0.7]
[tweedie_variance_power: 1.5]
[lambdarank_truncation_level: 30]
[lambdarank_norm: 1]
[label_gain: ]
[lambdarank_position_bias_regularization: 0]
[eval_at: ]
[multi_error_top_k: 1]
[auc_mu_weights: ]
[num_machines: 1]
[local_listen_port: 12400]
[time_out: 120]
[machine_list_filename: ]
[machines: ]
[gpu_platform_id: -1]
[gpu_device_id: -1]
[gpu_device_id_list: ]
[gpu_use_dp: 0]
[num_gpu: 1]

end of parameters

pandas_categorical:[]
