tree
version=v4
num_class=1
num_tree_per_iteration=1
label_index=0
max_feature_idx=3
objective=lambdarank
feature_names=cf_score content_score segment_match income_eligible
feature_infos=[0.79151850938796997:1.0278642177581787] [0.047619047619047616:0.83333333333333337] [0:1] [0:1]
tree_sizes=3402 3415 3407 3425 3406 3415 3417 3439 3439 3428 3431 3456 3433 3435 3434 3445 3448 3452 3444 3451 3455 3428 3461 3444 3464 3450 3457 3452 3452 3457 3448 3446 3464 3440 3452 3458 3451 3454 3467 3453

Tree=0
num_leaves=31
num_cat=0
split_feature=0 3 0 1 1 0 1 0 0 1 1 0 1 0 1 2 2 1 1 0 0 1 0 0 1 0 1 1 1 0
split_gain=191.802 55.0877 46.063 28.652 23.937 9.36054 8.97683 8.43489 5.85883 5.57567 5.26483 2.99699 2.54777 2.07082 2.25153 2.03772 1.85453 1.56176 1.30268 3.33268 1.66976 1.47683 1.30029 1.16718 1.11515 1.10541 1.30633 1.06473 1.52729 1.06216
threshold=0.95812407135963451 1.0000000180025095e-35 0.99890908598899852 0.23095469746876826 0.2471517457357956 0.99085003137588512 0.14489054663328263 0.94601705670356762 0.98064637184143078 0.22796510582407095 0.2987527791406055 1.009347200393677 0.36303373207342154 0.98104506731033336 0.40892034099132524 1.0000000180025095e-35 1.0000000180025095e-35 0.62654158054099762 0.46646829997323697 1.0054517388343813 1.0063816308975222 0.51874248257836753 0.9920942783355714 0.98910450935363781 0.19676852479463883 1.0132124423980715 0.30307586932022818 0.15383906805321168 0.18878202499452915 0.98910450935363781
decision_type=2 2 2 2 2 2 2 2 2 2 2 2 2 2 2 2 2 2 2 2 2 2 2 2 2 2 2 2 2 2
left_child=7 -2 4 16 6 13 -3 -1 -8 27 -5 18 -7 14 -6 24 -4 25 20 21 -12 -20 -14 -15 -10 -13 -27 -9 -29 -17
right_child=1 2 3 10 5 12 8 9 15 -11 11 17 22 23 -16 29 -18 -19 19 -21 -22 -23 -24 -25 -26 26 -28 28 -30 -31
leaf_value=-0.098892067670493758 -0.10000000000000001 0.054508474285284526 0.090712041976641594 0.043826118534519683 -0.045149507850687921 0.0098906574024989063 -0.016259168027883918 0.014145214476879379 0.032163992950640374 -0.082146975978121664 0.022895921848123092 0.036434489318761525 -0.064328280540396299 -0.023112168312329723 -0.088687888908915824 -0.0025234824692524829 0.065683522711061038 0.0033084293189763296 -0.033291356666066259 0.022496851007677704 0.0024784965782132786 0.00057205872655981249 -0.014376749420951651 -0.051331773256515903 0.077239502186335116 -0.021160628072440717 0.02548916754393803 -0.0701993317361439 0.0064037637951709081 0.028167861210864276
leaf_weight=41.895757308695465 10.329253934323786 13.592391774524001 11.69689736608416 26.988376275869086 17.214732773602012 14.679726358735936 15.388033856172113 2.3449339717626554 3.3107411107048383 5.9416916044428945 37.524214561097324 29.096990099176764 1.4224065132439161 14.892628095112743 3.5884028535801908 5.2020937697961944 20.15310147870332 6.4848899804055682 5.6034055799245852 12.121087869629262 13.658517821226267 7.5683477798011154 15.495818208437411 4.8598726205527774 2.3432743847370148 1.558270651847123 40.616587731055915 1.315386248752475 1.287636495195329 6.1537482533603907
leaf_count=669 209 197 122 343 245 202 237 40 59 104 485 386 27 210 56 81 249 87 88 156 197 109 235 79 29 24 579 22 22 95
internal_value=5.92348e-11 0.0137089 0.017255 0.0311396 -0.00778581 -0.0257539 0.0204042 -0.0887021 0.00609589 -0.049498 0.023453 0.019888 -0.00535124 -0.0416502 -0.0526596 0.0263195 0.0748752 0.0268002 0.01286 0.00357694 0.0174474 -0.0138338 -0.0185764 -0.0300553 0.0508453 0.0289377 0.0237656 -0.0102919 -0.0323061 0.0141082
internal_weight=394.329 341.544 331.215 213.071 118.144 72.1536 45.9903 52.7854 32.3979 10.8896 181.221 154.232 31.598 40.5556 20.8031 17.0099 31.85 77.7567 76.4756 25.2928 51.1827 13.1718 16.9182 19.7525 5.65402 71.2718 42.1749 4.94796 2.60302 11.3558
internal_count=5643 4786 4577 2825 1752 1054 698 857 501 188 2454 2111 464 590 301 264 371 1076 1035 353 682 197 262 289 88 989 603 84 44 176
is_linear=0
shrinkage=0.05


Tree=1
num_leaves=31
num_cat=0
split_feature=0 1 0 0 1 3 2 2 1 0 1 0 1 3 0 1 1 1 0 0 0 2 0 0 1 0 0 1 1 1
split_gain=240.524 143.295 97.6109 48.6849 37.4122 29.195 22.468 16.9243 14.0144 11.7049 9.75489 9.13188 10.3209 8.44816 8.69845 5.56694 3.5974 3.59725 3.13534 3.58286 3.03268 3.73188 3.1676 2.99617 2.6687 2.52762 2.45212 2.34225 2.28916 4.12586
threshold=0.95644930005073558 0.22978158531311924 0.99485778808593761 0.99184620380401622 0.14251709788741965 1.0000000180025095e-35 1.0000000180025095e-35 1.0000000180025095e-35 0.2935602152507647 1.0051046609878542 0.13529179330039051 0.94719016551971447 0.18098615146014072 1.0000000180025095e-35 0.98104506731033336 0.13023812480644378 0.31078102510636002 0.10320692799011727 1.0107315182685854 1.0059687495231631 1.0026161670684817 1.0000000180025095e-35 1.0049057602882387 0.9712696671485902 0.18878202499452915 0.96626251935958873 1.0035481452941897 0.31359310974605409 0.32240214103759274 0.33344261690064286
decision_type=2 2 2 2 2 2 2 2 2 2 2 2 2 2 2 2 2 2 2 2 2 2 2 2 2 2 2 2 2 2
left_child=11 3 13 6 -5 -4 15 -6 20 16 -8 -1 -13 -3 -15 17 -10 -2 19 -11 -7 -22 26 25 -25 -17 -23 -21 -18 -30
right_child=1 2 5 4 7 8 10 -9 9 18 -12 12 -14 14 -16 23 28 -19 -20 27 21 22 -24 24 -26 -27 -28 -29 29 -31
leaf_value=-0.09275357560324643 0.025114781532561144 -0.093817761084473178 -0.093782740428333192 0.085393142376873746 0.065057747411763442 0.0049240522498303161 0.025827907927692368 0.026361567328252046 -0.037189524593153334 0.010659010465538575 -0.027564379588992965 -0.0043044079009048998 -0.079671945738350569 -0.055034579272370668 -0.02940349575623611 0.012894099845055526 0.017934258666112743 0.057510636281884679 0.0077584852713704902 0.024417054613133066 0.043180553691966904 0.016852260769851222 0.012595812939230728 0.012436052112358029 0.04556437953992537 -0.039788326824585489 0.051038789996212502 -0.0050362962876517401 -0.033143645016725974 -0.0068516805909942125
leaf_weight=61.738481178879738 16.638534978032112 7.1568960249423972 7.8359717372804871 52.719360262155533 38.061483941972256 38.348754182457924 10.883311241865156 109.68461296707392 11.074087776243685 57.755288634449244 39.982622243463993 6.8809658549726036 13.365835599601267 50.359071476384997 96.593204577453434 5.0731186997145397 8.2100802958011609 17.66848230920732 296.64150685071945 7.0479303002357474 16.489647299051285 10.118386223912241 74.613014001399279 21.310969859361652 8.5053252801299077 4.1305105313658714 10.891274377703665 159.68287955969572 16.255268156528473 181.83720476552844
leaf_count=692 55 73 95 109 82 118 44 253 51 157 248 38 102 357 528 27 18 46 931 27 37 27 197 92 30 24 21 493 55 616
internal_value=3.77916e-11 0.00495865 -0.00401099 0.0339931 0.049233 0.00230589 0.00939367 0.0363303 0.00315288 0.000319206 -0.0161405 -0.0831974 -0.054058 -0.0407705 -0.038187 0.0271064 -0.00942718 0.041799 0.00438469 -7.35296e-05 0.0170614 0.021213 0.0174248 0.0141884 0.0218862 -0.0107493 0.0345743 -0.00379126 -0.00793692 -0.00900917
internal_weight=1457.55 1375.57 1050.91 324.658 200.465 896.801 124.193 147.746 888.965 738.504 50.8659 81.9853 20.2468 154.109 146.952 73.3269 217.377 34.307 521.128 224.486 150.461 112.112 95.6227 39.0199 29.8163 9.20363 21.0097 166.731 206.303 198.092
internal_count=5643 4811 3801 1010 444 2843 566 335 2748 2348 292 832 140 958 885 274 740 101 1608 677 400 282 245 173 122 51 48 520 689 671
is_linear=0
shrinkage=0.05


Tree=2
num_leaves=31
num_cat=0
split_feature=0 1 0 0 3 1 1 0 1 1 2 3 0 0 2 1 1 1 0 1 1 0 0 1 0 1 0 0 0 2
split_gain=149.331 85.3699 70.7948 28.0806 22.1311 18.211 13.3619 8.83298 8.16495 6.49013 6.39762 6.28637 6.19979 6.15776 4.44865 4.39529 3.6689 3.61636 3.39491 3.28916 3.25795 2.91462 2.86143 2.8175 2.28238 2.14928 1.89857 1.75605 2.09783 1.74767
threshold=0.95062851905822765 0.21428571428571427 0.99400904774665844 0.99963870644569408 1.0000000180025095e-35 0.14251709788741965 0.26664235018999299 1.0024572610855105 0.1724258300453185 0.20221332068357303 1.0000000180025095e-35 1.0000000180025095e-35 0.9920942783355714 0.98104506731033336 1.0000000180025095e-35 0.13023812480644378 0.46238084255376605 0.34129110631002918 0.96402010321617138 0.25034834137079881 0.11095329689668314 0.94719016551971447 0.99615857005119335 0.14251709788741965 1.0210939049720766 0.123658256191998 0.96229165792465221 1.0108376741409304 1.0057026743888857 1.0000000180025095e-35
decision_type=2 2 2 2 2 2 2 2 2 2 2 2 2 2 2 2 2 2 2 2 2 2 2 2 2 2 2 2 2 2
left_child=21 3 11 8 -4 25 14 -8 12 -10 -7 -3 15 19 -6 20 24 -15 -17 29 -2 -1 -16 -23 -9 -5 -21 28 -24 -13
right_child=1 2 4 5 6 10 7 16 9 -11 -12 13 -14 17 22 18 -18 -19 -20 26 -22 23 27 -25 -26 -27 -28 -29 -30 -31
leaf_value=-0.088503678666511848 0.013820114274958951 -0.089459131370632994 -0.089225648914999622 0.088858804134989561 0.0379688746125472 0.060468542640935832 -0.010424984820841142 0.005457211954452007 -0.012000411569637229 0.042426512036212914 0.027623255225452344 0.0039875204873172148 0.060383096544249532 -0.015031914193411391 -0.012516850691843721 -0.038017426782934689 -0.0015973237858861952 -0.035987019723211076 0.010219574830914305 -0.077682089764374157 0.043792895699128725 -0.01496911951948908 0.019304972805461271 -0.084851770525704626 0.031900667181768309 0.063371595036060574 -0.049434772361271431 0.028944431335284144 -0.0019907818597761813 -0.036768249350605492
leaf_weight=44.924393229186535 17.728552550077438 5.273888715542852 6.5680636046454302 20.316051587462425 24.901953093707561 19.269753322005272 146.3485433422029 414.8772360291332 37.05852316506207 6.4272439293563357 64.283534459769726 3.500654023140668 9.8026273623108846 41.998620733153075 9.1418988071382028 4.318431647494438 256.91341021284461 40.388334078714252 23.481261804699898 7.3856089357286683 18.555482968688011 2.8160241171717635 34.15709625184536 2.9567320290952921 8.3237565755844098 13.952148474752901 30.571938440203667 22.072827387601137 17.483847364783287 10.580840371549128
leaf_count=692 83 67 107 55 61 46 568 1237 215 36 141 21 32 272 26 38 726 248 130 83 70 11 89 35 36 34 251 83 50 100
internal_value=-8.44058e-11 0.00324471 -0.00269752 0.0305435 0.00223436 0.0477872 0.00287738 0.000718182 0.0132338 -0.00395605 0.0351983 -0.0359105 0.0233509 -0.0338097 0.0194376 0.0176863 0.00311599 -0.0253047 0.00272639 -0.0472746 0.0291481 -0.0842061 0.0138681 -0.0507621 0.00597732 0.0784818 -0.054931 0.0171404 0.012095 -0.0266364
internal_weight=1366.38 1315.68 1080.49 235.194 940.789 117.821 934.221 826.463 117.372 43.4858 83.5533 139.7 73.8864 134.426 107.758 64.0837 680.114 82.387 27.7997 52.039 36.284 50.6971 82.8557 5.77276 423.201 34.2682 37.9575 73.7138 51.6409 14.0815
internal_count=5643 4905 4025 880 2983 276 2876 2567 604 251 187 1042 353 975 309 321 1999 520 168 455 153 738 248 46 1273 89 334 222 139 121
is_linear=0
shrinkage=0.05


Tree=3
num_leaves=31
num_cat=0
split_feature=0 1 0 0 2 2 0 0 1 1 1 3 0 1 1 0 1 0 1 0 1 0 0 2 1 1 1 0 1 0
split_gain=108.248 56.1665 45.6956 22.8487 16.5347 10.7591 8.27756 7.91146 6.47881 5.21396 4.9418 4.50035 4.81328 4.09303 3.80175 3.38514 2.65444 2.40679 2.38701 2.30091 2.25227 2.24674 2.03169 2.01609 1.91238 1.86248 1.82635 1.75198 1.71081 1.62307
threshold=0.95644930005073558 0.22978158531311924 0.99400904774665844 0.99615857005119335 1.0000000180025095e-35 1.0000000180025095e-35 1.0024572610855105 0.94719016551971447 0.28561841023963047 0.18098615146014072 0.14090327673584016 1.0000000180025095e-35 0.98104506731033336 0.1724258300453185 0.123658256191998 1.0107315182685854 0.20912185341230602 0.98666656017303478 0.26664235018999299 0.97567933797836315 0.18098615146014072 0.98247635364532482 0.96886026859283458 1.0000000180025095e-35 0.11095329689668314 0.34679022002584597 0.35581377454771945 0.99017381668090831 0.45395085116603939 1.0057026743888857
decision_type=2 2 2 2 2 2 2 2 2 2 2 2 2 2 2 2 2 2 2 2 2 2 2 2 2 2 2 2 2 2
left_child=7 3 11 5 13 14 18 -1 23 -9 -6 -3 -13 -5 24 -10 19 -16 -4 22 21 -21 -7 -8 -2 27 -27 -14 -17 -25
right_child=1 2 6 4 10 16 8 9 15 -11 -12 12 25 -15 17 28 -18 -19 -20 20 -22 -23 -24 29 -26 26 -28 -29 -30 -31
leaf_value=-0.084678352278789712 0.026023478846815162 -0.085348069573575214 0.0075906236023825721 0.077088452787559006 0.058293401581431606 -0.0050577425508814451 0.031436454367196436 -0.0065426006856361581 -0.0016548269424041186 -0.070032603220995707 0.022351888556062204 -0.045228139165476647 -0.025110244047939434 0.045293006848626249 0.0028042116402191251 0.0089061573814643979 -0.033808360225139632 0.0298713497707606 -0.011125338018333993 0.0023331310110403822 -0.0080849507004691467 0.051628660212357624 -0.040833479648853865 0.023884426484885941 0.055910856911977093 -0.066167964702368798 -0.027355620009219307 -0.0026678562064233417 0.0014995294639858459 0.0077374990452399213
leaf_weight=36.322835493832827 14.772550106048586 3.8843136709183446 19.341523990035057 24.343186356127262 10.737525023519991 10.541214525699617 17.116831220686436 6.2956080045551044 338.90725556202233 6.6487365067005157 87.496102660894394 36.940165569074452 18.854368071071804 17.325607895851135 26.471220238134265 171.92822030186653 9.8705608099699003 11.907100636512039 142.92308039870113 5.1169132646173257 12.107973273843525 4.2157589234411716 6.3644518945366135 21.939695306122303 8.3932421356439573 3.336023135110735 33.147533209994435 16.141001667827368 142.65603708475828 53.547922112047672
leaf_count=692 71 61 58 81 31 73 36 38 1036 102 229 357 154 50 151 518 72 48 612 28 67 19 60 55 30 35 206 93 422 158
internal_value=-1.06853e-10 0.0028202 -0.0023796 0.0240778 0.0374757 0.00700079 0.00134031 -0.0727173 0.00356622 -0.0391536 0.0262805 -0.032468 -0.0305734 0.0638681 0.0208569 0.00181227 -0.0106852 0.011202 -0.00889444 -0.00473311 0.00614254 0.0246009 -0.0185262 0.0159435 0.036852 -0.0229999 -0.0309046 -0.0147591 0.00554744 0.0124304
internal_weight=1319.59 1270.33 1020.66 249.663 139.902 109.761 908.361 49.2672 746.096 12.9443 98.2336 112.303 108.419 41.6688 61.5441 653.492 48.2169 38.3783 162.265 38.3463 21.4406 9.33267 16.9057 92.6044 23.1658 71.4789 36.4836 34.9954 314.584 75.4876
internal_count=5643 4811 3801 1010 391 619 2895 832 2225 140 260 906 845 131 300 1976 319 199 670 247 114 47 133 249 101 488 241 247 940 213
is_linear=0
shrinkage=0.05


Tree=4
num_leaves=31
num_cat=0
split_feature=0 1 0 1 0 3 2 0 1 0 2 1 0 0 1 1 1 1 0 1 1 0 0 0 1 0 0 1 0 0
split_gain=85.0273 43.5914 39.218 18.8396 9.96349 8.32953 7.24845 6.52306 5.97007 5.25065 3.87933 2.41493 2.395 2.34756 3.63704 2.19336 3.15796 2.03629 1.98911 1.98829 1.81376 1.57311 1.53998 1.48403 1.46799 1.43949 1.35309 1.19129 1.19089 1.46121
threshold=0.95062851905822765 0.16649728177469464 0.99400904774665844 0.26664235018999299 0.98945528268814098 1.0000000180025095e-35 1.0000000180025095e-35 1.0020313262939455 0.21940483245837442 0.98104506731033336 1.0000000180025095e-35 0.14090327673584016 1.0107315182685854 0.94719016551971447 0.123658256191998 0.123658256191998 0.11095329689668314 0.20520955805752381 0.97567933797836315 0.19952257433570317 0.48798420131462328 0.99907726049423229 0.96229165792465221 1.0115702152252199 0.34679022002584597 1.0108376741409304 0.98586332798004161 0.24118126491349462 1.0094309449195864 1.0032147765159609
decision_type=2 2 2 2 2 2 2 2 2 2 2 2 2 2 2 2 2 2 2 2 2 2 2 2 2 2 2 2 2 2
left_child=13 4 5 10 15 -3 21 -5 17 22 23 -8 20 -1 -15 16 -2 18 19 -7 -9 -6 -10 28 -11 27 -20 -12 29 -4
right_child=1 2 3 7 6 8 11 12 9 24 25 -13 -14 14 -16 -17 -18 -19 26 -21 -22 -23 -24 -25 -26 -27 -28 -29 -30 -31
leaf_value=-0.081507722435491967 0.011292129270354303 -0.085379990616838167 0.02171380747458003 -0.010897206812585091 0.048401550435600849 -0.047382581152947634 0.050051645818497761 0.0013740897423594061 -0.064081983653037078 -0.012331993702606119 0.014602794629067096 0.019328230686876103 0.0048369512227954417 0.013131778035344294 -0.081881134079430193 0.0051254041957057919 0.049018625428546514 0.018248771872048399 0.013087385757677426 0.001880304188435381 -0.0060557760625548837 0.074847845494166385 -0.037687833209168638 0.052189887737044985 -0.026740792822692729 0.023097657309549088 -0.013286785075954148 0.002412408161952399 0.012118356258065181 0.047708952002408149
leaf_weight=30.951510023965966 13.052377473562958 5.3567216093651941 11.705695785582071 119.13759426213801 8.0394297987222689 5.8179971389472502 10.007812678813936 260.43003902211785 6.5934979664161792 35.909499069675803 69.156176991760731 17.722169741988182 333.13099777698517 1.7575550973415364 2.3592575043439865 21.824537938460708 9.6464669741690141 7.8206556476652613 8.7025309596210736 3.1611198596656322 119.98443495854735 18.707964032888412 34.145418274216354 7.4965097010135642 34.815178466960788 33.412835791707039 11.022561453282831 28.21867960691452 9.030174642801283 10.044711425900458
leaf_count=692 79 92 38 553 35 81 32 818 104 271 201 42 976 9 37 150 41 51 45 19 327 70 334 24 241 110 59 69 17 26
internal_value=1.97721e-11 0.00214728 -0.000581803 0.00302282 0.0339889 -0.0241295 0.0483286 -6.68601e-05 -0.0219124 -0.0276612 0.0182402 0.0304164 0.00174144 -0.0767897 -0.0413181 0.0164432 0.027325 -0.00436885 -0.0105312 -0.0300395 -0.000969323 0.0668989 -0.0419597 0.0322405 -0.0194249 0.0141428 -0.00165074 0.0110701 0.0273818 0.0337188
internal_weight=1289.16 1254.09 1155.09 1001.75 99.0008 153.345 54.4774 832.683 147.988 111.464 169.065 27.73 713.545 35.0683 4.11681 44.5234 22.6988 36.5249 28.7042 8.97912 380.414 26.7474 40.7389 38.2771 70.7247 130.788 19.7251 97.3749 30.7806 21.7504
internal_count=5643 4905 4456 3159 449 1297 179 2674 1205 950 485 74 2121 738 46 270 120 255 204 100 1145 105 438 105 512 380 104 270 81 64
is_linear=0
shrinkage=0.05


Tree=5
num_leaves=31
num_cat=0
split_feature=0 1 0 1 0 2 3 0 0 1 0 0 3 1 1 2 1 1 1 1 0 0 2 1 0 0 0 0 1 1
split_gain=70.1479 33.9303 29.2596 14.6157 7.67584 6.63718 6.2373 5.5653 4.82228 4.10478 4.12289 3.20569 2.73283 4.28548 1.9129 1.90682 1.7306 1.68983 2.03809 1.58801 1.57976 1.57715 1.5749 1.56199 1.27929 1.79442 1.78145 1.24719 1.16068 1.11258
threshold=0.95644930005073558 0.16649728177469464 0.99400904774665844 0.28561841023963047 0.99085003137588512 1.0000000180025095e-35 1.0000000180025095e-35 1.0095460414886477 0.94719016551971447 0.21940483245837442 0.98104506731033336 1.0165373682975771 1.0000000180025095e-35 0.12057969269433866 0.22978158531311924 1.0000000180025095e-35 0.16674270821870482 0.11694122961943475 0.10320692799011727 0.14090327673584016 1.0011051297187807 0.99693596363067638 1.0000000180025095e-35 0.33766815528947886 0.96402010321617138 0.96886026859283458 0.97491377592086803 0.96229165792465221 0.25034834137079881 0.20520955805752381
decision_type=2 2 2 2 2 2 2 2 2 2 2 2 2 2 2 2 2 2 2 2 2 2 2 2 2 2 2 2 2 2
left_child=8 4 6 11 17 -6 -3 20 -1 16 27 14 -10 -14 15 29 -8 18 -2 -7 21 -5 -18 -23 -19 -26 -27 -11 -15 -4
right_child=1 2 3 7 5 19 9 -9 12 10 -12 -13 13 28 -16 -17 22 24 -20 -21 -22 23 -24 -25 25 26 -28 -29 -30 -31
leaf_value=-0.078761398954238435 0.013713357456467885 -0.081509041689066752 0.023695311124300865 -0.0021381230993614765 0.064799059353852786 0.04501586189642006 -0.038049985038277348 0.0041219945828496968 -0.096791298335064571 -0.067392076069397497 -0.017349482021587873 0.042725812576099247 0.033319673076642319 -0.030267243577563122 0.0089074944305445897 0.015215256142377433 0.013886003111975652 -0.024433262499216016 0.048274317619087376 0.019144124276086732 -0.0026790409816017779 -0.033791954370723666 -0.0095849187818627911 -0.011592866206859087 0.042494555271078566 -0.024415227238782415 0.013493072663288478 -0.035251270193235811 -0.072779978420152158 0.05064344916193747
leaf_weight=26.818713140906766 10.941537626087667 4.1943010631948701 9.6821018308401126 37.215627834200859 22.616126671433449 8.9726182594895381 3.4401590935885897 367.11949726566672 1.7047598510980595 3.3258823668584219 69.126698673469946 9.602214962244032 2.1731599383056146 3.9491778798401356 113.9075472317636 69.32085083052516 11.558925231918694 2.8787760622799423 6.9914100654423228 17.497883386909962 326.83550099655986 9.5980383120477182 18.725725689902902 45.434293732047081 3.735723394900563 4.1112876646220711 12.589114990085362 32.632895233109593 2.7053592456504703 6.336928527802228
leaf_count=692 67 89 31 176 98 32 21 1072 8 49 512 39 12 59 336 190 76 24 31 42 1031 49 144 213 24 36 73 334 61 22
internal_value=4.53239e-11 0.00205252 -0.000288686 0.00275062 0.0315477 0.0449083 -0.0214367 -0.00037263 -0.0675027 -0.0196216 -0.0244925 0.0145079 -0.0388346 -0.0276423 0.013148 0.0188081 -0.00444407 0.0156481 0.0271874 0.0279138 -0.00430995 -0.0100883 -0.000626631 -0.0154645 0.0067724 0.0111682 0.00416085 -0.038224 -0.0475505 0.0343557
internal_weight=1265.74 1228.39 1138.06 995.053 90.3345 49.0866 143.005 786.203 37.3512 138.81 105.085 208.85 10.5325 8.8277 199.247 85.3399 33.7248 41.2478 17.9329 26.4705 419.083 92.248 30.2847 55.0323 23.3149 20.4361 16.7004 35.9588 6.65454 16.019
internal_count=5643 4811 4384 3159 427 172 1225 2541 832 1136 895 618 140 132 579 243 241 255 98 74 1469 438 220 262 157 133 109 383 120 53
is_linear=0
shrinkage=0.05


Tree=6
num_leaves=31
num_cat=0
split_feature=0 3 1 0 1 0 2 0 0 1 2 1 0 0 1 2 1 0 1 1 1 1 1 1 0 1 1 2 0 1
split_gain=56.9699 31.1545 30.7907 24.2288 8.96663 7.18917 6.04242 3.25862 2.9419 2.6174 2.5782 2.50578 2.32326 1.60926 1.46378 1.32758 1.32124 1.29446 2.15942 1.26155 1.39663 1.25019 1.19576 1.11841 0.981082 0.96854 0.940813 0.891667 0.883503 0.882058
threshold=0.95062851905822765 1.0000000180025095e-35 0.1724258300453185 0.99400904774665844 0.2987527791406055 0.99085003137588512 1.0000000180025095e-35 1.0005258917808535 1.0095460414886477 0.13185699849200513 1.0000000180025095e-35 0.34679022002584597 0.96763634681701671 0.98064637184143078 0.21940483245837442 1.0000000180025095e-35 0.14090327673584016 0.94719016551971447 0.123658256191998 0.10320692799011727 0.11694122961943475 0.23423485585331394 0.15395416993248265 0.39969064103321145 1.0055995583534243 0.25034834137079881 0.36163147795549638 1.0000000180025095e-35 0.98341834545135509 0.20221332068357303
decision_type=2 2 2 2 2 2 2 2 2 2 2 2 2 2 2 2 2 2 2 2 2 2 2 2 2 2 2 2 2 2
left_child=17 -2 5 11 7 9 -7 29 -6 19 -9 13 -13 14 -4 -11 -8 -1 -19 -3 -21 -12 -18 -10 25 -23 -14 -15 -28 -5
right_child=1 2 3 4 8 6 16 10 23 15 21 12 26 27 -16 -17 22 18 -20 20 -22 24 -24 -25 -26 -27 28 -29 -30 -31
leaf_value=-0.076357087650238645 -0.08392647535838535 0.011327182422739539 -0.010449783990627445 -0.015959232695083408 -0.0029887718663509852 0.061961443510391401 0.044820915716826296 0.027434139749053052 0.0071701745950409086 0.010020991511752555 0.01750272038877497 -0.071674705789015136 -0.051649354379867951 0.0073005008877919039 -0.030583252254856641 -0.018151115177046335 0.010259675178479033 0.015891456173340767 -0.075627348480390919 0.050801979810756404 0.020475601200239987 0.008180321728316035 0.032407570004476499 0.0012968331731826324 0.0052555972886462647 0.027655764200458951 -0.035782708189823986 -0.011870523990796151 -0.019431237969939959 0.0022478281131879554
leaf_weight=23.72715680743568 10.562377733178435 11.364608261734249 14.712755111977456 8.4587195813655836 387.7494021076709 21.379488620907068 8.4887048825621587 30.545964080840349 122.22120012715459 10.934277927502992 56.441274605691433 3.0454960567876688 3.417338201776146 7.0694636888802043 23.363827210851014 6.771547306329011 11.570742674171926 1.0579677633941167 1.6494555491954086 6.5542395040392867 9.0228838808834535 14.876288771629335 12.875896088778971 240.6318249758333 73.950534235686064 11.182659722864626 11.766926476266233 42.700339707778767 27.726717029698193 31.145239040255547
leaf_count=692 215 71 124 35 1310 105 32 86 372 75 151 50 49 57 302 69 29 9 37 32 48 37 35 682 193 36 86 314 186 124
internal_value=2.54417e-10 0.00157281 0.00231918 -6.1332e-05 0.00267091 0.0290441 0.0412625 0.0113879 3.9318e-05 0.0141801 0.0141473 -0.0200157 -0.0294758 -0.0150667 -0.0228037 -0.000753358 0.027826 -0.0726196 -0.039865 0.0239942 0.0332357 0.0115531 0.0219248 0.00327517 0.00819534 0.0165378 -0.0264809 -0.00914741 -0.0243031 -0.00164088
internal_weight=1246.97 1220.53 1209.97 1111.01 977.203 98.9624 54.3148 226.601 750.602 44.6476 186.997 133.803 45.9565 87.8464 38.0766 17.7058 32.9353 26.4346 2.70742 26.9417 15.5771 156.451 24.4466 362.853 100.009 26.0589 42.911 49.7698 39.4936 39.604
internal_count=5643 4905 4690 4194 3026 496 201 662 2364 295 503 1168 371 797 426 144 96 738 46 151 80 417 64 1054 266 73 321 371 272 159
is_linear=0
shrinkage=0.05


Tree=7
num_leaves=31
num_cat=0
split_feature=0 3 1 0 1 0 2 1 1 0 0 0 2 1 2 1 0 1 0 0 0 1 1 0 2 0 0 0 0 0
split_gain=47.3514 23.6882 22.4886 20.7957 9.17063 5.77361 3.54485 2.91347 2.71852 3.90582 2.37355 2.05409 1.71763 1.57302 1.48235 1.4585 1.14489 1.02477 1.02116 0.994632 0.914146 1.05506 0.898619 1.27036 1.14062 0.883076 0.829786 1.06665 2.61312 0.984235
threshold=0.94719016551971447 1.0000000180025095e-35 0.16649728177469464 0.99400904774665844 0.26664235018999299 1.0029386878013613 1.0000000180025095e-35 0.11694122961943475 0.21940483245837442 0.96763634681701671 1.0024572610855105 0.98160871863365184 1.0000000180025095e-35 0.47466425852899813 1.0000000180025095e-35 0.22978158531311924 1.0054517388343813 0.20520955805752381 0.99615857005119335 1.0029386878013613 1.0095460414886477 0.2987527791406055 0.19676852479463883 0.97567933797836315 1.0000000180025095e-35 0.98945528268814098 0.98753023147583019 0.97199732065200817 0.9712696671485902 0.98104506731033336
decision_type=2 2 2 2 2 2 2 2 2 2 2 2 2 2 2 2 2 2 2 2 2 2 2 2 2 2 2 2 2 2
left_child=-1 -2 5 8 12 7 -7 11 22 -10 -6 -3 15 19 25 17 -15 -5 -14 -12 21 -21 23 -4 -24 -9 27 28 -11 -29
right_child=1 2 3 4 10 6 -8 14 9 26 13 -13 18 16 -16 -17 -18 -19 -20 20 -22 -23 24 -25 -26 -27 -28 29 -30 -31
leaf_value=-0.074198431980710508 -0.080323834890280707 0.018397934881714584 -0.038058421621252829 0.023541513133785628 -0.0057916701404170058 0.066458863027923226 0.031448049300193216 0.0089014530909324024 -0.050741381284702507 -0.024177110936651938 0.020010289337756334 0.050696955702454596 -0.0036066309425145972 -0.0094400793546943994 -0.0056546096484754093 0.013471333936731222 -0.00013585075066977137 0.048521065022202561 0.012186817877396415 0.0084280968885011975 0.0049756246092815537 -0.0013272609103493565 0.02244435652037121 -0.0051846386284870698 -0.0058490828995377761 0.033156761132479118 -0.013539503672667867 -0.034884185113712142 0.035687401463805626 -0.019789871337927673
leaf_weight=21.134686189354397 8.8262192299589497 12.410323403775694 4.1285006543621448 9.9674783833324927 128.75372337549925 11.161614477634432 20.524942204356194 11.992473744787278 10.6707522040233 6.4531063968315703 8.773858640342949 8.1584050580859167 11.246115926653145 39.446338042616844 13.325249249115588 18.287172805517912 204.32000993564725 6.9816522113978854 113.81995313614607 33.65545666590333 253.81947103142738 157.04720769077539 4.9885803116485485 10.198084412142633 12.457434397190809 5.4614635109901419 41.562070706859231 18.670991158578545 2.5405453089624643 25.617349660722539
leaf_count=692 217 82 77 36 568 54 57 83 192 68 33 53 37 121 87 43 546 26 343 70 728 501 33 75 81 28 321 187 13 191
internal_value=-9.77266e-11 0.00129038 0.00188747 3.15489e-05 0.00256983 0.0269969 0.0437806 0.0166397 -0.0182006 -0.0220615 0.000445443 0.0312091 0.0135138 0.00159749 0.00690355 0.0232646 -0.00164146 0.033831 0.0107666 0.00333929 0.00301024 0.000394377 -0.00537874 -0.0146579 0.00224125 0.0164911 -0.0188348 -0.0229653 -0.00726646 -0.0261533
internal_weight=1236.4 1215.27 1206.44 1123.41 986.118 83.0345 31.6866 51.3479 137.287 105.515 825.816 20.5687 160.302 697.062 30.7792 35.2363 243.766 16.9491 125.066 453.296 444.522 190.703 31.7726 14.3266 17.446 17.4539 94.8441 53.282 8.99365 44.2883
internal_count=5643 4951 4734 4290 3052 444 111 333 1238 972 2567 135 485 1999 198 105 667 62 380 1332 1299 571 266 152 114 111 780 459 81 378
is_linear=0
shrinkage=0.05


Tree=8
num_leaves=31
num_cat=0
split_feature=0 1 0 1 0 1 3 0 0 2 1 0 1 2 1 1 1 1 0 1 0 1 1 1 1 0 0 0 1 1
split_gain=40.6028 19.5053 20.9523 8.70784 5.79705 4.20002 3.88266 2.85034 2.64957 2.58214 1.66698 1.52658 1.42288 1.38937 1.3262 1.13898 1.11748 1.1545 1.04073 0.953027 0.932324 0.914041 0.858722 0.734321 0.885392 0.720331 0.975216 0.997157 0.704302 0.661962
threshold=0.94719016551971447 0.16649728177469464 0.99400904774665844 0.26664235018999299 0.98945528268814098 0.11095329689668314 1.0000000180025095e-35 0.96626251935958873 1.0052317976951601 1.0000000180025095e-35 0.27309141048548752 1.0024572610855105 0.46055933536695476 1.0000000180025095e-35 0.13023812480644378 0.21940483245837442 0.10320692799011727 0.11694122961943475 1.0151659846305849 0.23423485585331394 0.98104506731033336 0.18184550358458454 0.48627892500423248 0.33766815528947886 0.31078102510636002 1.0135017633438113 1.0107315182685854 1.0059687495231631 0.21628510638657847 0.57368602263274837
decision_type=2 2 2 2 2 2 2 2 2 2 2 2 2 2 2 2 2 2 2 2 2 2 2 2 2 2 2 2 2 2
left_child=-1 4 6 11 14 -6 -3 15 12 -7 -9 -4 -5 28 16 -8 -2 -18 25 21 -12 -15 -14 24 -20 26 27 -10 -13 -29
right_child=1 2 3 8 5 9 7 10 18 -11 20 13 22 19 -16 -17 17 -19 23 -21 -22 -23 -24 -25 -26 -27 -28 29 -30 -31
leaf_value=-0.072329525340049022 0.0063061135004505182 -0.074192315513705892 0.0043239371525168107 -0.0017467486216747007 0.068533492774547414 0.048132173764955467 -0.022114326442335311 -0.007819246357896794 0.0051805219828378046 0.019321815237689589 -0.028432427055761489 0.037764429556018442 -0.025511361291488278 0.0043124459778600931 -0.0019358151647311094 -0.052227694098947869 0.046047164862772161 0.014602158435956906 0.0045006021289679694 0.0063693719700289421 -0.016188754621908493 0.020187601961375166 -0.0082202404490096422 0.0040288086145083861 0.025309817628340683 -0.0039610399019215535 0.0049803346983223118 -0.0011793212282300977 0.020225783994754051 -0.011235965974699461
leaf_weight=19.099514531786554 10.880738615989687 3.0992585979402056 39.428217750042677 157.02536303037778 8.7827629521489126 12.16599380970001 5.3296323609538359 46.896947020897642 61.698969464749098 21.558717422187328 22.233223556540906 8.3783327229321021 7.981519302353262 11.454434633255003 13.456468764692543 7.6432121228426695 5.2326277997344715 6.6017091171815991 10.879731036722662 35.508059684187174 51.712020822800696 43.504602264612913 71.534196079708636 117.84366560354829 9.6417087465524656 72.806826949119568 130.18903694301844 173.03821349516511 18.068633314222097 18.072123043239117
leaf_count=692 78 93 131 672 54 65 59 441 153 60 204 30 50 28 126 166 33 45 29 119 368 131 231 357 38 239 313 541 46 51
internal_value=2.64827e-11 0.00114868 -0.000536044 0.00200647 0.0252158 0.0377355 -0.0188657 -0.0175843 -3.08953e-05 0.029715 -0.0151933 0.0128318 -0.00450633 0.015701 0.0105031 -0.0398562 0.0178719 0.0285058 0.00175079 0.012754 -0.0198701 0.0168789 -0.00995586 0.00554883 0.0142775 0.000597847 0.00146448 -0.000346081 0.025782 -0.00213032
internal_weight=1221.75 1202.65 1123.97 987.054 78.679 42.5075 136.914 133.815 830.711 33.7247 120.842 156.342 236.541 116.914 36.1715 12.9728 22.7151 11.8343 594.17 90.4671 73.9452 54.959 79.5157 138.365 20.5214 455.805 382.998 252.809 26.447 191.11
internal_count=5643 4951 4490 3159 461 179 1331 1238 2674 125 1013 485 953 354 282 225 156 78 1721 278 572 159 281 424 67 1297 1058 745 76 592
is_linear=0
shrinkage=0.05


Tree=9
num_leaves=31
num_cat=0
split_feature=0 3 1 0 1 0 1 0 2 1 0 1 2 1 1 0 0 1 0 1 2 1 1 1 1 1 1 1 0 1
split_gain=35.2564 17.6033 16.5574 14.7024 6.64656 4.80389 4.70879 3.49872 3.1139 2.01957 1.60259 1.48286 1.3555 1.30507 1.01059 1.12065 1.00826 1.44779 0.935291 0.91419 1.0625 0.863802 0.797679 0.703495 1.63183 1.20646 0.762973 0.80597 0.691269 0.804399
threshold=0.95062851905822765 1.0000000180025095e-35 0.16674270821870482 1.0003185272216799 0.26664235018999299 0.99045953154563915 0.11095329689668314 0.98753023147583019 1.0000000180025095e-35 0.21940483245837442 0.96626251935958873 0.12510170425535092 1.0000000180025095e-35 0.24118126491349462 0.22225481556685844 0.9982123374938966 0.94719016551971447 0.123658256191998 1.0107315182685854 0.10320692799011727 1.0000000180025095e-35 0.2987527791406055 0.15674854910283101 0.42976907360203093 0.49711759343770373 0.39969064103321145 0.34679022002584597 0.22225481556685844 0.98160871863365184 0.14489054663328263
decision_type=2 2 2 2 2 2 2 2 2 2 2 2 2 2 2 2 2 2 2 2 2 2 2 2 2 2 2 2 2 2
left_child=16 -2 5 7 12 11 -7 9 -8 -4 -11 19 -5 14 15 -9 -1 -18 21 -3 -21 -6 -10 25 -25 26 27 -12 29 -13
right_child=1 2 3 4 18 6 8 13 22 10 23 28 -14 -15 -16 -17 17 -19 -20 20 -22 -23 -24 24 -26 -27 -28 -29 -30 -31
leaf_value=-0.070655257588906437 -0.076747925333861808 0.0077708564527123247 -0.0061854155839027349 0.023251159039676249 0.0062231537004498487 0.069898924623304756 0.048344854660684076 0.0051681935767944574 0.010764988844105247 -0.047933242431152323 -0.051191453920822708 0.0050864149379471228 0.010824914591699651 -0.0087108208125321416 0.020585150017615603 -0.021988011163146998 0.008251939234788239 -0.07197247316325453 0.0031211019226432797 0.041588110397613585 0.0081893954209732393 -0.0012472204290434519 0.030281983165701742 -0.062476389654629184 -0.020637351677736324 0.00078469609080576556 -0.038814329132514223 -0.016727384751476667 0.010824770533146823 -0.024373063608731683
leaf_weight=17.313833179796351 7.2189651001244775 9.1417787317186612 21.140687690116465 28.316123347729445 43.383254084736109 7.8156905472278586 11.637976113706825 14.070777025073772 16.673243172466758 6.3384013576433054 1.8073845198377991 4.4897812679409999 97.556611496955156 129.92711441311985 6.537888064980506 5.2040699124336234 1.0387724749743932 1.2262883037328718 340.86298118904233 6.5739590264856815 3.7337294165045005 358.18042132630944 7.6315820366144171 3.2236494105309239 8.4116528406739217 6.8958011567592612 5.7107480601407579 27.623240294167772 6.848870161920785 4.7885975819081068
leaf_count=692 215 70 186 80 99 53 64 82 49 144 20 42 287 717 40 23 9 37 976 39 24 1102 23 42 30 16 82 295 39 66
internal_value=1.18408e-11 0.00109336 0.00156775 -1.60758e-05 0.00299614 0.0236315 0.0347254 -0.011057 0.027077 -0.0194749 -0.0241565 0.00998621 0.0136203 -0.00667071 0.0035981 -0.00216379 -0.0665513 -0.035181 0.00119489 0.0192815 0.0294902 -0.000440153 0.0168932 -0.0213486 -0.0322292 -0.018337 -0.0220892 -0.0188439 -0.00122392 -0.0101177
internal_weight=1211.32 1191.74 1184.53 1105.19 868.299 79.3352 43.7585 236.891 35.9428 81.1516 60.0109 35.5767 125.873 155.74 25.8127 19.2748 19.5789 2.26506 742.427 19.4495 10.3077 401.564 24.3048 53.6725 11.6353 42.0372 35.1414 29.4306 16.1272 9.27838
internal_count=5643 4905 4690 4221 2544 469 189 1677 136 815 629 280 367 862 145 105 738 46 2177 133 63 1201 72 485 72 413 397 315 147 108
is_linear=0
shrinkage=0.05


Tree=10
num_leaves=31
num_cat=0
split_feature=0 3 1 0 0 1 2 1 0 0 1 0 0 2 1 0 0 1 1 0 1 0 1 0 0 0 1 0 0 1
split_gain=30.5465 14.8908 14.0504 13.3201 7.8514 7.7834 3.45045 3.17543 2.10087 1.83598 1.47978 1.13474 1.57495 0.776541 0.994785 1.05374 1.1201 0.818314 0.764762 0.753624 0.701342 0.673817 0.64629 0.662687 0.622741 0.559905 0.519797 0.508365 0.48402 0.734997
threshold=0.94719016551971447 1.0000000180025095e-35 0.22978158531311924 0.99274280667305004 0.99615857005119335 0.123658256191998 1.0000000180025095e-35 0.123658256191998 0.96763634681701671 1.0107315182685854 0.2987527791406055 1.0089096426963808 1.0029386878013613 1.0000000180025095e-35 0.20221332068357303 0.97747084498405468 0.96886026859283458 0.13642785763825971 0.13642785763825971 0.98160871863365184 0.38221981299615038 1.0018644928932192 0.27803212227074198 1.0113828182220461 0.98818886280059826 0.9840952754020692 0.4931482747323564 1.0027383565902712 0.98104506731033336 0.25386323768515812
decision_type=2 2 2 2 2 2 2 2 2 2 2 2 2 2 2 2 2 2 2 2 2 2 2 2 2 2 2 2 2 2
left_child=-1 -2 4 8 7 -6 11 19 20 10 -5 12 -7 14 15 16 -9 -15 -17 -3 -4 -12 -11 -24 25 -20 27 -23 29 -10
right_child=1 2 3 9 5 6 -8 13 28 22 21 -13 -14 17 -16 18 -18 -19 24 -21 -22 26 23 -25 -26 -27 -28 -29 -30 -31
leaf_value=-0.069140153677365479 -0.07457668287334665 0.013060683452364781 -0.035913428643299897 0.0041763468536745738 0.069933781370484047 0.02965177689455752 0.01388675813891025 -0.0031497129061116994 0.0058239124980960328 0.01017421842022484 -0.0060614997096467456 0.026051260353481889 0.069850945460918301 0.012248074191423158 0.022534428847029289 -0.015177608492868073 -0.052570023904202956 -0.012077925092314437 0.0064258253169722987 0.035564975177804624 -0.070391641942339503 0.0093358125531329984 0.011055367831190573 0.0021981840879552444 -0.0039956600279412472 0.036284156893209317 -0.0040117595631835165 -0.00053646979204249358 -0.014738179786075934 -0.026108748979664011
leaf_weight=15.765381900069768 6.4956795678008339 12.268327848985793 6.7380207078531367 105.96909706294537 7.9220204949378958 5.1106279715895671 83.448336251080036 2.8536035553552273 1.9684540349990154 32.687863878905773 97.997182480990887 12.451382279396055 4.6566081531345844 3.9102685451507559 4.9293621382676056 3.7512933984398833 1.9165960252285001 29.834455695003271 3.2046867888420802 5.3392132781445971 1.8883137153461573 13.923284009099005 22.670713603496552 308.38392069004476 4.1000601910054684 3.0782009065151215 119.19669110327959 205.57107673771679 52.169468414504081 21.310468898154795
leaf_count=692 217 99 143 316 57 28 239 37 38 102 496 44 23 21 39 16 27 278 30 42 43 59 54 896 29 18 292 652 409 207
internal_value=9.32657e-12 0.000919271 0.00133513 -0.00104753 0.0138366 0.0221327 0.0185489 0.00130314 -0.0200859 0.000718402 -0.00112397 0.036059 0.0488171 -0.00437913 0.00253008 -0.00268609 -0.0230061 -0.00925908 0.00417175 0.0198848 -0.0434607 -0.00241018 0.00346699 0.00280473 0.0111626 0.0210544 -0.0013537 8.97631e-05 -0.0174133 -0.0234085
internal_weight=1201.51 1185.75 1179.25 990.475 188.775 113.589 105.667 75.1861 84.0747 906.4 542.657 22.2186 9.76724 57.5785 23.8338 18.9044 4.7702 33.7447 14.1342 17.6075 8.62633 436.688 363.742 331.055 10.3829 6.28289 338.691 219.494 75.4484 23.2789
internal_count=5643 4951 4734 3707 1027 391 334 636 840 2867 1815 95 51 495 196 157 64 299 93 141 186 1499 1052 950 77 48 1003 711 654 245
is_linear=0
shrinkage=0.05


Tree=11
num_leaves=31
num_cat=0
split_feature=0 3 1 0 1 0 1 2 0 0 2 1 1 1 1 0 0 1 1 1 1 0 1 0 0 1 0 0 0 0
split_gain=26.7375 12.727 12.8917 13.5711 5.58214 2.31004 3.78643 2.48768 1.6557 1.50452 1.2583 0.926134 0.898319 1.16356 0.838381 0.772385 0.725492 0.715637 0.689773 1.0615 0.972067 0.664814 0.560405 0.540097 0.519836 0.494116 0.483558 0.608557 0.96321 0.52857
threshold=0.94719016551971447 1.0000000180025095e-35 0.16649728177469464 0.99400904774665844 0.24281227281611953 0.98945528268814098 0.11095329689668314 1.0000000180025095e-35 0.96626251935958873 1.0107315182685854 1.0000000180025095e-35 0.46055933536695476 0.21940483245837442 0.17908860519030648 0.21940483245837442 0.98104506731033336 1.0054517388343813 0.48627892500423248 0.13185699849200513 0.10320692799011727 0.11694122961943475 0.98026236891746532 0.43588762641064932 1.0005258917808535 0.99615857005119335 0.091383811188149353 1.0013873577117922 1.0039672255516054 1.0034679770469668 0.99667009711265575
decision_type=2 2 2 2 2 2 2 2 2 2 2 2 2 2 2 2 2 2 2 2 2 2 2 2 2 2 2 2 2 2
left_child=-1 -2 5 8 10 18 -7 -8 14 11 -5 26 13 -10 -4 21 17 -13 19 25 -21 -14 -11 24 -12 -3 29 28 -28 -6
right_child=1 2 3 4 9 6 7 -9 12 22 23 16 15 -15 -16 -17 -18 -19 -20 20 -22 -23 -24 -25 -26 -27 27 -29 -30 -31
leaf_value=-0.067736404533467923 -0.072654762650778151 0.016560570356064071 -0.017188264913167956 0.024447984761366837 0.0027319901798095974 0.065442973700509555 0.043830810132785336 0.013693982653262172 -0.027039724750263033 0.0048090923199466968 -0.013303037505113075 -0.021737659314753983 -0.020573557951698143 0.00090326246817896364 -0.046031330548243599 -0.013073088690062129 -0.00099464982236954443 -0.0059768752674410706 0.00072324845240061459 0.045658198233743064 0.015854512608453258 -0.047119214524907034 0.00084461127165651293 0.01207906244893551 0.007482282584872566 -0.0067971577503663618 0.0028555914092993429 4.1189177199299194e-05 0.019433424944566655 -0.0061801706174619666
leaf_weight=14.392802666494388 5.8632630798965684 4.3008225783705765 4.171363390516488 19.105572827160358 24.979097725823522 6.4524069912731639 10.094387076795103 21.289494551718235 4.7111653024330762 200.9808237478137 4.2123556546866885 7.9549316912889472 25.038186071906242 17.806251700036228 6.3617712263949215 64.012530139647424 89.199479643255472 76.135381018742919 9.3511028029024583 4.3849614672362787 7.2747496035881341 2.6038792226463547 160.18477052822709 69.486107420176268 10.522057946771382 4.7812420949339867 50.900513108819723 206.05990725569427 10.583970725536345 49.817251285538077
leaf_count=692 217 40 59 77 117 54 65 60 57 570 22 50 265 150 166 512 222 224 108 31 51 29 457 208 47 35 146 632 24 256
internal_value=-1.77514e-10 0.000827168 0.00119455 -0.000105331 0.00187133 0.0223363 0.0305592 0.0233873 -0.0156409 0.000575982 0.0128633 -0.00115744 -0.013891 -0.00494306 -0.0346088 -0.0160893 -0.00413582 -0.00746784 0.0119974 0.0170801 0.027063 -0.0230742 0.00305076 0.0102353 0.00154006 0.00426392 0.000350192 0.00134378 0.00570931 -0.00320385
internal_weight=1193.01 1178.62 1172.76 1104.83 980.122 67.9292 37.8363 31.3839 124.705 876.796 103.326 515.631 114.172 22.5174 10.5331 91.6546 173.29 84.0903 30.0929 20.7418 11.6597 27.6421 361.166 84.2205 14.7344 9.08206 342.341 267.544 61.4845 74.7963
internal_count=5643 4951 4734 4290 3052 444 179 125 1238 2698 354 1671 1013 207 225 806 496 274 265 157 82 294 1027 277 69 75 1175 802 170 373
is_linear=0
shrinkage=0.05


Tree=12
num_leaves=31
num_cat=0
split_feature=0 1 0 0 1 2 1 0 1 0 1 0 0 0 2 0 0 0 0 1 1 1 1 1 0 1 1 1 0 0
split_gain=24.1235 12.069 11.302 4.61808 6.2481 2.41631 2.18849 1.81173 1.55682 1.36006 1.02315 0.98283 0.800255 0.796423 0.783853 0.769136 0.720491 0.690698 0.637641 0.615794 0.893651 0.607521 1.1532 0.556257 0.551912 0.540117 0.514859 0.46878 0.452139 0.430117
threshold=0.95062851905822765 0.22978158531311924 0.99485778808593761 0.99045953154563915 0.123658256191998 1.0000000180025095e-35 0.13185699849200513 1.0024572610855105 0.2987527791406055 0.98104506731033336 0.30182711744275975 1.0027383565902712 1.0055145621299746 1.0095460414886477 1.0000000180025095e-35 0.98666656017303478 0.94719016551971447 0.96229165792465221 1.0132124423980715 0.16376319053927579 0.20520955805752381 0.20520955805752381 0.17728340782661026 0.43588762641064932 1.0022736787796023 0.25034834137079881 0.14090327673584016 0.25034834137079881 0.99450019001960765 0.99085003137588512
decision_type=2 2 2 2 2 2 2 2 2 2 2 2 2 2 2 2 2 2 2 2 2 2 2 2 2 2 2 2 2 2
left_child=16 3 9 6 -5 19 -2 24 12 17 -10 -7 27 -12 15 21 -1 -3 25 -6 -21 22 26 -15 -4 -14 -8 -9 29 -11
right_child=1 2 7 4 5 11 14 8 10 28 13 -13 18 23 -16 -17 -18 -19 -20 20 -22 -23 -24 -25 -26 -27 -28 -29 -30 -31
leaf_value=-0.066511719676124778 0.015026875757472191 -0.047046349198593268 -0.0041731187290733425 0.060600104877927045 0.041154622378109351 0.0020610171201728886 -0.019142596932629798 0.0099449208072062752 -0.017406100761995166 -0.01600366528164604 -0.0013328003545262578 0.01446462193512878 -0.0057370594927044979 0.0042600022499188987 -0.011596306580971038 0.026424339603396296 -0.035679699621293484 -0.023265326488034047 0.012270731112970735 0.015002613291788506 0.039298094712604995 0.015744415203914161 -0.036837916577762607 0.00033160980794193852 -0.021897472717508137 0.0048209175805886267 0.011297462504697197 0.025010843199995698 -0.032914863191707382 -0.0080588363472813007
leaf_weight=13.226018392830154 19.066097924485803 3.4472301066853133 135.06109283585101 8.1828441917896253 7.6240905225276974 20.998544009402394 1.9814031906425933 14.548517450690271 7.8824445381760588 39.053216662025079 270.11614668229595 66.699899982661009 15.694646771997212 176.80974757298827 22.824703470803797 2.8521581813693038 2.21165508031845 26.71791518246755 21.535364169627428 10.293827313929798 5.9858463369309893 3.4070504298433653 2.6476971972733736 183.77523496374488 4.5396941155195227 53.086653411388397 4.6470347526483238 8.0036135017871839 2.8336780015379182 30.216512139886618
leaf_count=692 159 103 598 71 46 82 15 37 23 368 867 189 44 513 266 24 46 314 78 44 27 29 40 524 20 109 58 30 19 208
internal_value=1.17191e-11 0.00081894 -0.0013255 0.0128392 0.0184279 0.0153357 0.00118178 0.000481346 0.0014531 -0.0170683 0.000496314 0.0114947 0.00686639 0.000720057 -0.00569965 0.00296377 -0.0620946 -0.025983 0.00476258 0.0294277 0.0239358 -0.00231197 -0.00894394 0.00225786 -0.0047495 0.00241178 0.00219818 0.0152917 -0.0133388 -0.012538
internal_weight=1185.97 1170.53 993.322 177.211 119.785 111.602 57.4261 891.053 751.452 102.269 638.584 87.6984 112.869 630.701 38.36 15.5353 15.4377 30.1651 90.3167 23.9038 16.2797 12.6832 9.27614 360.585 139.601 68.7813 6.62844 22.5521 72.1034 69.2697
internal_count=5643 4905 3855 1050 459 388 591 2843 2225 1012 1927 271 298 1904 432 166 738 417 231 117 71 142 113 1037 618 153 73 67 595 576
is_linear=0
shrinkage=0.05


Tree=13
num_leaves=31
num_cat=0
split_feature=0 1 0 0 1 1 0 2 0 1 1 1 0 1 2 1 1 0 1 0 0 0 0 0 1 0 0 1 1 1
split_gain=21.2746 11.0226 10.7393 4.26014 3.65309 2.17987 1.96472 1.64335 1.44035 1.0981 1.15197 1.02397 0.858009 0.730778 0.682664 0.667863 0.648924 0.597098 1.14367 0.77655 0.612635 0.549647 0.515226 0.803327 0.750434 0.776639 0.766407 0.708527 0.847366 0.473172
threshold=0.94719016551971447 0.23076923076923078 0.99274280667305004 1.0005258917808535 0.123658256191998 0.11694122961943475 1.0024572610855105 1.0000000180025095e-35 0.96229165792465221 0.43588762641064932 0.43133743780922223 0.11095329689668314 1.0116969943046572 0.1724258300453185 1.0000000180025095e-35 0.27580209932826344 0.2987527791406055 0.98026236891746532 0.18098615146014072 0.98548462986946117 0.9712696671485902 0.96710854768753063 1.0095460414886477 1.0062195062637331 0.37329474167124971 1.0055995583534243 1.003109395503998 0.33766815528947886 0.38812511479981204 0.20221332068357303
decision_type=2 2 2 2 2 2 2 2 2 2 2 2 2 2 2 2 2 2 2 2 2 2 2 2 2 2 2 2 2 2
left_child=-1 3 8 5 12 11 15 13 -3 10 16 -2 -5 -6 29 -4 -8 20 -19 -20 21 -16 23 24 -18 26 -26 -25 -29 -7
right_child=1 2 6 4 7 14 9 -9 -10 -11 -12 -13 -14 -15 17 -17 22 18 19 -21 -22 -23 -24 27 25 -27 -28 28 -30 -31
leaf_value=-0.065388867720070062 0.013029377981310484 -0.048492916515266507 0.0026140592444447858 0.069227152219829988 0.043520468421645815 0.0024135684183566944 0.0058088006323822805 0.012993941859246995 -0.017276486365329521 -0.0009925864987506256 0.020305031310243141 0.04406885358217872 0.031678216347504819 0.022596626474173796 -0.015839095183961052 -0.0063970083782201904 -0.0028138339358390572 0.020901378083140586 0.014501125762902346 -0.010343736226605406 -0.02643549784078271 0.008930289051494093 0.0030464473958645949 0.0028780871760933652 0.018568529632859532 0.020583911920562758 -0.00049643004358906613 -0.0200746068027437 -0.0031934556520759622 0.020074512467727224
leaf_weight=12.309319996129487 10.048766713589428 3.8794082221575072 24.435107091441751 4.0120092928409568 6.1536231599748161 19.438060984946791 109.31606826931238 78.976777266710997 77.829008426284418 319.02277834992856 9.2799779549241048 3.6121687255799761 2.4506900049746037 12.96462921053171 5.1465558104682696 129.74142592446879 44.165318081155419 5.1317422110587385 3.8995023055467781 16.257370700594038 5.3025971511378875 3.9654199862852693 181.72215356305242 13.529064247384666 6.5472763180732718 7.9651326499879351 27.051287810783833 13.689909938722851 16.266643339768052 4.711876878514885
leaf_count=692 102 126 101 36 39 198 290 213 754 910 35 28 16 44 81 644 143 35 34 111 77 50 518 59 14 21 90 62 75 45
internal_value=-4.33735e-11 0.000689999 -0.00140023 0.0119916 0.0185769 0.00310887 0.000170912 0.016178 -0.0187586 0.00122953 0.00287994 0.0212367 0.0549884 0.0293314 -0.00076945 -0.00496886 0.00249516 -0.00480152 -0.000172184 -0.00553731 -0.0129231 -0.00505976 0.00133018 -0.0010835 0.00172432 0.00654653 0.00321872 -0.00661894 -0.010908 0.00585938
internal_weight=1178.82 1166.51 984.441 182.072 104.558 77.5141 902.732 98.095 81.7084 748.556 429.533 13.6609 6.4627 19.1183 63.8531 154.177 420.253 39.7032 25.2886 20.1569 14.4146 9.11198 310.937 129.215 85.729 41.5637 33.5986 43.4856 29.9566 24.1499
internal_count=5643 4951 3842 1109 348 761 2962 296 880 2217 1307 130 52 83 631 745 1272 388 180 145 208 131 982 464 268 125 104 196 137 243
is_linear=0
shrinkage=0.05


Tree=14
num_leaves=31
num_cat=0
split_feature=0 3 1 0 0 2 1 1 1 0 0 0 0 1 0 2 1 1 1 0 1 0 0 0 1 1 1 1 1 1
split_gain=18.995 10.5086 9.18766 9.56417 3.12538 3.35405 1.80181 1.58127 1.56685 1.52787 1.16192 1.04538 1.01937 0.724895 0.561199 0.527505 0.527429 0.688392 0.634718 0.84831 0.661276 0.506781 0.471037 1.29506 0.457749 1.148 0.758495 0.471382 0.444983 0.53016
threshold=0.94719016551971447 1.0000000180025095e-35 0.21428571428571427 0.99274280667305004 0.99963870644569408 1.0000000180025095e-35 0.14489054663328263 0.2987527791406055 0.13529179330039051 1.0095460414886477 0.96325367689132702 1.0141519308090212 0.98104506731033336 0.20221332068357303 0.99045953154563915 1.0000000180025095e-35 0.1724258300453185 0.17908860519030648 0.15395416993248265 0.98974657058715831 0.16649728177469464 0.98631688952445995 1.0033796429634096 1.0055145621299746 0.40892034099132524 0.49711759343770373 0.40675178096657799 0.35372917154755718 0.31078102510636002 0.30182711744275975
decision_type=2 2 2 2 2 2 2 2 2 2 2 2 2 2 2 2 2 2 2 2 2 2 2 2 2 2 2 2 2 2
left_child=-1 -2 4 12 6 8 14 11 -6 28 15 22 24 16 21 -8 18 -18 -12 20 -20 -3 -5 -24 26 -26 27 -4 29 -9
right_child=1 2 3 7 5 -7 10 9 -10 -11 13 -13 -14 -15 -16 -17 17 -19 19 -21 -22 -23 23 -25 25 -27 -28 -29 -30 -31
leaf_value=-0.064353828238670516 -0.070864966777236735 0.014755464889878859 -0.020778805162188968 0.00016542235030163904 0.061059499510553783 0.014101109386276007 -0.062714478652890801 -0.029875137301072791 0.028706602346397297 0.0021078736614300992 -0.018400243723281917 0.019065400361523471 -0.012247841436548954 0.023448369651475759 0.038183573564516737 -0.011956514805013727 -0.028934303257082589 -0.0034457815123783708 0.020513696086582215 0.043826316816589057 -0.017287364296764713 -0.0086749975969333815 0.01902443399016792 0.0036237927512972681 -0.058265302815892622 -0.01646090885134097 0.0047355096824478271 -0.04308592881219192 -0.0021098823138917333 -0.0053249979299525079
leaf_weight=11.355373158192377 5.1170081393793216 20.924212634097792 21.490733257262043 53.343366332352161 5.5098269358277348 61.653319489210844 1.1136342370882633 3.1018378492444736 11.665923207998274 366.84636022336781 1.8195697143673912 12.416962180286644 54.30565009242855 2.8431043252348891 2.2739571649581185 0.947268963791429 3.0913105029612806 18.515224728733301 2.6033515725284815 1.8340311907231805 2.0823725312948227 2.5938920620828858 16.027146393433213 92.058292087167501 2.9617201020009807 3.6862112637609243 2.6937112361192694 2.6615346618928006 376.5789543678984 7.5558109134435654
leaf_count=692 217 183 342 200 52 173 22 22 51 1054 25 45 441 27 24 25 42 138 32 17 28 20 51 238 61 12 7 57 1296 49
internal_value=1.46971e-11 0.000629795 0.000946485 -0.000705847 0.01298 0.0195448 0.00444628 0.000786582 0.0390851 -0.000204452 -0.0029682 0.00508535 -0.0164789 -0.000679321 0.0144646 -0.0393842 -0.00297004 -0.0070925 0.00771093 0.0149982 0.00371461 0.0121712 0.00401001 0.00590743 -0.023339 -0.0350852 -0.0204303 -0.023237 -0.00239502 -0.0124702
internal_weight=1171.67 1160.32 1155.2 1015.73 139.471 78.8291 60.6419 927.929 17.1758 754.083 34.8499 173.846 87.7996 32.789 25.7921 2.0609 29.9459 21.6065 8.33933 6.51976 4.68572 23.5181 161.429 108.085 33.4939 6.64793 26.846 24.1523 387.237 10.6576
internal_count=5643 4951 4734 3875 859 276 583 2955 103 2421 356 534 920 309 227 47 282 180 102 77 60 203 489 289 479 73 406 399 1367 71
is_linear=0
shrinkage=0.05


Tree=15
num_leaves=31
num_cat=0
split_feature=0 1 0 0 1 2 1 0 0 1 0 0 1 1 2 0 0 1 0 1 0 0 1 0 0 0 0 1 1 2
split_gain=18.0979 8.24002 7.70307 3.4218 2.76959 2.60573 1.68804 1.41421 1.08216 0.962319 0.881382 0.740982 0.640342 0.625698 0.614777 0.586777 0.606403 0.579036 0.989649 0.4618 0.439416 0.859577 0.829163 0.437202 0.822981 0.436649 0.433724 0.45771 0.535684 0.43115
threshold=0.95062851905822765 0.23076923076923078 0.99400904774665844 1.0005258917808535 0.14489054663328263 1.0000000180025095e-35 0.1724258300453185 1.0107315182685854 0.97897297143936168 0.2987527791406055 0.9920942783355714 1.0112305879592898 0.34207262305735225 0.33344261690064286 1.0000000180025095e-35 1.0051046609878542 1.0059687495231631 0.094540068338733088 0.94719016551971447 0.123658256191998 0.99085003137588512 0.98247635364532482 0.3074454415397358 0.99184620380401622 0.9982123374938966 0.96229165792465221 0.9712696671485902 0.18878202499452915 0.17728340782661026 1.0000000180025095e-35
decision_type=2 2 2 2 2 2 2 2 2 2 2 2 2 2 2 2 2 2 2 2 2 2 2 2 2 2 2 2 2 2
left_child=17 3 8 4 10 6 19 9 25 29 -2 -9 13 20 26 -11 -17 18 -1 -5 21 -10 -23 -16 -25 -3 -6 28 -28 -4
right_child=1 2 7 5 14 -7 -8 11 12 15 -12 -13 -14 -15 23 16 -18 -19 -20 -21 -22 22 -24 24 -26 -27 27 -29 -30 -31
leaf_value=-0.061469964514367752 0.013123898375138677 -0.042949417102133527 0.013510759650133859 0.065927402250587325 -0.014793159499749839 0.012453419518249584 0.020488210031475357 0.01116678256236666 -0.0018212860471396868 -0.0043130451880507197 0.046830918941169065 0.0020596327463639924 -0.016752707391313629 0.016321800298351671 -0.012652551293030648 0.0037691973213039329 -0.0021735424285828342 -0.06416781854644156 0.022868972655649817 0.041186304595377692 -0.0016160752274003891 -0.017548356326286329 -0.056812917217773422 0.0093514147343449899 -0.016527273944524207 -0.022252945562622306 0.0081611180370918298 0.021117282179765599 -0.022609293857936606 0.0020448543208208352
leaf_weight=0.96672556025441625 22.506141550838951 2.9765347994398352 9.0500604547560197 2.7943710498511809 2.5243383301421991 80.969569850713015 12.593364598229526 23.915151029825211 7.8381957076490023 208.47514848457649 2.122259233146905 337.99559842050076 35.801968222251162 2.636199675500392 21.167354241246358 58.109259188175201 164.29645894747227 10.86794471243047 0.54331254586577415 5.802399817854166 11.713122216984628 8.0575865968130511 1.6138565400615323 7.7158638574182969 5.1046549081802368 17.720827341545373 5.8652075268328172 4.2830988056957722 1.8639295529574154 87.166374240070581
leaf_count=112 209 103 30 32 48 233 44 51 57 854 22 996 297 13 270 153 542 621 5 39 72 123 29 42 23 246 63 39 22 253
internal_value=-6.85748e-11 0.000645776 -0.00114466 0.0106274 0.00237245 0.0165385 0.032148 0.00025475 -0.0152246 -0.00139771 0.0160285 0.00266144 -0.0121642 -0.00700784 -0.00455861 -0.00240726 -0.000620848 -0.0601368 -0.0311248 0.0492284 -0.00911242 -0.0141271 -0.0241004 -0.0082392 -0.000952519 -0.0252294 0.00404696 0.00800616 0.000740642 0.00312333
internal_weight=1165.06 1152.68 977.366 175.313 73.1528 102.16 21.1901 889.008 88.3583 527.097 24.6284 361.911 67.6609 31.859 48.5244 430.881 222.406 12.378 1.51004 8.59677 29.2228 17.5096 9.67144 33.9879 12.8205 20.6974 14.5366 12.0122 7.72914 96.2164
internal_count=5643 4905 3819 1086 738 348 115 2879 940 1832 231 1047 591 294 507 1549 695 738 117 71 281 209 152 335 65 349 172 124 85 283
is_linear=0
shrinkage=0.05


Tree=16
num_leaves=31
num_cat=0
split_feature=0 1 0 0 1 0 1 1 2 1 1 1 1 0 0 2 1 0 0 0 0 1 1 0 0 1 1 1 0 0
split_gain=15.9917 6.81804 7.78028 3.677 3.91144 1.62238 1.56141 1.15253 1.08599 0.900727 0.804348 0.767966 0.698636 0.690115 0.665812 0.617984 0.497629 0.492466 0.716991 0.481119 0.449893 0.396755 0.477435 0.374847 0.425895 0.498813 0.486702 0.371223 0.346445 0.476378
threshold=0.95062851905822765 0.24281227281611953 0.99274280667305004 0.99615857005119335 0.14090327673584016 1.0051046609878542 0.13023812480644378 0.11095329689668314 1.0000000180025095e-35 0.38221981299615038 0.44243017579259619 0.37811809241419064 0.21940483245837442 0.97897297143936168 1.0037227272987368 1.0000000180025095e-35 0.22225481556685844 0.98160871863365184 0.97747084498405468 0.94719016551971447 1.0089096426963808 0.28737043209146557 0.3074454415397358 1.0013873577117922 0.99667009711265575 0.33766815528947886 0.27580209932826344 0.52985369301731 1.0107315182685854 1.0115702152252199
decision_type=2 2 2 2 2 2 2 2 2 2 2 2 2 2 2 2 2 2 2 2 2 2 2 2 2 2 2 2 2 2
left_child=19 3 13 6 7 10 17 -5 20 11 23 15 -8 -3 -9 -7 -14 18 -2 -1 -6 -15 -23 24 -4 26 -26 -12 -11 -30
right_child=1 2 5 4 8 9 12 14 -10 28 27 -13 16 21 -16 -17 -18 -19 -20 -21 -22 22 -24 -25 25 -27 -28 -29 29 -31
leaf_value=-0.062662397988219265 0.01312320142432916 -0.024675728611433207 0.00085276722843280169 0.065678703459228618 0.031136420843014961 0.014019042990827993 -0.0019550274839902721 0.014745207407364439 0.0091555911179160131 -0.0016973211903536678 -0.010310130013537828 0.019375833295957323 -0.032882528884051895 -0.024654972864238216 0.043898066182552292 0.0028085605334913747 -0.008888409610090393 0.025120698145874223 -0.018955327461187554 -0.03635363611764654 0.015876340343985825 0.00083000519738575399 -0.013995067749592789 0.0011885992985346241 -0.0027666658387302564 -0.0029047317586846314 -0.021055986381361382 -0.0039418658448805979 0.0076187860743255932 0.00048764214539608871
leaf_weight=9.6716109627741371 8.783151921816172 19.347113145980984 30.964965027291328 3.5455238968133918 8.0156726893037575 13.016019158065317 38.80966006917879 3.4213776737451536 94.077684383839369 162.94042079430073 42.970067026093602 7.8030468747019759 3.2594300173223001 7.232944994699209 4.5806793011724949 221.40015104971826 6.4116130250040442 5.4792674761265507 2.172831166535615 2.1183956004679194 12.152229901403187 6.2227853639051309 42.668515733443201 86.301741035655141 5.8920800965279332 28.728791447356343 9.5064801573753339 48.955927737057209 26.562980726361275 197.88105786778033
leaf_count=692 91 318 192 41 44 40 433 15 297 489 196 28 36 124 35 635 102 48 25 46 42 41 325 286 37 145 69 139 61 571
internal_value=-8.14342e-12 0.000594426 -0.00112361 0.00922832 0.0142158 0.000193504 -0.000436286 0.0419479 0.0114127 0.00155302 -0.00318546 0.00394468 -0.00495128 -0.0165323 0.0314334 0.00343103 -0.0169751 0.012882 0.00676127 -0.0579353 0.0219414 -0.0137251 -0.0121082 -0.00105912 -0.00364236 -0.00679667 -0.0140578 -0.00691866 5.75929e-05 0.00133161
internal_weight=1160.89 1149.1 958.395 190.709 125.793 882.924 64.916 11.5476 114.246 629.604 253.32 242.219 48.4807 75.4714 8.00206 234.416 9.67104 16.4353 10.956 11.79 20.1679 56.1242 48.8913 161.394 75.0923 44.1274 15.3986 91.926 387.384 224.444
internal_count=5643 4905 3696 1209 474 2888 735 91 383 1824 1064 703 571 808 50 675 138 164 116 738 86 490 366 729 443 251 106 335 1121 632
is_linear=0
shrinkage=0.05


Tree=17
num_leaves=31
num_cat=0
split_feature=0 3 1 0 0 2 0 1 1 1 1 0 0 0 1 1 0 1 1 1 0 2 0 1 1 1 1 1 0 0
split_gain=13.815 8.9346 6.02793 7.48429 2.09404 2.74715 1.69242 1.85668 1.30049 1.28286 0.900304 0.760249 0.707367 0.639776 0.564723 0.537907 0.507378 0.434946 1.07645 0.451045 0.425675 0.39623 0.372897 0.367902 0.363445 0.956159 0.567116 0.435202 0.358359 0.35452
threshold=0.94719016551971447 1.0000000180025095e-35 0.21428571428571427 0.99274280667305004 0.99963870644569408 1.0000000180025095e-35 1.0024572610855105 0.28561841023963047 0.1724258300453185 0.13529179330039051 0.17908860519030648 0.99274280667305004 0.98104506731033336 0.96535012125968944 0.20221332068357303 0.23423485585331394 1.0210939049720766 0.11694122961943475 0.10320692799011727 0.099837975717725846 1.0112305879592898 1.0000000180025095e-35 1.0095460414886477 0.59802224975885498 0.40892034099132524 0.49711759343770373 0.40675178096657799 0.21940483245837442 0.96626251935958873 0.96402010321617138
decision_type=2 2 2 2 2 2 2 2 2 2 2 2 2 2 2 2 2 2 2 2 2 2 2 2 2 2 2 2 2 2
left_child=-1 -2 4 12 8 9 -5 15 11 -6 -10 17 24 -12 -15 20 22 18 19 -3 -8 -17 -9 -24 26 -26 27 -4 -29 -19
right_child=1 2 3 6 5 -7 7 16 10 -11 13 -13 -14 14 -16 21 -18 29 -20 -21 -22 -23 23 -25 25 -27 -28 28 -30 -31
leaf_value=-0.061864015616353213 -0.069156411975295026 0.012984397875240569 0.0090373519982024624 -0.0039084649018033572 0.057471079600832004 0.011351799531249455 0.0086704256055442266 -0.00085289868566165185 -0.033907593101668056 0.025795844742400698 -0.029146161920640568 0.036086220833227843 -0.011242273008317205 -0.0025360153240164465 0.022966409682720935 0.014128592675093258 0.0092354358671013406 -0.015127592569022963 0.038957283258282349 -0.013933811485551468 0.022553883141033019 0.0045575896158136344 0.0021634126838906845 -0.0027651315866305381 -0.054660292571719532 -0.014994303343099905 0.0036032732057835453 -0.034971181460852062 -0.018981830420520887 0.0057394809584972962
leaf_weight=8.9544631864409876 4.5874242092249906 5.3344667274504918 1.1750985840335584 161.4061731970869 4.4709687158465377 60.713415136560798 12.599348904564978 280.89445179700851 2.4691192340105799 11.214010484516619 1.9789000162854815 2.5776431132107964 52.342780120903626 17.235533603001389 2.4835597649216643 12.777340218424795 17.117922458797693 2.3233878030441728 3.4200404724106193 2.1971835941076279 9.8274941071867925 70.361963514238596 317.94131905026734 42.983806692063808 2.6013707502279422 3.6522991806268692 2.7046914137899867 4.3874532831832793 17.408234593924135 16.42337397672236
leaf_count=692 217 59 19 727 52 173 46 841 43 51 31 29 441 134 27 33 68 46 32 21 33 203 908 96 61 12 7 140 240 161
internal_value=-3.88696e-11 0.000482706 0.000762197 -0.000554525 0.0107751 0.0161709 0.000743858 0.00172608 0.00347157 0.0348248 -0.00529937 0.0100389 -0.0148201 -0.0020439 0.000675937 0.00788223 0.000739826 0.00777817 0.0156949 0.00513164 0.0147542 0.00602852 0.000513241 0.00157646 -0.0206853 -0.0314944 -0.0180526 -0.0206025 -0.0222005 0.00315331
internal_weight=1156.57 1147.61 1143.02 1010.18 132.842 76.3984 925.91 764.504 56.4432 15.685 24.1671 32.2761 84.2719 21.698 19.7191 105.566 658.937 29.6985 10.9517 7.53165 22.4268 83.1393 641.82 360.925 31.9291 6.25367 25.6755 22.9708 21.7957 18.7468
internal_count=5643 4951 4734 3875 859 276 2955 2228 583 103 235 348 920 192 161 315 1913 319 112 80 79 236 1845 1004 479 73 406 399 380 207
is_linear=0
shrinkage=0.05


Tree=18
num_leaves=31
num_cat=0
split_feature=0 0 1 1 2 0 1 0 1 0 0 1 0 1 0 1 1 0 1 1 1 0 0 1 1 1 1 0 0 0
split_gain=12.5255 6.27065 6.80404 3.34468 2.44029 1.9446 1.35074 1.07205 0.899969 0.754879 0.743286 0.506183 0.499393 0.471124 0.425392 0.362378 0.370282 0.349006 0.33939 0.323443 0.351204 0.322171 0.31834 0.309918 0.356889 0.300761 0.389752 0.502172 0.385724 0.55122
threshold=0.94719016551971447 1.0005258917808535 0.22978158531311924 0.18098615146014072 1.0000000180025095e-35 0.99085003137588512 0.1724258300453185 0.99274280667305004 0.34679022002584597 1.0110405087471011 0.96325367689132702 0.13023812480644378 1.0115702152252199 0.37329474167124971 1.0174878835678103 0.57368602263274837 0.60847194447608743 1.0210939049720766 0.123658256191998 0.33344261690064286 0.28561841023963047 0.98160871863365184 1.0073578357696535 0.24848918040054449 0.18184550358458454 0.39969064103321145 0.42271140791017331 0.98666656017303478 0.97747084498405468 0.98509007692337047
decision_type=2 2 2 2 2 2 2 2 2 2 2 2 2 2 2 2 2 2 2 2 2 2 2 2 2 2 2 2 2 2
left_child=-1 3 4 7 6 10 18 11 14 15 13 21 -11 -5 19 -10 -17 -14 -3 20 -4 -2 -21 24 -12 28 -27 -28 -25 -30
right_child=1 2 8 5 -6 -7 -8 -9 9 12 23 -13 17 -15 -16 16 -18 -19 -20 22 -22 -23 -24 25 -26 26 27 -29 29 -31
leaf_value=-0.061135096052692794 0.0064034155060484783 0.06328311513937844 0.0047703569389875491 -0.025785346050806957 0.010970096489205805 -0.0049829181924882469 0.019770707712121447 0.03245445410426525 -0.0011491892685874937 0.010687147357517354 -0.030736368613239293 -0.0016047247889364351 0.00082159543749807428 -0.064491042928914458 0.012406125755747526 -0.015421707590445616 -0.0037861696306240112 0.0091193248494768672 0.040236102619420365 0.0035716057518108608 0.00053069535942414483 0.022133588013953941 0.017485205159056688 -0.027717986570908071 -0.0070530106853870806 -0.0013563558462865264 -0.024296365327085772 -0.0072859379545150765 -0.0087271625602184395 -0.023983212640397603
leaf_weight=8.3178175908687972 10.977818702347578 2.2172754239290979 89.530187003314495 4.3063678920734665 77.658212369307876 130.26587958191521 11.320375734940169 3.9009065758436909 267.69082032795995 14.973498433828352 1.7118117492646003 15.918885335326193 229.84789771772921 0.96177085093222547 12.803135134279726 8.529372997581957 34.471391908824444 13.411716341972349 5.7136371321976185 9.319062730297448 107.49575514346361 4.6270342636853448 7.3561897687613955 8.5869787449482811 22.481793995946646 7.0369206834584501 8.2036617565900105 9.209307106677441 13.58714711549692 10.493494653608648
leaf_count=692 127 32 252 141 225 720 41 46 858 38 21 215 647 36 51 41 80 55 39 44 316 40 25 155 267 18 69 37 140 175
internal_value=1.38751e-10 0.000444266 0.002412 -0.00651607 0.0149205 -0.00884304 0.0308562 0.00772809 0.000888045 -0.000173147 -0.0146509 0.00466832 0.0018246 -0.0328516 0.0035535 -0.00183359 -0.00609412 0.00127908 0.0466794 0.00302313 0.00245723 0.0110676 0.00970951 -0.0134717 -0.00872872 -0.0154807 -0.0112868 -0.0153 -0.0186196 -0.0153752
internal_weight=1152.93 1144.61 892.339 252.27 96.9095 216.845 19.2513 35.4246 795.429 568.925 86.5793 31.5237 258.233 5.26814 226.504 310.692 43.0008 243.26 7.93091 213.701 197.026 15.6049 16.6753 81.3111 24.1936 57.1175 24.4499 17.413 32.6676 24.0806
internal_count=5643 4951 2744 2207 337 1779 112 428 2407 1719 1059 382 740 177 688 979 121 702 71 637 568 167 69 882 288 594 124 106 470 315
is_linear=0
shrinkage=0.05


Tree=19
num_leaves=31
num_cat=0
split_feature=0 0 1 1 1 0 0 1 0 1 0 2 1 2 0 0 1 2 0 1 0 0 0 1 1 0 0 0 0 0
split_gain=11.3897 5.75923 6.08168 2.79496 2.37995 1.79642 1.40694 1.06744 0.644626 0.606678 0.502959 0.49361 0.462583 0.454197 0.451481 0.542944 0.449351 0.487011 0.406663 0.390847 0.358746 0.346023 0.334652 0.527624 0.406199 0.553768 0.333391 0.300741 0.379699 0.378364
threshold=0.94719016551971447 1.0005258917808535 0.23423485585331394 0.18098615146014072 0.13529179330039051 0.98753023147583019 1.003109395503998 0.38306771651262245 0.95644930005073558 0.37811809241419064 1.0024572610855105 1.0000000180025095e-35 0.21940483245837442 1.0000000180025095e-35 0.99085003137588512 0.99732896685600292 0.18878202499452915 1.0000000180025095e-35 0.96626251935958873 0.2935602152507647 1.0089096426963808 0.98818886280059826 0.98104506731033336 0.14489054663328263 0.16674270821870482 0.97567933797836315 0.99400904774665844 1.0110405087471011 1.0029386878013613 1.0115702152252199
decision_type=2 2 2 2 2 2 2 2 2 2 2 2 2 2 2 2 2 2 2 2 2 2 2 2 2 2 2 2 2 2
left_child=-1 3 4 14 6 8 -3 9 -5 13 -9 20 16 -4 21 -16 -10 -18 -14 -7 -6 22 23 -2 -25 -26 -21 28 -12 -29
right_child=1 2 7 5 11 19 -8 10 12 -11 27 -13 18 -15 15 -17 17 -19 -20 26 -22 -23 -24 24 25 -27 -28 29 -30 -31
leaf_value=-0.060449335937822236 0.0070304463817947556 0.015616057535686607 0.010137252388937281 -0.042856826370244364 0.029447087419189822 -0.0015168033619822638 0.058878751427481536 -0.0074848616888597112 -0.028278067932407776 0.01448608686761638 0.0083872583278530831 0.0099299599822498946 -0.033641690984755571 0.0021495885418222672 0.032924092444599609 -0.0021089411369797947 0.017064075685589385 -0.0077737072502394207 -0.015353157841165095 -0.011878207160703293 0.014142254333266513 -0.015635448658718815 0.013728152015838805 -0.023696156659095653 -0.020244909079120462 0.03692180380666267 -0.0053698359860907896 0.0090230404296835435 -0.0019352983583805197 0.0005087906216940792
leaf_weight=7.7398413362534475 13.71695408085362 3.255784709006547 18.974400009959936 2.0424890371505162 5.7992789689451483 46.060966399731115 4.4449387826025486 25.719231857452542 1.9692777283489693 11.214493565261362 9.2747775018215162 75.734556946903467 3.2443840955384067 286.78268321882933 3.23234371934086 1.6811829432845113 2.5093748271465275 9.2430214094929397 48.157886049360968 26.603762109996751 11.268982775509356 1.9768981747329224 9.3292872789315862 2.9457235354930154 0.88862028531730153 0.809560377150774 75.56759167695418 13.966470509767531 225.58844328066334 198.50565112754703
leaf_count=692 165 19 55 102 30 280 55 105 44 38 29 209 89 865 42 17 33 69 519 252 40 27 71 65 32 9 391 35 693 571
internal_value=1.21556e-10 0.000410228 0.00229271 -0.00629595 0.0138775 -0.00841431 0.0405877 0.000818946 -0.0151977 0.00306421 -0.000685498 0.0116611 -0.0143302 0.00264528 0.00689911 0.0209374 -0.00617416 -0.00247034 -0.0165075 -0.00534064 0.0193424 0.00457405 0.00601688 0.00209872 -0.0124684 0.00700773 -0.00706451 -0.000294574 -0.00152766 0.00106846
internal_weight=1148.25 1140.51 890.53 249.979 100.504 215.399 7.70072 790.026 67.1664 316.972 473.055 92.8028 65.1239 305.757 34.5806 4.91353 13.7217 11.7524 51.4023 148.232 17.0683 29.667 27.6901 18.3609 4.6439 1.69818 102.171 447.335 234.863 212.472
internal_count=5643 4951 2744 2207 353 1779 74 2391 856 958 1433 279 754 920 428 59 146 102 608 923 70 369 342 271 106 41 643 1328 722 606
is_linear=0
shrinkage=0.05


Tree=20
num_leaves=31
num_cat=0
split_feature=0 1 0 0 2 0 1 1 1 0 0 0 0 1 2 1 2 1 1 1 1 0 1 1 0 1 1 0 0 1
split_gain=10.3903 4.87166 5.87861 2.30392 1.74653 1.22451 1.14576 1.10216 0.773431 0.626767 0.577583 0.438532 0.435343 0.428973 0.676698 0.416267 0.500677 0.41588 0.41475 0.625645 0.631868 0.397446 0.538382 0.429781 0.395787 0.39276 0.37603 0.354315 0.364735 0.363434
threshold=0.95062851905822765 0.22978158531311924 0.99274280667305004 1.0005258917808535 1.0000000180025095e-35 1.0107315182685854 0.13023812480644378 0.1724258300453185 0.36720047505983139 1.0013873577117922 0.96626251935958873 1.0112305879592898 1.0210939049720766 0.094540068338733088 1.0000000180025095e-35 0.10320692799011727 1.0000000180025095e-35 0.26664235018999299 0.22225481556685844 0.21151296732803163 0.20221332068357303 1.0052317976951601 0.37681711969909309 0.44243017579259619 0.9964851737022401 0.21628510638657847 0.123658256191998 1.0059687495231631 1.0105255246162417 0.4120592663836723
decision_type=2 2 2 2 2 2 2 2 2 2 2 2 2 2 2 2 2 2 2 2 2 2 2 2 2 2 2 2 2 2
left_child=13 3 10 6 7 8 15 26 9 24 -3 -7 17 14 -1 -2 -17 -13 19 20 -8 22 -10 -24 -4 -21 -5 -23 29 -29
right_child=1 2 5 4 -6 11 18 -9 21 -11 -12 12 -14 -15 -16 16 -18 -19 -20 25 -22 27 23 -25 -26 -27 -28 28 -30 -31
leaf_value=-0.053743460797351886 0.0043295713394916396 -0.03269195461929475 0.00112951179972795 0.061868536014365538 0.01019268146937654 0.0086399286643718178 -0.002529814791052261 0.017631039215663811 -0.02044072006595668 0.0026472662187187719 -0.013250812379576815 0.0091508623485053644 0.0096870531099737724 -0.059778843511760209 0.028305908660792883 0.03072267603168588 0.0049250808571361382 0.0011238173214606188 0.01526929361484803 -0.030758034999183084 0.028511302954959128 0.0028383354623834319 -0.00092385207331104578 -0.0062558306627965707 -0.0080638334989356578 -0.0079658295779949425 0.035881554937506256 -0.0081820644954371437 -0.014425436163800379 -0.00067050338478577727
leaf_weight=0.76479598809964955 7.075252945534884 4.0354905158746979 21.30699304677546 1.9162714146077657 76.927958324551582 26.506228268146515 35.066724025644362 11.032562222331761 5.1753318929113439 156.38153673429042 71.684321348089725 17.03598877042532 17.310886222869158 7.2868771286593983 0.37427348154596785 4.9787372816354036 3.0226176632568222 305.44407483190298 3.0285448068752876 3.0070947678759676 1.7198294876143325 42.578013401478529 64.495070012751967 91.283189078327268 25.984646825119853 5.0886998912319541 5.0884304158389568 19.051449002698064 6.0322118997573844 104.04764569830149
leaf_count=92 87 140 128 32 225 51 405 41 22 470 737 72 70 621 25 55 29 859 30 31 27 104 282 335 166 49 39 78 25 316
internal_value=-7.19415e-11 0.000410197 -0.000905259 0.00855809 0.013476 0.000217298 0.00114336 0.0274794 -0.00130463 0.00112197 -0.0142869 0.00244572 0.00196253 -0.0553184 -0.0267838 0.0131647 0.0209773 0.00154787 -0.00263953 -0.00384797 -0.00107859 -0.00279032 -0.00457538 -0.00404829 -0.00392182 -0.0164317 0.0429908 -0.00111707 -0.00242127 -0.00183303
internal_weight=1144.73 1136.31 978.353 157.953 94.9652 902.633 62.9875 18.0373 536.336 203.673 75.7198 366.297 339.791 8.42595 1.13907 15.0766 8.00135 322.48 47.9109 44.8823 36.7866 332.663 160.954 155.778 47.2916 8.09579 7.0047 171.709 129.131 123.099
internal_count=5643 4905 3855 1050 337 2978 713 112 1926 764 877 1052 1001 738 117 171 84 931 542 512 432 1162 639 617 294 80 71 523 419 394
is_linear=0
shrinkage=0.05


Tree=21
num_leaves=31
num_cat=0
split_feature=0 0 1 1 1 0 0 1 0 2 0 0 0 1 0 1 1 0 1 1 1 0 0 0 0 0 0 0 0 0
split_gain=9.45705 4.57064 5.01053 2.40693 1.92669 1.62376 1.00865 0.685105 0.719056 0.642879 0.491176 0.485377 0.500924 0.453641 0.426333 0.394577 0.596045 0.527177 0.363465 0.38942 0.344024 0.343313 0.323998 0.301134 0.301052 0.394834 0.292167 0.281062 0.278082 0.923703
threshold=0.94719016551971447 1.0005258917808535 0.22978158531311924 0.16649728177469464 0.13023812480644378 0.99274280667305004 1.0024572610855105 0.2987527791406055 1.0151659846305849 1.0000000180025095e-35 1.0089096426963808 0.98064637184143078 0.98210522532463085 0.27580209932826344 0.98945528268814098 0.21940483245837442 0.20520955805752381 0.96229165792465221 0.43588762641064932 0.43133743780922223 0.25296527239465244 1.0099788904190066 1.0119120478630068 1.005382299423218 1.0132124423980715 1.0092568397521975 1.0026161670684817 1.0210939049720766 1.0092568397521975 1.0075670480728152
decision_type=2 2 2 2 2 2 2 2 2 2 2 2 2 2 2 2 2 2 2 2 2 2 2 2 2 2 2 2 2 2
left_child=-1 3 4 14 6 11 -3 24 18 10 -6 15 20 -7 -2 16 -5 -17 19 -9 -13 -12 -8 -20 25 26 -4 -10 29 -11
right_child=1 2 7 5 9 13 22 8 27 28 21 12 -14 -15 -16 17 -18 -19 23 -21 -22 -23 -24 -25 -26 -27 -28 -29 -30 -31
leaf_value=-0.059331771659744029 0.0060258837221985996 0.010971861082165024 -0.0028348526963178499 -0.013869507847510698 0.034091515880216992 0.0016601396537725512 0.064642538883207298 0.00016535333726248882 0.0024814889223199795 0.01044309728290152 0.0032284753566842518 0.015627658904131574 -0.010992017642981055 -0.0053306703243296838 0.024777811144887755 -0.040175460145489811 0.016989043517747344 -0.017277714804976505 -0.0050931401481565499 0.0093727790407903567 -0.0062846762077003963 0.021531175016638086 0.035241943336756301 -0.001106644054884136 0.0095454041131763402 -0.0019650134212901519 0.0064150439042237944 0.0092720190086823563 0.012416827762364959 -0.0075211242383894624
leaf_weight=6.676912835071561 23.192226163111631 2.0041049961000672 9.9877705574035627 8.3720931694842857 4.5466750320047131 31.856001833453774 2.651420371606946 261.56169521785341 118.43292672932148 30.566183527931571 4.1562785133719427 3.0839783498086026 54.956649708095938 85.460082410369068 3.486780483275651 2.7879161280579892 1.9245511484332372 25.554802714847028 61.476256756577641 12.01104775443673 4.27316923905164 6.6799572668969631 1.4492650236934421 206.47210213262588 21.710723310709 28.079772677272558 58.765296220779419 17.488391313701868 33.481632266193628 9.3430183902382833
leaf_count=692 282 12 23 145 28 162 39 871 344 77 9 22 556 477 44 129 28 332 206 42 30 32 16 555 78 81 139 68 96 28
internal_value=3.10045e-11 0.000348784 0.00201195 -0.00570008 0.0128731 -0.0074329 0.0400437 0.000717349 0.00010373 0.0110046 0.0202984 -0.0120818 -0.00935177 -0.00343239 0.00847664 -0.0164846 -0.00810172 -0.01953 -0.000712385 0.0005696 0.00290056 0.0145111 0.0542518 -0.00202128 0.004224 0.0030309 0.00507131 0.0033552 0.0090566 0.00623755
internal_weight=1142.49 1135.81 890.865 244.948 94.8785 218.269 6.10479 795.986 677.442 88.7737 15.3829 100.953 62.3138 117.316 26.679 38.6394 10.2966 28.3427 541.521 273.573 7.35715 10.8362 4.10069 267.948 118.544 96.8328 68.7531 135.921 73.3908 39.9092
internal_count=5643 4951 2744 2207 337 1881 67 2407 2086 270 69 1242 608 639 326 634 173 461 1674 913 52 41 55 761 321 243 162 412 201 105
is_linear=0
shrinkage=0.05


Tree=22
num_leaves=31
num_cat=0
split_feature=0 0 1 1 0 2 1 1 2 0 0 1 1 0 1 0 1 1 0 0 1 1 1 1 0 1 1 1 0 0
split_gain=8.65074 4.39125 4.78671 2.02387 1.54977 1.19295 1.13423 0.741174 0.512619 0.510404 0.47579 0.454868 0.748362 0.441534 0.424604 0.391619 0.305622 0.352637 0.328814 0.3267 0.296188 0.285845 0.28244 0.260519 0.256093 0.256086 0.299442 0.601432 0.50563 0.387663
threshold=0.94719016551971447 1.0005258917808535 0.23423485585331394 0.18098615146014072 0.98753023147583019 1.0000000180025095e-35 0.1724258300453185 0.43588762641064932 1.0000000180025095e-35 0.95644930005073558 0.99274280667305004 0.11694122961943475 0.11095329689668314 1.005382299423218 0.24281227281611953 0.99732896685600292 0.21940483245837442 0.22225481556685844 0.96626251935958873 0.98586332798004161 0.44243017579259619 0.27580209932826344 0.23095469746876826 0.091383811188149353 0.99400904774665844 0.43133743780922223 0.2987527791406055 0.30182711744275975 1.0095460414886477 1.0062195062637331
decision_type=2 2 2 2 2 2 2 2 2 2 2 2 2 2 2 2 2 2 2 2 2 2 2 2 2 2 2 2 2 2
left_child=-1 3 5 10 9 6 -3 25 14 -5 11 12 23 -9 -6 -12 19 -18 -19 -11 -15 -10 -20 -2 -23 26 -4 -28 29 -29
right_child=1 2 7 4 8 -7 -8 13 21 16 15 -13 -14 20 -16 -17 17 18 22 -21 -22 24 -24 -25 -26 -27 27 28 -30 -31
leaf_value=-0.058776267977845277 0.014719594523376412 0.040628574919255825 0.0040253345197589661 -0.040072166005720763 0.024721177725546599 0.0096728472890059876 0.014870757699068038 -0.0049310771473429146 -0.0010318355048653143 -0.0029152267395517375 0.038264587689612682 -0.00051816596513600791 0.036770767614882731 -0.0093168417712244361 -0.0049254611519098344 0.0048380391629463749 -0.03865325009831011 -0.03038439670475071 0.0043723255175884919 -0.026076893634523791 4.2494678817593156e-05 -0.010314038258884054 -0.013946454063510859 -0.0044921396862551725 -0.0048586366971990116 0.0091877971437291216 -0.013071148636218397 0.0008208190723080418 0.0031651194941164878 -0.0049287530539332183
leaf_weight=6.225940323478425 3.3602679893374461 6.469513256102803 112.42969788052142 1.8022566754370917 2.6839262945577493 78.770140800625086 12.593233110383151 61.399624101817608 33.085026046261191 10.909072303213177 1.9616594463586801 19.167892543133348 2.4342187494039536 8.7250084057450277 2.1958484891802073 1.583598408848047 1.5072564650326956 2.9142526106443247 2.21054469840601 1.7694149240851391 271.26260261936113 29.524989866069518 43.709666796261445 3.7160096745938063 79.266381871886551 12.062778871506451 7.3890725746750823 100.55239230510779 174.12261100299656 41.382876405492425
leaf_count=692 47 71 305 102 24 235 47 206 206 123 29 265 26 23 22 17 26 87 28 23 744 269 467 44 402 42 23 354 501 193
internal_value=9.4921e-11 0.000323563 0.00195683 -0.00561966 -0.0073975 0.012389 0.0236124 0.000663823 -0.00455349 -0.0138363 0.00605358 0.00391741 0.0128571 -0.00109122 0.0113805 0.0233336 -0.013086 -0.0148334 -0.0140982 -0.00614768 -0.000249162 -0.00510153 -0.0130646 0.00463082 -0.00633918 0.00200139 0.00180251 0.00102986 0.00135952 -0.000855535
internal_weight=1137.19 1130.96 887.16 243.802 211.579 97.8329 19.0627 789.327 146.756 64.8225 32.2236 28.6784 9.5105 341.387 4.87977 3.54526 63.0202 50.3417 48.8345 12.6785 279.988 141.876 45.9202 7.07628 108.791 447.939 435.877 323.447 316.058 141.935
internal_count=5643 4951 2744 2207 1779 353 118 2391 923 856 428 382 117 973 46 46 754 608 582 146 767 877 495 91 671 1418 1376 1071 1048 547
is_linear=0
shrinkage=0.05


Tree=23
num_leaves=31
num_cat=0
split_feature=3 0 1 0 0 1 0 1 1 0 0 2 1 0 0 0 2 1 1 0 0 1 1 0 1 0 0 0 0 1
split_gain=8.17099 7.29455 3.88774 4.24893 1.57946 2.15028 1.08655 1.03388 0.87882 0.629037 0.543953 0.541522 0.513872 0.700204 0.686845 0.407571 0.38258 0.370049 0.405979 0.362226 0.293685 0.276731 0.271328 0.280507 0.319566 0.257006 0.255755 1.07692 0.706124 0.487129
threshold=1.0000000180025095e-35 0.94719016551971447 0.23858946296751277 0.99274280667305004 0.99615857005119335 0.14090327673584016 1.0024572610855105 0.11095329689668314 0.15188470699328599 0.98064637184143078 0.96229165792465221 1.0000000180025095e-35 0.43794566668634954 1.0029386878013613 1.0221634507179262 1.0089096426963808 1.0000000180025095e-35 0.15395416993248265 0.16674270821870482 1.0037227272987368 1.015449643135071 0.37329474167124971 0.2686456481835357 1.0126190185546877 0.25034834137079881 0.97897297143936168 1.0073578357696535 1.0065127611160281 1.0078768134117129 0.35790603209667166
decision_type=2 2 2 2 2 2 2 2 2 2 2 2 2 2 2 2 2 2 2 2 2 2 2 2 2 2 2 2 2 2
left_child=-1 -2 4 10 8 7 -5 -6 -3 25 21 15 13 -8 22 -7 -11 -13 -19 -9 -14 -4 23 24 -15 -10 27 -24 -28 -29
right_child=1 2 3 6 5 11 12 19 9 16 -12 17 20 14 -16 -17 -18 18 -20 -21 -22 -23 26 -25 -26 -27 28 29 -30 -31
leaf_value=-0.066783414018056 -0.058227128433038261 0.0085937176147900165 -0.024609725882765988 -0.0036412419597262689 0.062035420131367619 0.026505100565814017 0.016349412982577395 0.011289713225952496 -0.010015776926519853 0.012133662553065902 -0.01156711826609098 -0.0018458922558834618 -0.0012688059501992323 -0.0015773583818567073 0.017930591866662637 0.0109668666891958 -0.0030945960067596161 0.019420187772494817 0.0071671766596939669 0.034380480865860812 0.0024364944140985775 -0.061882973695645473 0.00073127349767893729 0.011450045351158475 0.0081586351608915995 -0.031071151159970303 0.015982937052897377 -0.029291079069786171 0.0015538126036100848 -0.0069944055381739104
leaf_weight=4.5617038586642584 5.3043242035928406 20.982660769019276 1.615854108706116 148.68987691309303 2.4141811477020365 6.6535501200705793 8.5663582645356637 3.0873227491974831 12.590535298455505 5.7984565328806648 69.869941467419267 10.06937202811241 248.41016051359475 18.657634004950523 6.5779366344213477 11.539838179945944 14.285871162079275 7.4738008156418791 70.799751108512282 3.7752877175807953 68.149080134928226 0.71979607827961434 101.07866668701172 13.020682368427513 15.372641600668429 1.6378281200304616 8.7981350831687433 4.2518363632261735 233.6967651527375 5.7793643772602081
leaf_count=279 630 243 79 682 41 41 36 15 224 68 680 29 661 46 25 41 125 21 235 35 200 36 301 51 32 26 30 19 683 29
internal_value=1.41475e-10 0.000269678 0.000545644 -0.000700008 0.00748524 0.0108046 0.000255623 0.0338927 0.000533017 -0.00439621 -0.0123606 0.00879417 0.0010468 0.00220243 0.00190484 0.0166494 0.00130189 0.00717647 0.00833713 0.0239925 -0.000471126 -0.0360965 0.00164173 0.00520877 0.00282072 -0.0124395 0.0011671 -0.000819441 0.00207733 -0.0164451
internal_weight=1134.23 1129.67 1124.36 953.255 171.108 115.813 881.049 9.27679 55.2954 34.3127 72.2056 106.536 732.359 415.8 407.234 18.1934 20.0843 88.3429 78.2736 6.86261 316.559 2.33565 400.656 47.051 34.0303 14.2284 353.605 111.11 242.495 10.0312
internal_count=5643 5364 4734 3590 1144 458 2795 91 686 443 795 367 2113 1252 1216 82 193 285 256 50 861 115 1191 129 78 250 1062 349 713 48
is_linear=0
shrinkage=0.05


Tree=24
num_leaves=31
num_cat=0
split_feature=3 0 0 1 1 2 0 1 1 1 1 1 0 1 1 1 1 1 0 1 0 2 0 1 1 1 0 0 0 0
split_gain=7.28724 6.65081 3.74443 4.08312 1.74503 1.16626 1.11896 0.857023 0.63603 0.591955 0.489879 0.484741 0.416732 0.413644 0.372791 0.473838 0.339925 0.685783 0.312957 0.28889 0.284536 0.595799 0.501151 0.278655 0.27388 0.510324 0.315386 0.572105 0.295186 0.245393
threshold=1.0000000180025095e-35 0.94719016551971447 1.0005258917808535 0.22978158531311924 0.13023812480644378 1.0000000180025095e-35 0.98064637184143078 0.1724258300453185 0.39969064103321145 0.24118126491349462 0.39747831730420119 0.14489054663328263 0.99274280667305004 0.4120592663836723 0.22225481556685844 0.20912185341230602 0.40892034099132524 0.49711759343770373 0.98160871863365184 0.40675178096657799 1.0026161670684817 1.0000000180025095e-35 1.0021605491638186 0.35372917154755718 0.43588762641064932 0.4331352366597786 1.006665885448456 1.0059687495231631 1.0054517388343813 0.97946342825889599
decision_type=2 2 2 2 2 2 2 2 2 2 2 2 2 2 2 2 2 2 2 2 2 2 2 2 2 2 2 2 2 2
left_child=-1 -2 4 5 18 7 11 -4 10 14 20 -6 -11 -10 15 -8 19 29 -3 23 22 -22 -5 -13 25 -15 27 28 -26 -18
right_child=1 2 3 8 6 -7 9 -9 13 12 -12 16 -14 24 -16 -17 17 -19 -20 -21 21 -23 -24 -25 26 -27 -28 -29 -30 -31
leaf_value=-0.065632760027664924 -0.05771004971552101 0.0064455026545491559 0.038860275196613586 0.0021122499385065438 0.0072814650163398921 0.0093234434611120208 0.0022351561793257989 0.015387361973245124 -0.0061097532672630787 -0.0096631695203467007 0.01491601631039957 -0.013162576762963505 -0.0040003448844550251 0.0014549731898477339 0.012339732495493133 -0.014403023334148307 -0.036014142814799942 -0.013067424146963089 0.021954015439435193 0.0026285322593429996 0.011716015171486512 0.0020596827059000799 -0.012458953950730057 -0.032715959211771221 -0.0036462575969551931 0.016027847520337993 0.00033668722838367917 -0.016585846599856017 0.0031032483183117414 -0.07162848396164638
leaf_weight=4.2134830318391314 4.9286046437264295 9.1798539981245977 6.0987453572452095 17.376163732260469 2.6138428309932342 74.677991999313235 21.865593725815419 10.730698065832255 29.730470376089215 47.529251002823003 7.6953119821846476 28.340752437943596 102.66510511841625 66.882969949394464 6.4618729790672651 5.3203641958534709 1.3134836908429854 3.6034220401197672 5.0384421357884994 2.7070237863808861 16.875987906008959 298.88727684132755 8.9352821484208089 1.9472561213187862 64.220998786389828 6.6003843992948523 245.31958736106753 7.2331484779715529 21.663512915372849 0.76559113711118687
leaf_count=279 630 117 71 65 37 225 182 41 110 402 23 522 517 192 58 46 51 12 55 7 52 899 28 51 197 27 671 25 41 10
internal_value=-4.21472e-11 0.000245334 0.000499851 0.00200357 -0.00504713 0.0120031 -0.00612002 0.0238936 0.000847387 -0.00444946 0.00244016 -0.0135579 -0.00579236 -0.000414023 0.00154487 -0.00102098 -0.0149663 -0.0262613 0.0119412 -0.013021 0.0021595 0.00257577 -0.00283608 -0.0144197 -2.9328e-06 0.00276393 -0.000603689 -0.00308112 -0.00194376 -0.0491286
internal_weight=1131.42 1127.21 1122.28 882.929 239.352 91.5074 225.134 16.8294 791.421 183.842 349.77 41.2914 150.194 441.651 33.6478 27.186 38.6775 5.6825 14.2183 32.995 342.075 315.763 26.3114 30.288 411.921 73.4834 338.437 93.1177 85.8845 2.07907
internal_count=5643 5364 4734 2667 2067 337 1895 112 2330 1205 1067 690 919 1263 286 228 653 73 172 580 1044 951 93 573 1153 219 934 263 238 61
is_linear=0
shrinkage=0.05


Tree=25
num_leaves=31
num_cat=0
split_feature=0 0 1 1 1 0 0 1 1 1 0 0 1 0 2 0 0 1 2 1 1 0 0 1 0 1 0 0 0 1
split_gain=6.61034 3.90144 3.87229 1.52848 1.41365 0.914722 0.911718 0.725407 0.694577 0.661825 0.647855 0.551005 0.506191 0.502286 0.393855 0.355268 0.635098 0.381689 0.34636 0.30988 0.61629 0.357611 0.405286 0.274272 0.267967 0.288135 0.262671 0.213811 0.25227 0.197354
threshold=0.94719016551971447 1.0003185272216799 0.23423485585331394 0.1724258300453185 0.13023812480644378 1.0024572610855105 0.99085003137588512 0.38306771651262245 0.21940483245837442 0.37811809241419064 0.99274280667305004 0.96229165792465221 0.21482637957986386 1.0095460414886477 1.0000000180025095e-35 0.97491377592086803 0.98586332798004161 0.19952257433570317 1.0000000180025095e-35 0.11694122961943475 0.10320692799011727 0.96402010321617138 0.96886026859283458 0.099837975717725846 0.99907726049423229 0.27580209932826344 1.0119120478630068 1.0089096426963808 1.0099788904190066 0.37329474167124971
decision_type=2 2 2 2 2 2 2 2 2 2 2 2 2 2 2 2 2 2 2 2 2 2 2 2 2 2 2 2 2 2
left_child=-1 3 4 10 5 -3 8 9 12 14 19 29 15 -9 -4 17 -17 -5 27 20 23 -21 -23 -2 25 -8 -7 -6 -29 -10
right_child=1 2 7 6 18 26 24 13 11 -11 -12 -13 -14 -15 -16 16 -18 -19 -20 21 -22 22 -24 -25 -26 -27 -28 28 -30 -31
leaf_value=-0.057230377619609876 0.0094027290144870022 0.0090793443137690034 0.0090856177424266018 -0.035305246331478059 0.024516622016551425 0.06277372930599541 0.0012912749141432093 -0.0023667355768816766 -0.028296373184494485 0.014500494284628086 0.030655098527256543 -0.012450273887005441 0.025792183329508996 0.00088675759623981919 0.0015843689765801022 0.013285681990929388 -0.012086718525200798 -0.0059505396302281357 0.0083206245374975365 -0.020205095069000006 0.031190126531345494 0.023503581810003685 -0.0013549220231708072 -0.012953493165984722 -0.010267584308476803 -0.0047942783070263964 0.033851505003049114 0.0025133850814920145 0.018079668743221974 -0.060848009153292353
leaf_weight=5.0231242372828993 4.3100801841355914 1.9537696093320835 18.636896541342139 1.6321713365614421 5.3717594947665956 2.123597946017981 25.427216521464288 219.67489971406758 1.7917432286776596 11.046436890959738 2.3556586066260925 63.363695946056396 1.5039347093552358 257.90102650783956 286.56740837637335 5.0476029915735108 4.8229785454459488 3.4440272201318294 74.020640581846237 2.0862147926818606 2.6038066269829869 1.8927637981250871 12.261241738684474 2.0124805606901646 16.154953373596072 82.753513412550092 1.245436158031225 4.1037559211254102 7.1160956658422947 0.62912457296624769
leaf_count=692 61 12 55 61 31 39 137 704 93 38 33 736 18 733 882 65 56 40 213 50 34 31 138 22 109 464 16 9 35 36
internal_value=-3.10393e-11 0.000255794 0.00176687 -0.00548762 0.0112552 0.0362976 -0.00696235 0.000620184 -0.0110468 0.00247758 0.00558114 -0.0133447 -0.00185776 -0.000609781 0.00204242 -0.00463987 0.000888181 -0.0153891 0.00978418 0.00323415 0.0107178 -0.000879204 0.00196932 0.00228671 -0.0042609 -0.00336391 0.052082 0.0163136 0.0123862 -0.0367558
internal_weight=1128.88 1123.85 889.762 234.093 95.9351 5.3228 206.571 793.827 82.2353 316.251 27.5222 65.7846 16.4507 477.576 305.204 14.9468 9.87058 5.0762 90.6123 25.1666 8.92637 16.2402 14.154 6.32256 124.336 108.181 3.36903 16.5916 11.2199 2.42087
internal_count=5643 4951 2767 2184 355 67 1815 2412 1105 975 369 865 240 1437 937 222 121 101 288 336 117 219 169 83 710 601 55 75 44 129
is_linear=0
shrinkage=0.05


Tree=26
num_leaves=31
num_cat=0
split_feature=0 0 1 1 0 1 0 0 1 1 0 1 0 1 2 1 0 1 0 0 2 1 0 1 1 1 1 1 0 2
split_gain=6.06638 3.43531 3.44464 1.38556 1.37329 0.908462 0.614751 0.571287 0.704906 0.566612 0.722109 0.714651 0.667586 0.972627 0.399667 0.316926 0.454291 0.314178 0.30022 0.306817 0.290555 0.244459 0.243503 0.233675 0.233495 0.799432 0.281132 0.413994 0.204992 0.193521
threshold=0.94719016551971447 1.0024572610855105 0.23423485585331394 0.21428571428571427 0.99017381668090831 0.14090327673584016 1.0210939049720766 1.0119120478630068 0.13023812480644378 0.11694122961943475 0.98864948749542247 0.10320692799011727 0.96325367689132702 0.20221332068357303 1.0000000180025095e-35 0.47828749779811258 1.0054517388343813 0.51874248257836753 0.98104506731033336 0.98910450935363781 1.0000000180025095e-35 0.18098615146014072 1.0022736787796023 0.20221332068357303 0.19952257433570317 0.19295674362812887 0.1724258300453185 0.17908860519030648 1.0046191215515139 1.0000000180025095e-35
decision_type=2 2 2 2 2 2 2 2 2 2 2 2 2 2 2 2 2 2 2 2 2 2 2 2 2 2 2 2 2 2
left_child=-1 3 5 9 18 7 14 8 -3 10 11 -2 21 24 -4 -16 17 28 29 -20 23 -11 -6 -7 25 26 -14 -28 -17 -5
right_child=1 2 6 4 22 20 -8 -9 -10 12 -12 -13 13 -15 15 16 -18 -19 19 -21 -22 -23 -24 -25 -26 -27 27 -29 -30 -31
leaf_value=-0.056786178140685234 -0.0017381350822980497 0.062093692655224353 0.008158815903787869 0.00046373687975141188 -0.0033770825288441247 0.023442641947537611 0.010005302184040428 0.011892257940476389 0.019352809656381535 -0.014205820227593034 0.045289464722843224 0.030682180889926393 0.0036044793809998747 0.036508061184152382 0.0011344174739979882 -0.021140269620472385 -0.00015167831721130023 -0.0035919586051963389 -0.0077350890981451609 -0.023873002092662986 0.0085555741269902601 -0.047446843952390551 -0.013022213735069302 0.0099801424821531516 -0.0060818935969342344 0.034072322076760524 -0.0285322988633811 -0.0014641738706703395 -0.0059326057796144777 -0.01708386622194483
leaf_weight=4.6835723777694502 5.7795769600197655 2.0106920134276147 16.940303036943078 1.6671962458640361 167.68550229468383 6.49783265031874 17.680216897279024 2.7878798693418503 1.8543580286204813 1.9525664143729948 1.5231725554913271 2.4080191450193524 20.310238433070488 1.9388439818285395 472.95663018687628 4.9368631653487665 198.25091408519074 28.790017280727625 32.203850231715478 3.2417469770880407 65.73318331502378 0.77167952200397838 6.8094922080636016 6.3961896561086178 10.707477210788054 1.8813293166458596 1.7996569811366478 6.5679126908071339 4.0205203518271446 27.2895112039987
leaf_count=692 75 39 50 48 883 34 70 20 11 47 28 33 207 32 1439 25 531 79 292 70 194 28 22 23 56 13 47 93 18 444
internal_value=3.20187e-11 0.000236749 0.00188498 -0.00440152 -0.00605653 0.0114029 0.000793379 0.0291439 0.0415876 0.00270443 0.0136777 0.00779687 0.000384377 0.00189804 0.00056901 0.000387653 -0.00110891 -0.00613635 -0.0122966 -0.00921101 0.00990174 -0.0236218 -0.00375347 0.0167645 0.00027195 0.00249824 0.000426913 -0.00728586 -0.0143143 -0.0160736
internal_weight=1128.08 1123.39 828.856 294.538 238.897 85.2801 743.575 6.65293 3.86505 55.6405 9.71077 8.1876 45.9297 43.2055 725.895 708.955 235.998 37.7474 64.4023 35.4456 78.6272 2.72425 174.495 12.894 41.2666 30.5591 28.6778 8.36757 8.95738 28.9567
internal_count=5643 4951 2533 2418 1759 321 2212 70 50 659 136 108 523 448 2142 2092 653 122 854 362 251 75 905 57 416 360 347 140 43 492
is_linear=0
shrinkage=0.05


Tree=27
num_leaves=31
num_cat=0
split_feature=0 0 1 1 0 2 1 1 0 0 1 0 2 1 0 0 1 1 1 1 0 1 0 0 0 0 1 1 0 0
split_gain=5.57505 3.354 3.70461 1.10699 1.12596 1.04408 0.951328 0.531318 0.740508 0.389021 0.377248 0.346097 0.322751 0.311806 0.296976 0.277257 0.255868 0.209119 0.493141 0.268961 0.20854 0.255407 0.203225 0.331562 0.247946 0.241929 0.244805 0.220301 0.184331 0.271805
threshold=0.94719016551971447 1.0003185272216799 0.24281227281611953 0.18098615146014072 0.98064637184143078 1.0000000180025095e-35 0.1724258300453185 0.2987527791406055 1.0095460414886477 0.99274280667305004 0.27580209932826344 1.003109395503998 1.0000000180025095e-35 0.28737043209146557 0.99732896685600292 0.95644930005073558 0.26681223713569163 0.40892034099132524 0.49711759343770373 0.40675178096657799 0.99400904774665844 0.29634171593001191 0.98210522532463085 0.98753023147583019 0.98992896080017101 0.99615857005119335 0.21628510638657847 0.21151296732803163 1.0135017633438113 1.0124326944351199
decision_type=2 2 2 2 2 2 2 2 2 2 2 2 2 2 2 2 2 2 2 2 2 2 2 2 2 2 2 2 2 2
left_child=-1 3 5 9 15 6 -3 11 -9 -2 16 -4 -13 -12 -11 -5 22 19 -19 -17 21 -15 -6 -24 27 -26 -27 -25 29 -14
right_child=1 2 7 4 10 -7 -8 8 -10 14 13 12 28 20 -16 17 -18 18 -20 -21 -22 -23 23 24 25 26 -28 -29 -30 -31
leaf_value=-0.056364654012945749 0.0019462810541570981 0.037709323085871105 0.013587404367836807 -0.035736495536936745 0.010776155710412599 0.0079815081827791217 0.013699975101740747 -0.0018863948191695291 0.0014216787051485342 0.035096746363487766 -0.021632485373412294 0.011047459234615619 0.001988649576757063 0.0073107261262168894 0.0033031082944599841 -0.013665754527352657 0.011185137813509874 -0.044871344627719689 -0.01230985977248515 0.0030062164412484895 -0.0041306240659963129 -0.0092530952020877417 -0.014779343970075543 0.027124607277838664 -0.006525647108126845 -0.006703081047263363 0.0090548387918183686 0.00073357573571457377 0.0071387905922210317 -0.007520607558816156
leaf_weight=4.3700542875958481 26.695043797837574 5.8052224982529905 8.2626773081719858 1.505877646151929 2.8874680171720675 86.12511376477778 14.261692550033329 309.91333582345396 372.5007061297074 1.6570263328030699 3.1765836682170621 10.811102079227565 61.40336911380291 2.4562053689733139 1.3192352950572965 24.652207466540862 4.1003059223294249 1.7215513307601202 3.5826008934527636 2.682325452566146 75.024427054915577 44.343186962301843 5.1182940781582138 1.3878888359759032 15.758347038179638 3.9035507291555387 6.6865549795329571 1.837933470495045 13.847541239112614 8.5624543055891973
leaf_count=692 382 71 26 102 23 280 53 1047 1054 29 33 30 139 15 17 413 46 47 12 4 384 382 96 19 93 21 37 29 41 26
internal_value=-6.46836e-11 0.000219535 0.00160959 -0.00515677 -0.00648866 0.0103746 0.0206457 0.000424335 -8.06586e-05 0.00385793 -0.00479417 0.00377378 0.00291684 -0.00616774 0.0210041 -0.0147605 -0.000674805 -0.0137927 -0.0228782 -0.0120297 -0.00576449 -0.00838376 -0.00196883 -0.00302959 -0.000996114 -0.00259801 0.00324641 0.0120881 0.00186807 0.000824902
internal_weight=1126.36 1121.99 891.493 230.497 200.825 106.192 20.0669 785.301 682.414 29.6713 166.681 102.887 94.6245 125 2.97626 34.1446 41.6803 32.6387 5.30415 27.3345 121.824 46.7994 37.58 34.6926 29.5743 26.3485 10.5901 3.22582 83.8134 69.9658
internal_count=5643 4951 2767 2184 1756 404 124 2363 2101 428 1178 262 236 814 46 578 364 476 59 417 781 397 318 295 199 151 58 48 206 165
is_linear=0
shrinkage=0.05


Tree=28
num_leaves=31
num_cat=0
split_feature=0 0 1 1 1 0 1 1 1 2 1 0 1 0 0 0 0 0 1 0 1 0 2 0 0 1 0 1 0 1
split_gain=5.13566 3.49351 3.34021 1.13681 1.06808 1.11797 0.794594 0.448194 0.604335 0.477874 0.443347 0.461538 0.351681 0.301269 0.484989 0.297272 0.479976 0.273287 0.245545 0.615919 0.517789 0.41069 0.235655 0.216396 0.287132 0.333982 0.267581 0.205558 0.302005 0.197229
threshold=0.94719016551971447 1.0024572610855105 0.23423485585331394 0.14251709788741965 0.18098615146014072 0.99085003137588512 0.13023812480644378 0.38306771651262245 0.37811809241419064 1.0000000180025095e-35 0.21940483245837442 0.96229165792465221 0.1843681459754572 0.99045953154563915 0.98818886280059826 0.98586332798004161 0.97828197479248058 1.0147185325622561 0.27309141048548752 1.0021605491638186 0.28737043209146557 0.99963870644569408 1.0000000180025095e-35 1.0107315182685854 1.0115702152252199 0.56572620886941671 1.0027383565902712 0.4120592663836723 1.0062195062637331 0.2935602152507647
decision_type=2 2 2 2 2 2 2 2 2 2 2 2 2 2 2 2 2 2 2 2 2 2 2 2 2 2 2 2 2 2
left_child=-1 4 3 6 13 10 -3 8 9 -4 12 -12 -6 14 -2 16 -14 -11 19 21 -20 -7 -15 26 25 -25 -9 28 -28 -22
right_child=1 2 7 -5 5 18 -8 23 -10 17 11 -13 15 22 -16 -17 -18 -19 20 -21 29 -23 -24 24 -26 -27 27 -29 -30 -31
leaf_value=-0.055956511665368594 0.0029568768244271244 0.051200472794904729 0.010189723831375355 0.0096156806573164041 -0.023868310685529175 -0.001105051746272025 0.01617127998537907 0.0080945981331370428 0.013299648315055108 0.0006061989384586455 -0.034666630470195837 -0.011494890183484941 -0.0046876971472469553 0.022518376142194235 -0.02483168758677104 -0.012623940750497692 0.018521790676498145 0.0048557987806366158 -0.020768369154356269 -0.015789429116280895 0.004006116169403379 0.010673712161939288 0.0055030546395503956 0.0016988810784097294 0.00022795555527942843 0.013273147122704635 -0.0012508624682773897 -0.0010535602574755086 -0.012235434982588974 -0.0043035421685761162
leaf_weight=4.0855631462327429 23.467122784815732 2.8387238616123787 16.183752123266459 77.453319869935513 1.693887153174727 24.891928512603045 3.7675433028489351 7.3235464282333842 12.014690712094305 219.27694374043494 2.2253918517380944 62.577229750924744 5.3239477050956321 3.26251997705549 1.6827333085238922 3.2279109931550911 3.8300583781674504 45.720670472830534 4.6720303539186707 5.3601130694150916 7.5657843798398963 10.531373262405394 5.4077380057424289 18.196182101964954 199.0057446397841 9.4798074364662153 15.063348616240548 189.18224398000166 10.703577676787971 127.11367069417611
leaf_count=692 342 55 49 248 36 138 18 24 38 647 129 736 85 49 23 42 31 150 26 8 20 38 34 39 571 22 60 561 51 681
internal_value=5.60502e-12 0.000204294 0.00186749 0.0113138 -0.0044883 -0.00557945 0.0312234 0.000797548 0.00231802 0.00184878 -0.0105436 -0.0122906 -0.00250051 0.00386841 0.00109759 0.000422675 0.00502321 0.00133939 -0.00340573 6.5922e-06 -0.0044044 0.00239678 0.0119057 -0.000195419 0.000891578 0.00566339 -0.00130398 -0.0016242 -0.00581385 -0.00383674
internal_weight=1123.13 1119.04 826.21 84.0596 292.833 259.013 6.60627 742.151 293.196 281.181 78.8784 64.8026 14.0758 33.8201 25.1499 12.3819 9.15401 264.998 180.135 40.7834 139.351 35.4233 8.67026 448.954 226.682 27.676 222.273 214.949 25.7669 134.679
internal_count=5643 4951 2533 321 2418 1970 73 2212 884 846 1059 865 194 448 365 158 116 797 911 184 727 176 83 1328 632 61 696 672 111 701
is_linear=0
shrinkage=0.05


Tree=29
num_leaves=31
num_cat=0
split_feature=0 0 1 1 0 2 1 0 0 1 0 0 0 1 1 1 2 1 1 1 0 0 0 0 1 1 1 1 0 0
split_gain=4.8024 3.1004 3.21325 1.12757 0.93169 0.867562 1.02189 0.53155 0.496112 0.446158 0.434714 0.374424 0.497438 0.363445 0.371524 0.339324 0.332349 0.329127 0.310817 0.289267 0.286259 0.256982 0.368445 0.34183 0.234106 0.217332 0.217076 0.278191 0.213851 0.209787
threshold=0.95062851905822765 1.0005258917808535 0.2935602152507647 0.14489054663328263 0.98064637184143078 1.0000000180025095e-35 0.1724258300453185 1.0151659846305849 1.0041160583496096 0.094540068338733088 0.94719016551971447 0.98910450935363781 0.98586332798004161 0.24118126491349462 0.22225481556685844 0.23423485585331394 1.0000000180025095e-35 0.25034834137079881 0.21482637957986386 0.59019115624494478 0.99400904774665844 1.0090985298156741 1.0132124423980715 1.0086613893508913 0.34679022002584597 0.45673600736440706 0.10320692799011727 0.11694122961943475 1.0106796026229861 1.0114329457283022
decision_type=2 2 2 2 2 2 2 2 2 2 2 2 2 2 2 2 2 2 2 2 2 2 2 2 2 2 2 2 2 2
left_child=9 3 5 11 -5 6 -3 19 17 10 -1 12 26 14 16 -10 -6 18 -7 21 -15 23 -23 -4 -24 -25 -2 -28 -21 -8
right_child=1 2 7 4 13 8 29 -9 15 -11 -12 -13 -14 20 -16 -17 -18 -19 -20 28 -22 22 24 25 -26 -27 27 -29 -30 -31
leaf_value=-0.054867838823669718 -0.0011256309667039921 0.034814417805495018 -0.0010816482696310271 -0.01314817081423874 0.0078820629079322645 0.015207348648956776 0.0079221713336889189 0.0027288178262304522 0.0071522445963829381 -0.056434113554273482 0.023402555495514274 0.027402210250414401 -0.020681017461944447 -0.0081878113753641023 0.011521725510616506 0.0021265442016031146 -0.0059584012195077777 0.02019461505574582 0.0037211981862352813 -0.0020611292299728048 -0.0036937015279682062 0.002202884498251454 -0.0090036159454573283 -0.0181854264110087 -0.0009339908209634308 -0.0033800858602080911 0.028717390908863629 0.0075762836074373605 -0.008882320697492254 0.018269205099715146
leaf_weight=0.33583186252508213 4.9524340666830602 5.3506462294608381 254.63173078373075 36.928185170749202 5.9104554075747791 10.039353832602503 18.098993888124827 137.5862281601876 62.556234303861856 4.0630569124623435 0.37603048607707024 1.9895985275506962 1.7605122588574875 57.234478569240309 6.2536294157616785 72.52429636567831 16.297517836093903 7.9409344568848601 14.249270617961882 35.254934016615152 93.022938376758248 157.69290408119559 10.524165134876965 4.7998313345015031 61.559865031391382 5.1257553361356258 1.9319840325042585 7.9971607532352209 17.045917928218842 6.7167790457606307
leaf_count=112 65 71 857 648 79 32 55 412 194 621 5 32 20 533 61 198 141 25 38 94 468 412 49 24 195 19 27 87 40 29
internal_value=4.93218e-11 0.000214092 0.00157259 -0.00489854 -0.00591814 0.00719112 0.0149959 -4.9007e-05 0.0057839 -0.0500367 -0.0135227 0.00690254 0.00445175 -0.00442422 0.000756529 0.00445396 -0.00227488 0.0113579 0.00846883 -0.000748176 -0.00540555 -0.000374053 0.000849203 -0.00143649 -0.00211214 -0.0105397 0.007425 0.0116899 -0.0042843 0.0107228
internal_weight=1120.75 1115.98 881.698 234.279 215.647 197.477 30.1664 684.221 167.31 4.77492 0.711862 18.6317 16.6421 178.719 28.4616 135.081 22.208 32.2296 24.2886 546.635 150.257 494.334 229.777 264.557 72.084 9.92559 14.8816 9.92914 52.3009 24.8158
internal_count=5643 4905 2744 2161 1930 642 155 2102 487 738 117 231 199 1282 281 392 220 95 70 1690 1001 1556 656 900 244 43 179 114 134 84
is_linear=0
shrinkage=0.05


Tree=30
num_leaves=31
num_cat=0
split_feature=0 0 1 2 1 0 1 0 1 1 0 1 0 0 1 1 0 1 1 0 1 0 1 1 0 1 2 0 1 1
split_gain=4.19433 2.7971 2.89015 1.15335 0.871393 0.812487 0.763979 0.460454 0.511914 0.431387 0.37912 0.361038 0.342184 0.323173 0.312997 0.33423 0.306152 0.279634 0.261051 0.420627 0.254008 0.4925 0.226744 0.23069 0.221431 0.251181 0.214303 0.236426 0.212523 0.23768
threshold=0.95062851905822765 1.0001042485237124 0.24281227281611953 1.0000000180025095e-35 0.14090327673584016 0.9798572063446046 0.123658256191998 1.0151659846305849 0.43588762641064932 0.094540068338733088 0.94719016551971447 0.24118126491349462 1.0119120478630068 0.99017381668090831 0.22225481556685844 0.14489054663328263 0.98910450935363781 0.28561841023963047 0.42271140791017331 0.96943217515945446 0.24281227281611953 0.99615857005119335 0.4331352366597786 0.28561841023963047 1.0221634507179262 0.46238084255376605 1.0000000180025095e-35 1.0089096426963808 0.11694122961943475 0.40675178096657799
decision_type=2 2 2 2 2 2 2 2 2 2 2 2 2 2 2 2 2 2 2 2 2 2 2 2 2 2 2 2 2 2
left_child=9 3 4 20 6 18 12 8 22 10 -1 14 -3 16 15 -7 17 -13 28 -20 21 -2 23 -4 -9 -26 27 -6 -5 -30
right_child=1 2 7 5 26 11 -8 24 -10 -11 -12 13 -14 -15 -16 -17 -18 -19 19 -21 -22 -23 -24 -25 25 -27 -28 -29 29 -31
leaf_value=-0.054834782895623463 0.005051424773834262 0.061050042772134806 0.003365289307754159 0.010347153693569205 0.021419742940807163 0.015863480051473224 0.013538771953771922 0.0023251997085786814 -0.0018367812203292895 -0.055296898456165477 0.018170920241754644 -0.023819064356800621 0.024703707516115399 -0.0042852693802303476 0.01105236709883488 -0.0048497076683609655 -0.025222121883649053 -0.0070278931435940441 -0.012969758730417717 -0.051894458947666526 -0.0071789226111370731 0.035881914625734125 0.0099634989802741426 0.00022757955038629304 0.016058482095871133 0.0022987066805183684 0.0068889306604117788 0.0089407223584418716 -0.01432244681624667 0.00066931186546181822
leaf_weight=0.31155505310743947 21.401854234281934 1.6561505245044821 73.188114706426859 1.0296235089190329 5.6486364621669081 2.221204422414309 4.6979333870112896 131.74821086414158 269.0634659351781 3.7271657696910552 0.4143071211874485 2.7038838671869589 1.0633179247379301 102.35582264512777 5.8035226359497747 15.808703162707387 2.9575932505540541 29.882382177282125 1.854818613501265 1.1090194061398504 3.7172168898396185 1.3787949858233322 6.9605505205690852 293.46795562002808 6.5602041855454427 6.7081589996814728 80.52317832224071 11.569670474156736 25.610520262620415 2.9481310253031543
leaf_count=112 325 38 197 18 32 15 30 378 770 621 5 72 15 608 55 142 66 201 25 25 56 19 27 959 25 27 250 42 478 10
internal_value=3.66625e-11 0.00019365 0.00143973 -0.00484553 0.0092254 -0.00618014 0.0257476 0.000400326 -0.000173917 -0.0484292 -0.0131646 -0.00472953 0.0468385 -0.00571164 0.00095291 -0.00229794 -0.00981916 -0.00842116 -0.0133874 -0.0275347 0.00493995 0.00691744 0.00102361 0.000853897 0.00294524 0.00910188 0.00797156 0.0130346 -0.0119702 -0.0127748
internal_weight=1118.09 1113.64 892.856 220.783 105.159 194.285 7.4174 787.697 642.68 4.45303 0.725862 161.733 2.71947 137.9 23.8334 18.0299 35.5439 32.5863 32.5521 2.96384 26.4979 22.7806 373.617 366.656 145.017 13.2684 97.7415 17.2183 29.5883 28.5587
internal_count=5643 4905 2790 2115 407 1715 83 2383 1953 738 117 1159 53 947 212 157 339 273 556 50 400 344 1183 1156 430 52 324 74 506 488
is_linear=0
shrinkage=0.05


Tree=31
num_leaves=31
num_cat=0
split_feature=0 0 1 1 2 1 0 0 2 1 0 0 0 1 1 0 1 0 1 0 1 1 1 1 1 0 0 1 1 0
split_gain=4.03896 2.57106 2.84526 1.14135 0.821719 1.3826 0.605205 0.452681 0.318881 0.298758 0.31452 0.270132 0.359603 0.261521 0.249746 0.259552 0.24964 0.24423 0.30008 0.21747 0.20262 0.181346 0.170812 0.464506 0.559536 0.170499 0.334491 0.155927 0.338518 0.154766
threshold=0.94719016551971447 0.99871438741683971 0.27230952254713048 0.14489054663328263 1.0000000180025095e-35 0.1724258300453185 0.98064637184143078 1.0095460414886477 1.0000000180025095e-35 0.21940483245837442 0.95812407135963451 0.9982123374938966 0.99400904774665844 0.20520955805752381 0.34207262305735225 1.0034679770469668 0.35372917154755718 0.97567933797836315 0.19952257433570317 1.0049057602882387 0.17579654286987725 0.25624230313774327 0.16649728177469464 0.19676852479463883 0.23095469746876826 1.0105255246162417 1.0067759156227114 0.32395561338480533 0.33344261690064286 0.95475226640701305
decision_type=2 2 2 2 2 2 2 2 2 2 2 2 2 2 2 2 2 2 2 2 2 2 2 2 2 2 2 2 2 2
left_child=-1 3 4 -2 5 25 9 14 22 13 29 12 -10 17 15 27 -16 18 20 -17 -5 -14 -8 -24 -25 26 -3 -4 -29 -11
right_child=1 2 7 6 -6 -7 8 -9 11 10 -12 -13 21 -15 16 19 -18 -19 -20 -21 -22 -23 23 24 -26 -27 -28 28 -30 -31
leaf_value=-0.054874351484815856 0.0068928264986978767 0.030210789213282997 -0.00051238007343446001 -0.012747733705595352 0.0055145257755050726 0.0096149136789750629 0.016591026818730713 0.0011521104366671315 -0.0074849034975260397 -0.025437566890193303 -0.013659789129144007 -0.017366768290118993 0.0048095983609736381 0.013894893873664174 -0.012144961153679235 0.011568484983294795 -0.0017829344537258467 0.0059140395038553752 -0.0014905396669685578 0.0018784101747116118 -0.037079277906618802 -0.0032476498595525372 -0.017629379548207241 0.033935944571885444 -0.0037186992982055009 0.0250369307616163 0.060682270149522669 -0.020084789191592442 0.0018072741336154037 -0.062944440141798577
leaf_weight=3.3432442993216673 18.317678601015359 2.1048952247947486 15.192714269272985 2.022466296330093 132.33526505343616 26.100688628852367 2.1933047790080291 392.77662696968764 67.038275586848613 0.68682306807022786 24.791018817573786 4.5191196622326961 7.9914887659251681 1.5846215587807808 5.9384282119572154 6.5629322808235875 274.16891072364524 2.2779152165167034 2.9955716619733721 49.168925739824772 1.483042220585048 55.368036194704473 2.2978124134242535 1.572278009727597 2.6484047742560506 1.9751915540546177 1.5741216111928222 3.6523759495466939 3.4186634067445993 0.45874305488541722
leaf_count=692 239 30 54 66 430 84 28 1101 632 65 366 44 45 28 46 29 908 39 28 161 60 261 33 21 35 23 23 29 13 30
internal_value=5.80153e-11 0.0001648 0.0012833 -0.00499742 0.00724776 0.0144709 -0.00620791 -2.01174e-05 -0.00475009 -0.0119761 -0.0148434 -0.00534876 -0.00493225 -0.00480018 -0.00130585 0.00119647 -0.00200262 -0.00817466 -0.0131112 0.0030195 -0.0230414 -0.0022314 0.00452126 0.000460093 0.0103083 0.0368866 0.0432485 -0.00336705 -0.00950055 -0.0404572
internal_weight=1116.56 1113.22 914.97 198.247 164.09 31.7549 179.929 750.88 143.629 36.3002 25.9366 134.917 130.398 10.3636 358.103 77.9956 280.107 8.779 6.50108 55.7319 3.50551 63.3595 8.7118 6.5185 4.22068 5.65421 3.67902 22.2638 7.07104 1.14557
internal_count=5643 4951 2931 2020 590 160 1781 2341 1099 682 461 982 938 221 1240 286 954 193 154 190 126 306 117 89 56 76 53 96 42 95
is_linear=0
shrinkage=0.05


Tree=32
num_leaves=31
num_cat=0
split_feature=0 0 1 1 1 1 0 1 1 1 0 0 0 0 1 1 1 1 1 1 1 0 0 1 0 0 1 0 2 0
split_gain=3.42839 2.57398 2.70328 1.1723 0.805708 0.909577 0.667199 0.536186 0.433037 0.420029 0.319705 0.306503 0.296422 0.291177 0.257233 0.284924 0.252423 0.196044 0.249298 0.28921 0.181385 0.225244 0.298842 0.182012 0.183337 0.287086 0.55599 0.249971 0.171692 0.246715
threshold=0.95062851905822765 1.0005258917808535 0.24281227281611953 0.14489054663328263 0.14090327673584016 0.123658256191998 0.99085003137588512 0.094540068338733088 0.43588762641064932 0.21940483245837442 0.94719016551971447 1.005382299423218 0.96626251935958873 0.98910450935363781 0.10320692799011727 0.11694122961943475 0.44243017579259619 0.24118126491349462 0.25968657694625313 0.28561841023963047 0.28561841023963047 1.0132124423980715 1.0092568397521975 0.43133743780922223 1.0089096426963808 1.0062195062637331 0.34129110631002918 1.0085718035697939 1.0000000180025095e-35 1.0089096426963808
decision_type=2 2 2 2 2 2 2 2 2 2 2 2 2 2 2 2 2 2 2 2 2 2 2 2 2 2 2 2 2 2
left_child=7 3 4 13 5 -3 9 10 20 -5 -1 -10 -11 14 -2 -16 -13 -8 -19 -20 21 22 -4 24 25 -22 27 -27 29 -6
right_child=1 2 8 6 28 -7 17 -9 11 12 -12 16 -14 -15 15 -17 -18 18 19 -21 23 -23 -24 -25 -26 26 -28 -29 -30 -31
leaf_value=-0.054267334078289833 -0.0034413997415493232 0.051369114784074903 0.0050747332863385992 -0.0028065996177497488 0.021345064247703743 0.01274951449113477 0.0022633668426352972 -0.054562905852817034 -0.0041507240065225062 -0.025818397551032202 0.011731226636097963 -0.0086307851302279831 -0.01026076671490065 0.026981165775238472 0.026507871727397388 0.0060533317219285442 2.0531164399834201e-05 -0.013301192103170927 0.0034956029113113866 -0.0043789232115200426 0.00055864372703173521 0.009613586168901421 -0.0021458703102059723 0.0068022064677350867 0.0016989394680136556 0.010373405156836088 -0.010092137256536602 -0.0043458723450083437 0.0068297492934186604 0.0082633952652221964
leaf_weight=0.2719021164230061 5.2057073665782836 2.2718420624732962 38.744575019925833 20.418956864159554 5.2728189472109106 4.635507769882679 14.061780143529175 3.2919666191592114 61.309181801974773 3.2260631218086919 0.56433814577758312 8.7015605680644494 60.097260486218147 1.7834939653985191 2.1232838812284163 8.5911487611010653 271.65638900315389 6.7671972941607228 13.300100123509763 94.564346327912062 109.40283424896188 13.151723276823757 22.739903720095754 12.878090571612118 205.75711397919804 6.3960132291540521 19.33539760671556 5.2536457404494286 80.954362763091922 11.389302430674432
leaf_count=112 71 52 92 336 30 30 110 621 206 146 5 23 696 32 33 95 744 36 62 544 379 45 65 42 592 40 98 16 248 42
internal_value=-8.70045e-11 0.00016915 0.00140056 -0.00453869 0.00894881 0.0254516 -0.00556887 -0.0454808 0.000382964 -0.00904255 -0.00972809 -0.000948295 -0.0110534 0.00782295 0.0056767 0.0101068 -0.000247983 -0.00330851 -0.003992 -0.00340796 0.00143182 0.00367458 0.00240421 0.000965584 0.000748436 -0.000644653 -0.00489329 0.00373545 0.00778107 0.0124032
internal_weight=1114.12 1109.99 879.85 230.139 104.524 6.90735 212.436 4.12821 775.326 83.7423 0.83624 341.667 63.3233 17.7036 15.9201 10.7144 280.358 128.693 114.632 107.864 433.659 74.6362 61.4845 359.023 346.145 140.388 30.9851 11.6497 97.6165 16.6621
internal_count=5643 4905 2744 2161 402 82 1930 738 2342 1178 117 973 842 231 199 128 767 752 642 606 1369 202 157 1167 1125 533 154 56 320 72
is_linear=0
shrinkage=0.05


Tree=33
num_leaves=31
num_cat=0
split_feature=0 0 1 1 0 1 1 1 1 1 0 0 0 1 0 1 1 0 1 1 0 2 1 0 0 1 1 1 0 0
split_gain=4.0557 2.44962 2.49564 1.06394 1.01106 0.854887 0.367558 0.373976 0.310605 0.3621 0.303522 0.336162 0.50229 0.253513 0.391259 0.305974 0.256422 0.242462 0.225847 0.203433 0.195088 0.247723 0.243653 0.222283 0.1932 0.190074 0.350755 0.290723 0.188523 0.226503
threshold=0.95062851905822765 1.0013873577117922 0.26664235018999299 0.21151296732803163 0.99274280667305004 0.14251709788741965 0.123658256191998 0.10650394626256164 0.43588762641064932 0.44243017579259619 0.97491377592086803 0.98548462986946117 0.98666656017303478 0.14251709788741965 0.9706195890903474 0.11095329689668314 0.19952257433570317 1.005382299423218 0.24118126491349462 0.17579654286987725 1.0115702152252199 1.0000000180025095e-35 0.21482637957986386 1.0057026743888857 0.99337929487228405 0.28978109326656526 0.29634171593001191 0.24848918040054449 1.0092568397521975 1.0041160583496096
decision_type=2 2 2 2 2 2 2 2 2 2 2 2 2 2 2 2 2 2 2 2 2 2 2 2 2 2 2 2 2 2
left_child=-1 3 5 10 25 6 7 -3 -4 -10 13 -12 -13 14 15 -2 19 -11 -6 -15 22 -22 28 -24 -20 27 -27 -5 29 -7
right_child=1 2 8 4 18 20 -8 -9 9 17 11 12 -14 16 -16 -17 -18 -19 24 -21 21 -23 23 -25 -26 26 -28 -29 -30 -31
leaf_value=-0.048701098442129553 -0.0055909904692194251 0.059303309359436333 0.0012148523302244944 -0.0089402136102530796 0.0064733056003328767 0.014323805912457089 0.016560476491078693 0.018668271584290321 -0.011017230835771614 -0.0035644239365664868 0.011250384988442795 -0.019822520575060728 0.0039644753696600641 -0.011145907929018132 -0.019886249595641232 0.018826509776480482 0.0008533831131936131 2.8080636417167052e-05 0.0061354731544133968 -0.035489626769061665 0.020152540944380661 0.0081432781766690582 0.0064713869680908392 0.00017554174011999085 -0.0038998922097428371 0.0095719974011738915 -0.0096353004715281996 -0.020960481094650176 0.013374963773877913 0.0040538991139699981
leaf_weight=4.2585822906330568 2.1133290645666403 1.2651183623820537 389.57805636012927 10.99842009553686 6.0448235161602488 6.828221874311569 4.5545434150844812 1.0249387659132478 8.5497281588613969 56.80532741593197 13.216034149518235 2.5328438747674253 17.927427720976993 2.7150639207102363 1.4685689983889458 3.2653566868975759 2.8318123510107398 271.16863032663241 5.0215643513947716 1.2548326929099856 5.1063788030296555 26.995386771857738 28.559506718069315 27.537767816334963 106.78203323762864 2.4830651298398143 55.594053353066556 9.2700587227591296 13.081212636083363 25.120213091373444
leaf_count=738 32 32 1226 190 41 23 31 15 23 183 155 28 179 80 19 44 24 744 39 54 26 99 77 83 569 27 543 208 36 75
internal_value=3.17775e-11 0.000186896 0.0014325 -0.00424361 -0.00586679 0.00754304 0.0247765 0.0411167 0.000253713 -0.000858953 0.00248551 0.00503473 0.00101981 -0.0038042 0.00298738 0.00923268 -0.0106413 -0.000594144 -0.00294021 -0.0188406 0.00665767 0.0100536 0.00557967 0.0033808 -0.00344916 -0.010269 -0.0088141 -0.0144378 0.008319 0.00624885
internal_weight=1113.95 1109.69 866.175 243.519 196.194 140.073 6.8446 2.29006 726.102 336.524 47.3253 33.6763 20.4603 13.649 6.84725 5.37869 6.80171 327.974 117.848 3.9699 133.229 32.1018 101.127 56.0973 111.804 78.3456 58.0771 20.2685 45.0296 31.9484
internal_count=5643 4905 2673 2232 1617 497 78 47 2176 950 615 362 207 253 95 76 158 927 649 134 419 125 294 160 608 968 570 398 134 98
is_linear=0
shrinkage=0.05


Tree=34
num_leaves=31
num_cat=0
split_feature=0 0 1 2 1 1 0 0 1 0 1 1 0 0 0 0 0 0 0 0 0 1 0 0 0 0 0 0 0 0
split_gain=3.40869 2.58159 2.3053 0.919498 0.715943 0.634028 0.709241 0.503985 0.40266 0.307206 0.239814 0.23179 0.244976 0.221479 0.21332 0.212349 0.206426 0.225269 0.209193 0.18963 0.217413 0.264557 0.185855 0.267185 0.19111 0.217909 0.184969 0.25007 0.221758 0.302033
threshold=0.99871438741683971 0.94719016551971447 0.22978158531311924 1.0000000180025095e-35 0.1724258300453185 0.13185699849200513 0.98064637184143078 1.0107315182685854 0.24118126491349462 1.0106796026229861 0.2987527791406055 0.26664235018999299 1.0210939049720766 1.0051046609878542 1.0124326944351199 0.98104506731033336 1.0026161670684817 1.0085718035697939 1.0011051297187807 0.98026236891746532 0.96325367689132702 0.37329474167124971 0.99615857005119335 0.98210522532463085 0.98666656017303478 0.98864948749542247 1.0183039903640749 1.0174878835678103 1.0190680623054507 1.0187134146690371
decision_type=2 2 2 2 2 2 2 2 2 2 2 2 2 2 2 2 2 2 2 2 2 2 2 2 2 2 2 2 2 2
left_child=1 -1 3 4 -2 15 19 9 22 10 16 14 26 -12 -9 -3 18 -18 -4 20 21 -7 23 -8 -25 -26 27 -13 29 -28
right_child=2 5 7 -5 -6 6 8 11 -10 -11 13 12 -14 -15 -16 -17 17 -19 -20 -21 -22 -23 -24 24 25 -27 28 -29 -30 -31
leaf_value=-0.053916702759283203 0.034807725033573787 0.00064486051773551736 0.0034945558304064514 0.0065410477808903883 0.012230510821938032 -0.017717660953176437 0.01177012224991722 0.00043466465010826537 -0.0055936244498103298 -0.011600454381086044 -0.0024888115758140896 0.0011940992395913766 0.0072340334267643695 1.0863903722974734e-06 0.011154576408216569 0.013914237842728494 0.004755392015234782 -0.0023548852109627682 -0.0075574366641688821 -0.029202003813407203 -0.0099127968211399631 -0.058978151969697815 0.010886953290223624 -0.011040445783803726 0.01555351402952088 -0.0027093571927764787 -0.015128738922617395 0.0065498736827482836 0.00083292294586079598 0.00055956601375300812
leaf_weight=2.7629982351463687 5.2924754656851283 8.5134867201559228 7.4097983129322555 75.652008560486138 10.433962977491317 3.865933505119755 3.6135303503833773 7.4551186710596111 119.63950272410875 6.320093445479869 154.56706294836476 270.95120310969651 17.899945683777332 211.5483614820987 12.293169565498827 4.6682648579590014 51.364729652181268 14.224456602707503 10.14187343418598 1.5368100046180178 33.210876015946269 0.43190257879905392 4.2794771473854771 5.3317097672261324 1.9690123079344619 9.5810991795733553 6.4274608641862851 23.701567804440856 20.752167604863644 5.8695079013705254
leaf_count=692 76 131 40 241 43 174 33 18 847 19 593 748 70 676 58 59 126 42 23 18 488 36 33 67 31 103 21 65 52 20
internal_value=3.47284e-10 -0.00592203 0.00129439 0.00882785 0.0198285 -0.00524766 -0.00600869 0.000455832 -0.00439218 -0.0006536 -0.0004996 0.00183925 0.0015382 -0.0010501 0.00710773 0.00534416 0.00192456 0.00321337 -0.00289161 -0.0119875 -0.0112822 -0.0218641 0.00140966 -0.000569218 -0.00321044 0.000404017 0.00122708 0.00162491 -0.00231988 -0.0076405
internal_weight=1111.71 199.405 912.305 91.3784 15.7264 196.642 183.46 820.927 144.414 455.576 449.256 365.35 345.602 366.115 19.7483 13.1818 83.1409 65.5892 17.5517 39.0455 37.5087 4.29784 24.7748 20.4954 16.8818 11.5501 327.702 294.653 33.0491 12.297
internal_count=5643 2712 2931 360 119 2020 1830 2571 1114 1519 1500 1052 976 1269 76 190 231 168 63 716 698 210 267 234 201 134 906 813 93 41
is_linear=0
shrinkage=0.05


Tree=35
num_leaves=31
num_cat=0
split_feature=0 1 0 1 1 1 0 0 1 0 0 0 0 2 1 1 1 0 1 1 0 1 0 1 1 0 0 0 0 0
split_gain=2.85622 2.45664 2.28947 1.04765 0.883074 0.636623 0.610518 0.367885 0.254006 0.271689 0.243087 0.213081 0.209219 0.206852 0.276952 0.356223 0.249806 0.272486 0.278318 0.330602 0.533125 0.451015 0.260364 0.237322 0.407161 0.220386 0.345228 0.204322 0.203037 0.20174
threshold=0.99400904774665844 0.24281227281611953 0.94719016551971447 0.21940483245837442 0.14090327673584016 0.123658256191998 1.009782671928406 0.96229165792465221 0.59802224975885498 1.0221634507179262 1.0013873577117922 1.0119120478630068 1.0149301886558535 1.0000000180025095e-35 0.14841019013525281 0.17728340782661026 0.20520955805752381 0.96402010321617138 0.090670843536945198 0.13642785763825971 0.98631688952445995 0.16649728177469464 0.97828197479248058 0.13023812480644378 0.10320692799011727 0.96535012125968944 0.98586332798004161 0.97261831164360057 0.99667009711265575 0.97567933797836315
decision_type=2 2 2 2 2 2 2 2 2 2 2 2 2 2 2 2 2 2 2 2 2 2 2 2 2 2 2 2 2 2
left_child=2 4 -1 13 5 11 10 -5 9 -8 28 -2 -10 16 -15 27 17 -4 -19 20 23 -21 -23 24 -20 -17 29 -16 -3 -27
right_child=1 6 3 7 -6 -7 8 -9 12 -11 -12 -13 -14 14 15 25 -18 18 19 21 -22 22 -24 -25 -26 26 -28 -29 -30 -31
leaf_value=-0.05357128265496941 0.05682121930038924 -0.00030183413707891675 -0.011450509020456552 -0.031522907005661051 0.0066078826038332601 0.014153780784719926 0.0016183101264745101 -0.0087313586502645001 -0.0072762487407242796 0.0093302712591426806 -0.00062805651545647556 0.026118735291088255 0.00022643781066798547 0.0067802292835289048 -0.011649090439332578 -0.020226754900916254 0.023403651908493361 0.025431207609504278 -0.0068508850196419557 0.025993524778628326 -0.027305403033353094 -0.023485331081662682 0.0080349972569397649 -0.010605366921293376 0.028712320037732504 -0.0040850511245769175 -0.01003912511094748 -0.042316811599181707 -0.0050138828582155298 0.01484115156169649
leaf_weight=2.5919509472732889 1.5314189502969378 34.840502191334963 2.8445463054813507 1.8090865671401832 108.94965229090303 4.8777116993442178 342.95289923902601 83.079790249408688 13.808260455727575 11.813816130161284 368.03331992262974 0.89561070967465628 28.409563016146421 5.4988629980944124 1.2620343910530203 1.6430415401700873 1.5898248243611295 1.5594099014997471 1.5079419985413536 2.8608847940340638 1.8562826346606014 0.94102129153907332 2.1565925301983953 1.7793000508099792 1.7260973900556562 2.2808743128553015 5.1907108766026795 0.95341618498787273 66.487534658517689 3.6792626166716218
leaf_count=692 45 175 59 129 414 35 993 911 29 48 1148 15 67 76 41 27 22 26 18 43 21 28 37 14 32 46 51 24 345 32
internal_value=1.55684e-10 0.0009114 -0.00706203 -0.00609157 0.00773626 0.0245659 -4.42268e-06 -0.00921707 0.00143882 0.00187512 -0.00122512 0.0454915 -0.00222748 0.000654438 -0.00281937 -0.0063363 0.00443947 0.00268984 0.00548552 0.00306088 -0.00441468 0.0116795 -0.00154053 0.00406104 0.0121302 -0.00313092 -0.000611899 -0.0248469 -0.0033937 0.00759832
internal_weight=1109.41 982.6 126.811 124.219 116.254 7.30474 866.346 84.8889 396.985 354.767 469.361 2.42703 42.2178 39.3301 20.5082 15.0093 18.8219 17.2321 14.3875 12.8281 6.86962 5.9585 3.09761 5.01334 3.23404 12.7939 11.1508 2.21545 101.328 5.96014
internal_count=5643 3314 2329 1637 509 95 2805 1040 1137 1041 1668 60 96 597 297 221 300 278 219 193 85 108 65 64 50 156 129 65 520 78
is_linear=0
shrinkage=0.05


Tree=36
num_leaves=31
num_cat=0
split_feature=0 0 1 1 1 0 1 0 2 0 1 1 0 0 0 1 0 1 0 0 0 1 0 0 0 2 1 0 0 1
split_gain=2.66939 2.264 2.23228 0.765962 0.654241 0.554534 0.399274 0.519516 0.36238 0.342883 0.309236 0.298971 0.221124 0.215198 0.207143 0.248579 0.347925 0.206485 0.2704 0.22139 0.190915 0.174851 0.172747 0.171326 0.170895 0.230026 0.289039 0.269105 0.163 0.279321
threshold=0.99871438741683971 0.94719016551971447 0.26664235018999299 0.20912185341230602 0.14090327673584016 0.99400904774665844 0.123658256191998 1.0119120478630068 1.0000000180025095e-35 1.0095460414886477 0.2987527791406055 0.20053140084418355 0.98104506731033336 0.99667009711265575 1.0108376741409304 0.21151296732803163 1.009347200393677 0.18098615146014072 0.98026236891746532 0.97897297143936168 0.98210522532463085 0.31078102510636002 1.0092568397521975 1.0041160583496096 0.98026236891746532 1.0000000180025095e-35 0.21940483245837442 0.96229165792465221 1.0089096426963808 0.25034834137079881
decision_type=2 2 2 2 2 2 2 2 2 2 2 2 2 2 2 2 2 2 2 2 2 2 2 2 2 2 2 2 2 2
left_child=1 -1 4 11 6 12 7 -2 28 10 -4 17 24 -7 15 22 -17 18 19 -3 -14 -12 23 -10 25 26 -5 -27 29 -6
right_child=2 3 9 5 8 13 -8 -9 14 -11 21 -13 20 -15 -16 16 -18 -19 -20 -21 -22 -23 -24 -25 -26 27 -28 -29 -30 -31
leaf_value=-0.053275102005719291 0.059469175901646645 0.00021969926054132423 0.0030635151160089361 0.027733302112552122 0.023022025402191011 -0.00029074201477392918 0.012808627788573744 0.013801513415210021 0.010240194465050886 0.0010670761457039113 -0.010688958218382184 0.019636679647633215 0.0035225273662650644 -0.0060188947856319175 0.0080387808417494901 0.0027032712776390039 -0.009712780733861618 -0.0046739318407562035 0.008566657723034268 -0.022245370538595519 -0.0079422897592703479 -0.0014178932700116076 0.01288009219212957 0.0020385498612795995 -0.026984481698669939 -0.031527155488746281 -0.014395300111019319 -0.011272206308549297 0.0079130529441139123 0.0073863858535645954
leaf_weight=2.4268204098079869 1.3046826375648373 12.225869886577131 40.577257353812456 0.81362505024299625 6.0880580646917242 36.791787577793002 4.5738220456987619 1.1914934748783705 9.2187515981495398 396.66407648473978 5.1674280930310479 2.1372801500838241 3.8821997437626115 29.577953551895916 33.727139294147491 35.701879171654582 6.7014180012047282 13.093572799814863 11.851152288028969 1.204757167957722 56.152843497984577 321.46992651931942 7.9271667525172225 20.586425922811031 1.9236590419895936 1.7704257809091384 0.81493163458071649 22.230936431325972 16.371166409924626 5.3809689693152905
leaf_count=692 40 243 108 9 38 192 31 15 34 1117 39 34 27 148 117 104 27 139 155 20 561 1117 20 58 33 121 39 299 56 10
internal_value=-4.94443e-11 -0.00528001 0.00113912 -0.00468107 0.0067424 -0.00629075 0.0215866 0.0376707 0.00600178 4.78287e-05 -0.00105316 0.00143612 -0.00890288 -0.00284352 0.0047515 0.00336796 0.000741038 0.00042246 0.00306191 -0.00179547 -0.00720091 -0.00156456 0.00632007 0.00457532 -0.0126112 -0.0115324 0.0066521 -0.0127663 0.0111153 0.0156862
internal_weight=1109.55 196.898 912.652 194.471 148.773 153.958 7.07 2.49618 141.703 763.879 367.215 40.5126 87.5886 66.3697 113.863 80.1356 42.4033 38.3754 25.2818 13.4306 60.035 326.637 37.7323 29.8052 27.5536 25.6299 1.62856 24.0014 27.8402 11.469
internal_count=5643 2712 2931 2020 550 1429 86 55 464 2381 1264 591 1089 340 360 243 131 557 418 263 588 1156 112 92 501 468 48 420 104 48
is_linear=0
shrinkage=0.05


Tree=37
num_leaves=31
num_cat=0
split_feature=0 0 1 1 0 0 2 1 0 1 0 0 0 1 1 0 1 0 1 0 1 0 0 1 1 0 0 0 0 0
split_gain=2.84665 2.12397 2.00081 0.862024 0.597124 0.454409 0.379551 0.822302 0.340511 0.236857 0.223013 0.195836 0.269423 0.224302 0.16489 0.168975 0.320902 0.212944 0.203986 0.193712 0.171192 0.202571 0.157029 0.362822 0.184274 0.198453 0.152868 0.482972 0.14877 0.37233
threshold=1.0005258917808535 0.94719016551971447 0.24281227281611953 0.1724258300453185 0.98064637184143078 1.009782671928406 1.0000000180025095e-35 0.1724258300453185 0.99045953154563915 0.28011897086739085 1.003109395503998 0.98210522532463085 0.98753023147583019 0.25296527239465244 0.16649728177469464 0.9798572063446046 0.13642785763825971 0.9706195890903474 0.14251709788741965 0.98468306660652172 0.11095329689668314 0.96325367689132702 0.99907726049423229 0.26681223713569163 0.2935602152507647 0.99400904774665844 1.0067759156227114 1.0105255246162417 0.98910450935363781 0.99017381668090831
decision_type=2 2 2 2 2 2 2 2 2 2 2 2 2 2 2 2 2 2 2 2 2 2 2 2 2 2 2 2 2 2
left_child=1 -1 6 8 -5 9 7 26 14 -4 -9 13 -13 -6 15 17 19 18 20 -17 -3 -22 24 -24 -14 28 -2 -28 -26 -30
right_child=2 3 5 4 11 -7 -8 10 -10 -11 -12 12 22 -15 -16 16 -18 -19 -20 -21 21 -23 23 -25 25 -27 27 -29 29 -31
leaf_value=-0.052990380128900338 0.019555183445254979 -0.0008567158045370382 0.0028337811611150541 -0.011699350504281943 0.014724604193133664 0.0016018335809146423 0.006364883191348693 -0.00077870514250531157 0.021592799868278278 -0.0012495158456258652 0.012465704776901959 -0.0099991166455825377 -0.00019108928068968192 -0.0035708511709157073 -0.013845241010423746 0.0099346579590236846 0.02522067609650987 -0.0096382729577980143 -0.011423358883466647 -0.0093756562060174475 0.0019492377945367159 0.027559695614903928 -0.020416818391828559 -0.0044980999156433495 -0.0020560723649344355 -0.002887341225187085 0.060508963969547129 0.021336810808985879 -0.029323581411810264 -0.0078365498708892513
leaf_weight=2.2792758524628871 1.642408874817195 2.3548586019314914 39.682410696521401 32.759790270356461 2.8314313092268995 397.00549280270934 84.494743165560067 4.7043561302125445 2.6440009074285618 338.12608837359585 9.7984428973868472 20.781955789774656 35.710298968479037 4.1027824459597468 1.4314397973939765 3.5811854461207977 2.2661305814981461 3.898801501840353 1.5003633184824137 2.0377151425927877 1.3200918242800983 1.8600629214197395 4.5294546559453037 17.066313605755568 7.274842647835615 60.152752613183111 1.388875247910619 1.8154163938015697 2.2997114208992597 16.348712478764355
leaf_count=692 25 38 87 609 22 1137 278 14 48 1118 39 234 255 30 33 26 30 74 43 28 24 25 25 107 45 304 23 23 55 152
internal_value=1.0087e-10 -0.00496466 0.00129409 -0.00448192 -0.00551505 0.000420609 0.00781144 0.0141282 0.00471729 -0.000820634 0.00816954 -0.00433096 -0.00467862 0.00389969 0.00251396 0.00375828 0.00933747 -0.000265078 0.00492928 0.0029317 0.00936195 0.0169287 -0.00390746 -0.00783686 -0.00321067 -0.00446341 0.0319583 0.0383157 -0.00812054 -0.0104863
internal_weight=1107.69 229.032 878.658 226.753 203.858 774.814 103.844 19.3495 22.8947 377.808 14.5028 171.098 164.164 6.93421 20.2506 18.8192 7.88503 10.9342 7.03538 5.6189 5.53501 3.18015 143.382 21.5958 121.786 86.076 4.8467 3.20429 25.9233 18.6484
internal_count=5643 2899 2744 2207 1838 2342 402 124 369 1205 53 1229 1177 52 321 288 84 204 130 54 87 49 943 132 811 556 71 46 252 207
is_linear=0
shrinkage=0.05


Tree=38
num_leaves=31
num_cat=0
split_feature=0 1 0 1 1 1 0 1 1 1 1 0 0 0 0 1 0 1 1 1 0 1 0 0 1 1 1 1 1 0
split_gain=2.55935 2.02416 1.98963 0.553049 0.477361 0.667858 0.456657 0.44071 0.435568 0.406076 0.301578 0.319672 0.265483 0.225608 0.169338 0.166427 0.155352 0.184351 0.281152 0.151266 0.2606 0.150272 0.145316 0.139535 0.243505 0.137448 0.20233 0.152993 0.135819 0.131037
threshold=1.0005258917808535 0.24281227281611953 0.94719016551971447 0.13023812480644378 0.14090327673584016 0.123658256191998 0.99017381668090831 0.21940483245837442 0.43588762641064932 0.20520955805752381 0.44243017579259619 1.005382299423218 0.96229165792465221 0.98160871863365184 1.015449643135071 0.2935602152507647 0.99693596363067638 0.21940483245837442 0.24281227281611953 0.59019115624494478 1.0106796026229861 0.37329474167124971 0.97747084498405468 1.0114329457283022 0.25624230313774327 0.39969064103321145 0.50110586161235482 0.34679022002584597 0.36163147795549638 1.0119120478630068
decision_type=2 2 2 2 2 2 2 2 2 2 2 2 2 2 2 2 2 2 2 2 2 2 2 2 2 2 2 2 2 2
left_child=2 4 -1 13 5 29 7 9 23 -5 -10 -12 21 22 19 16 -8 -18 -19 -13 -21 -9 -4 -3 -25 27 -27 -14 -29 -2
right_child=1 8 3 6 -6 -7 15 12 10 -11 11 14 25 -15 -16 -17 17 18 -20 20 -22 -23 -24 24 -26 26 -28 28 -30 -31
leaf_value=-0.052697131838877698 0.058461422456302738 0.00065218268368801881 0.0047511769252685443 -0.0044586277644040962 0.0069430945037309766 0.010931879803343097 0.0020676394580713443 -0.021767866200623761 -0.0098905177868472902 0.015288691125318932 -0.0040218016884243759 -9.5415559327393843e-05 -0.009981067226158144 0.015751525360485272 0.0021035095632058339 -0.0041928890014999763 -0.013312701844487424 0.010561144129806426 -0.006626918910478289 0.00057007359176147287 -0.0078410811935694155 -0.058050581481953446 -0.012047365243004125 0.011715389514415841 0.0021040395163794867 -0.0042670632174732241 -0.016142072367315598 -0.034037413266566431 -0.015011486714410783 0.030747038740154903
leaf_weight=2.1411550580669418 1.0510748373344529 256.50311825866811 6.1635879629757238 21.452262759907175 96.796207531355321 4.4813675191253424 25.290512218140066 1.3367157317697991 9.255827419459818 2.9629080465529105 60.644187405705452 163.83909568563104 28.830802057636902 4.0835999753326178 70.417833535000682 89.221963648218662 4.1550048589706412 3.5662915669381601 7.1474721226841211 18.391516923904419 18.44376865029335 0.3628393004182725 1.6272802110761402 6.8536727242171755 171.23761899955571 19.00805866857991 4.421356748789548 1.1793350842781354 4.5839746110141277 0.71775349415838707
leaf_count=692 37 849 102 341 320 30 156 93 28 55 201 458 443 55 200 543 33 21 49 41 45 36 25 26 494 95 24 42 94 15
internal_value=-9.75577e-12 0.0012239 -0.00472611 -0.0042704 0.00780785 0.0212003 -0.00485448 -0.00772186 0.000349135 -0.00206219 -0.000988546 -0.000740171 -0.0100356 0.00623209 -6.05986e-06 -0.00298978 -0.000316845 -0.00437265 -0.000905527 -0.00074632 -0.00364147 -0.0295139 0.00124246 0.00139871 0.00247392 -0.00946503 -0.00650799 -0.0114677 -0.0189047 0.0472155
internal_weight=1106.17 878.633 227.535 225.394 103.046 6.2502 213.519 84.1383 775.587 24.4152 340.992 331.736 59.7231 11.8745 271.092 129.381 40.1593 14.8688 10.7138 200.674 36.8353 1.69956 7.79087 434.594 178.091 58.0235 23.4294 34.5941 5.76331 1.76883
internal_count=5643 2744 2899 2207 402 82 2025 1223 2342 396 973 945 827 182 744 802 259 103 70 544 86 129 127 1369 520 698 119 579 136 52
is_linear=0
shrinkage=0.05


Tree=39
num_leaves=31
num_cat=0
split_feature=0 0 1 1 0 1 1 0 2 0 1 1 1 0 1 0 0 0 0 1 1 2 1 0 0 1 1 1 1 1
split_gain=2.60933 1.8857 1.73589 0.690819 0.763448 0.661998 0.498494 0.490691 0.220816 0.213349 0.201232 0.291701 0.300949 0.19849 0.196864 0.22667 0.195787 0.181803 0.176808 0.171586 0.170603 0.182462 0.193323 0.330979 0.167102 0.181012 0.148705 0.144261 0.20744 0.14352
threshold=1.0024572610855105 0.94719016551971447 0.28561841023963047 0.20912185341230602 0.99017381668090831 0.14251709788741965 0.13023812480644378 1.0151659846305849 1.0000000180025095e-35 1.0051046609878542 0.123658256191998 0.10320692799011727 0.099837975717725846 1.0027383565902712 0.23423485585331394 1.0055145621299746 1.0119120478630068 1.0022736787796023 0.97491377592086803 0.57368602263274837 0.39969064103321145 1.0000000180025095e-35 0.21940483245837442 0.98210522532463085 0.96325367689132702 0.13642785763825971 0.087465526655320827 0.19295674362812887 0.18098615146014072 0.22252536311988705
decision_type=2 2 2 2 2 2 2 2 2 2 2 2 2 2 2 2 2 2 2 2 2 2 2 2 2 2 2 2 2 2
left_child=1 -1 5 10 19 6 16 9 -7 13 11 12 18 -4 29 -16 -2 -6 -3 20 21 22 -5 -24 25 -12 -20 28 -26 -10
right_child=2 3 7 4 17 8 -8 -9 14 -11 24 -13 -14 -15 15 -17 -18 -19 26 -21 -22 -23 23 -25 27 -27 -28 -29 -30 -31
leaf_value=-0.052406524055491649 0.058601687510319078 -0.0030506274113117149 0.0047327256654058712 0.016639153587046034 -0.0028546655422650303 0.0098103820008007287 0.012246245793640734 0.0029307145086156913 0.0058498394966011958 6.1600459219195568e-05 0.0054259634676095524 0.019740449871431032 -0.015762682075637188 -0.0032754760961210857 0.0080799756426096804 0.0012371756592414527 0.026085700603122892 -0.011244269810422789 0.031023261774740008 -0.026572174482746125 -0.005744201594993361 -0.012231243167244124 -0.028586997571859951 0.014130271863346623 0.00096955500850160869 -0.027415272928935992 0.005720898262472544 0.0052083757773402368 -0.010401452194244468 0.013636964260369054
leaf_weight=2.0082132328134312 1.0368687198497344 1.7542644781060497 8.4974195547401887 1.1561691062524908 165.59304038179107 24.631268031895161 3.5775657165795565 138.57655897736549 57.15503903478384 424.12170262355357 0.67890927218831976 3.4844680386595428 1.7684074789285658 86.539231285918504 15.67971385270357 53.04344779625535 0.8363746441900729 6.7194358482956877 1.1260474380105736 1.4605073928832997 22.273679199628532 35.692527194914874 1.0131161056924609 0.82085669087246049 19.056324111996222 1.0983974395785479 1.1990040633827446 12.418010586174203 5.0800579625647506 6.6002484671771517
leaf_count=692 39 30 36 16 888 89 18 415 167 1245 11 62 24 280 47 156 16 22 22 10 141 647 42 17 247 56 20 81 82 25
internal_value=-8.20194e-11 -0.00412698 0.00143085 -0.00378364 -0.00489803 0.00605746 0.0231876 0.00028737 0.00546314 -0.000418206 0.00170436 0.00828868 0.00146494 -0.00255945 0.00465488 0.00279841 0.0440838 -0.00318182 0.00893322 -0.0096359 -0.00923011 -0.0112373 0.000626945 -0.00946744 0.000101345 -0.0148703 0.0179751 0.00082928 -0.00142374 0.006656
internal_weight=1104.7 284.401 820.295 282.393 234.729 162.561 5.45081 657.735 157.11 519.158 47.6639 9.33219 5.84772 95.0367 132.478 68.7232 1.87324 172.312 4.07932 62.4169 60.9563 38.6827 2.99014 1.83397 38.3317 1.77731 2.32505 36.5544 24.1364 63.7553
internal_count=5643 3110 2533 2418 1783 557 73 1976 484 1561 635 158 96 316 395 203 55 910 72 873 863 722 75 59 477 67 42 410 329 192
is_linear=0
shrinkage=0.05


end of trees

feature_importances:
cf_score=559
content_score=538
segment_match=84
income_eligible=19

parameters:
[boosting: gbdt]
[objective: lambdarank]
[metric: ndcg]
[tree_learner: serial]
[device_type: cpu]
[data_sample_strategy: bagging]
[data: ]
[valid: ]
[num_iterations: 300]
[learning_rate: 0.05]
[num_leaves: 31]
[num_threads: 0]
[seed: 42]
[deterministic: 0]
[force_col_wise: 0]
[force_row_wise: 0]
[histogram_pool_size: -1]
[max_depth: -1]
[min_data_in_leaf: 20]
[min_sum_hessian_in_leaf: 0.001]
[bagging_fraction: 1]
[pos_bagging_fraction: 1]
[neg_bagging_fraction: 1]
[bagging_freq: 0]
[bagging_seed: 400]
[bagging_by_query: 0]
[feature_fraction: 1]
[feature_fraction_bynode: 1]
[feature_fraction_seed: 30056]
[extra_trees: 0]
[extra_seed: 12879]
[early_stopping_round: 0]
[early_stopping_min_delta: 0]
[first_metric_only: 0]
[max_delta_step: 0]
[lambda_l1: 0]
[lambda_l2: 0]
[linear_lambda: 0]
[min_gain_to_split: 0]
[drop_rate: 0.1]
[max_drop: 50]
[skip_drop: 0.5]
[xgboost_dart_mode: 0]
[uniform_drop: 0]
[drop_seed: 17869]
[top_rate: 0.2]
[other_rate: 0.1]
[min_data_per_group: 100]
[max_cat_threshold: 32]
[cat_l2: 10]
[cat_smooth: 10]
[max_cat_to_onehot: 4]
[top_k: 20]
[monotone_constraints: ]
[monotone_constraints_method: basic]
[monotone_penalty: 0]
[feature_contri: ]
[forcedsplits_filename: ]
[refit_decay_rate: 0.9]
[cegb_tradeoff: 1]
[cegb_penalty_split: 0]
[cegb_penalty_feature_lazy: ]
[cegb_penalty_feature_coupled: ]
[path_smooth: 0]
[interaction_constraints: ]
[verbosity: -1]
[saved_feature_importance_type: 0]
[use_quantized_grad: 0]
[num_grad_quant_bins: 4]
[quant_train_renew_leaf: 0]
[stochastic_rounding: 1]
[linear_tree: 0]
[max_bin: 255]
[max_bin_by_feature: ]
[min_data_in_bin: 3]
[bin_construct_sample_cnt: 200000]
[data_random_seed: 175]
[is_enable_sparse: 1]
[enable_bundle: 1]
[use_missing: 1]
[zero_as_missing: 0]
[feature_pre_filter: 1]
[pre_partition: 0]
[two_round: 0]
[header: 0]
[label_column: ]
[weight_column: ]
[group_column: ]
[ignore_column: ]
[categorical_feature: ]
[forcedbins_filename: ]
[precise_float_parser: 0]
[parser_config_file: ]
[objective_seed: 16083]
[num_class: 1]
[is_unbalance: 0]
[scale_pos_weight: 1]
[sigmoid: 1]
[boost_from_average: 1]
[reg_sqrt: 0]
[alpha: 0.9]
[fair_c: 1]
[poisson_max_delta_step: 0.7]
[tweedie_variance_power: 1.5]
[lambdarank_truncation_level: 30]
[lambdarank_norm: 1]
[label_gain: 0,0.5,1]
[lambdarank_position_bias_regularization: 0]
[eval_at: 3,10]
[multi_error_top_k: 1]
[auc_mu_weights: ]
[num_machines: 1]
[local_listen_port: 12400]
[time_out: 120]
[machine_list_filename: ]
[machines: ]
[gpu_platform_id: -1]
[gpu_device_id: -1]
[gpu_use_dp: 0]
[num_gpu: 1]

end of parameters

pandas_categorical:[]
